{
  "type": "FeatureCollection",
  "features": [
    {
      "type": "Feature",
      "geometry": {
        "type": "Point",
        "coordinates": [
          121.400061,
          25.147094
        ]
      },
      "properties": {
        "no": 2330000000.0,
        "name": "八里區衛生所",
        "tel": "2610-1902",
        "address": "新北市八里區舊城路16號",
        "type": "衛生所",
        "remark": "如要接種，請先致電詢問疫苗庫存",
        "reservation": "網路、現場",
        "own_expense": "否",
        "division": "家醫科",
        "notice": "接種禁忌一、已知對疫苗的成份有過敏者，不予接種。二、過去注射曾經發生嚴重不良反應者，不予接種。接種注意事項一、 發燒或正患有急性中重疾病者，宜待病情穩定後再接種。二、 出生未滿6個月，因無使用效益及安全性等臨床資料，故不予接種。三、 先前接種本疫苗6週內曾發生Guillain-Barr? 症候群(GBS)者，宜請醫師評估。四、已知對「蛋」之蛋白質有嚴重過敏者，可在門/住診由熟悉處理過敏症狀之醫事人員提供接種，並於接種後觀察30分鐘，無不適症狀再離開。五、 其他經醫師評估不適合接種者，不予接種。",
        "twd97x": 290334.21,
        "twd97y": 2782130.07,
        "經度": 121.400061,
        "緯度": 25.147094
      }
    },
    {
      "type": "Feature",
      "geometry": {
        "type": "Point",
        "coordinates": [
          121.406437,
          25.153294
        ]
      },
      "properties": {
        "no": 3530000000.0,
        "name": "文心診所",
        "tel": "2619-1537",
        "address": "新北市八里區中山路392號",
        "type": "診所",
        "remark": "如要接種，請先致電詢問疫苗庫存",
        "reservation": "電話、現場",
        "own_expense": "否",
        "division": "內科",
        "notice": "接種禁忌一、已知對疫苗的成份有過敏者，不予接種。二、過去注射曾經發生嚴重不良反應者，不予接種。接種注意事項一、 發燒或正患有急性中重疾病者，宜待病情穩定後再接種。二、 出生未滿6個月，因無使用效益及安全性等臨床資料，故不予接種。三、 先前接種本疫苗6週內曾發生Guillain-Barr? 症候群(GBS)者，宜請醫師評估。四、已知對「蛋」之蛋白質有嚴重過敏者，可在門/住診由熟悉處理過敏症狀之醫事人員提供接種，並於接種後觀察31分鐘，無不適症狀再離開。五、 其他經醫師評估不適合接種者，不予' \u0006",
        "twd97x": 290974.92,
        "twd97y": 2782818.63,
        "經度": 121.406437,
        "緯度": 25.153294
      }
    },
    {
      "type": "Feature",
      "geometry": {
        "type": "Point",
        "coordinates": [
          121.404435,
          25.150055
        ]
      },
      "properties": {
        "no": 3531231136.0,
        "name": "台加診所",
        "tel": "8630-2275",
        "address": "新北市八里區中山路二段310號",
        "type": "診所",
        "remark": "如要接種，請先致電詢問疫苗庫存",
        "reservation": "現場",
        "own_expense": "是",
        "division": "不分科(婦產科)",
        "notice": "接種禁忌一、已知對疫苗的成份有過敏者，不予接種。二、過去注射曾經發生嚴重不良反應者，不予接種。接種注意事項一、 發燒或正患有急性中重疾病者，宜待病情穩定後再接種。二、 出生未滿6個月，因無使用效益及安全性等臨床資料，故不予接種。三、 先前接種本疫苗6週內曾發生Guillain-Barr? 症候群(GBS)者，宜請醫師評估。四、已知對「蛋」之蛋白質有嚴重過敏者，可在門/住診由熟悉處理過敏症狀之醫事人員提供接種，並於接種後觀察32分鐘，無不適症狀再離開。五、 其他經醫師評估不適合接種者，不予' \u0006",
        "twd97x": 290774.2,
        "twd97y": 2782459.34,
        "經度": 121.404435,
        "緯度": 25.150055
      }
    },
    {
      "type": "Feature",
      "geometry": {
        "type": "Point",
        "coordinates": [
          121.399292,
          25.14681
        ]
      },
      "properties": {
        "no": 3530000000.0,
        "name": "施世明診所",
        "tel": "8630-2193",
        "address": "新北市八里區華峰一街18號",
        "type": "診所",
        "remark": "如要接種，請先致電詢問疫苗庫存",
        "reservation": "現場",
        "own_expense": "是",
        "division": "家醫科",
        "notice": "接種禁忌一、已知對疫苗的成份有過敏者，不予接種。二、過去注射曾經發生嚴重不良反應者，不予接種。接種注意事項一、 發燒或正患有急性中重疾病者，宜待病情穩定後再接種。二、 出生未滿6個月，因無使用效益及安全性等臨床資料，故不予接種。三、 先前接種本疫苗6週內曾發生Guillain-Barr? 症候群(GBS)者，宜請醫師評估。四、已知對「蛋」之蛋白質有嚴重過敏者，可在門/住診由熟悉處理過敏症狀之醫事人員提供接種，並於接種後觀察33分鐘，無不適症狀再離開。五、 其他經醫師評估不適合接種者，不予' \u0006",
        "twd97x": 290256.72,
        "twd97y": 2782098.36,
        "經度": 121.399292,
        "緯度": 25.14681
      }
    },
    {
      "type": "Feature",
      "geometry": {
        "type": "Point",
        "coordinates": [
          121.411032,
          25.157539
        ]
      },
      "properties": {
        "no": 3530000000.0,
        "name": "誠泰診所",
        "tel": "2610-8205",
        "address": "新北市八里區中山路一段231號",
        "type": "診所",
        "remark": "如要接種，請先致電詢問疫苗庫存",
        "reservation": "現場",
        "own_expense": "是",
        "division": "家醫科",
        "notice": "接種禁忌一、已知對疫苗的成份有過敏者，不予接種。二、過去注射曾經發生嚴重不良反應者，不予接種。接種注意事項一、 發燒或正患有急性中重疾病者，宜待病情穩定後再接種。二、 出生未滿6個月，因無使用效益及安全性等臨床資料，故不予接種。三、 先前接種本疫苗6週內曾發生Guillain-Barr? 症候群(GBS)者，宜請醫師評估。四、已知對「蛋」之蛋白質有嚴重過敏者，可在門/住診由熟悉處理過敏症狀之醫事人員提供接種，並於接種後觀察34分鐘，無不適症狀再離開。五、 其他經醫師評估不適合接種者，不予' \u0006",
        "twd97x": 291436.81,
        "twd97y": 2783290.24,
        "經度": 121.411032,
        "緯度": 25.157539
      }
    },
    {
      "type": "Feature",
      "geometry": {
        "type": "Point",
        "coordinates": [
          121.500753,
          25.258408
        ]
      },
      "properties": {
        "no": 2330000000.0,
        "name": "三芝區衛生所",
        "tel": "2636-2007",
        "address": "新北市三芝區中山路一段12號",
        "type": "衛生所",
        "remark": "如要接種，請先致電詢問疫苗庫存",
        "reservation": "現場",
        "own_expense": "否",
        "division": "家醫科",
        "notice": "接種禁忌一、已知對疫苗的成份有過敏者，不予接種。二、過去注射曾經發生嚴重不良反應者，不予接種。接種注意事項一、 發燒或正患有急性中重疾病者，宜待病情穩定後再接種。二、 出生未滿6個月，因無使用效益及安全性等臨床資料，故不予接種。三、 先前接種本疫苗6週內曾發生Guillain-Barr? 症候群(GBS)者，宜請醫師評估。四、已知對「蛋」之蛋白質有嚴重過敏者，可在門/住診由熟悉處理過敏症狀之醫事人員提供接種，並於接種後觀察35分鐘，無不適症狀再離開。五、 其他經醫師評估不適合接種者，不予' \u0006",
        "twd97x": 300440.21,
        "twd97y": 2794493.86,
        "經度": 121.500753,
        "緯度": 25.258408
      }
    },
    {
      "type": "Feature",
      "geometry": {
        "type": "Point",
        "coordinates": [
          121.500762,
          25.257219
        ]
      },
      "properties": {
        "no": 3530000000.0,
        "name": "三芝彭小兒科",
        "tel": "2636-9622",
        "address": "新北市三芝區中山路一段59號1樓",
        "type": "診所",
        "remark": "如要接種，請先致電詢問疫苗庫存",
        "reservation": "現場",
        "own_expense": "是",
        "division": "小兒科",
        "notice": "接種禁忌一、已知對疫苗的成份有過敏者，不予接種。二、過去注射曾經發生嚴重不良反應者，不予接種。接種注意事項一、 發燒或正患有急性中重疾病者，宜待病情穩定後再接種。二、 出生未滿6個月，因無使用效益及安全性等臨床資料，故不予接種。三、 先前接種本疫苗6週內曾發生Guillain-Barr? 症候群(GBS)者，宜請醫師評估。四、已知對「蛋」之蛋白質有嚴重過敏者，可在門/住診由熟悉處理過敏症狀之醫事人員提供接種，並於接種後觀察36分鐘，無不適症狀再離開。五、 其他經醫師評估不適合接種者，不予' \u0006",
        "twd97x": 300441.64,
        "twd97y": 2794362.21,
        "經度": 121.500762,
        "緯度": 25.257219
      }
    },
    {
      "type": "Feature",
      "geometry": {
        "type": "Point",
        "coordinates": [
          121.491392,
          25.061192
        ]
      },
      "properties": {
        "no": 2330000000.0,
        "name": "三重區衛生所",
        "tel": "2982-5233",
        "address": "新北市三重區新北大道一段1號1樓",
        "type": "衛生所",
        "remark": "如要接種，請先致電詢問疫苗庫存",
        "reservation": "現場",
        "own_expense": "否",
        "division": "家醫科",
        "notice": "接種禁忌一、已知對疫苗的成份有過敏者，不予接種。二、過去注射曾經發生嚴重不良反應者，不予接種。接種注意事項一、 發燒或正患有急性中重疾病者，宜待病情穩定後再接種。二、 出生未滿6個月，因無使用效益及安全性等臨床資料，故不予接種。三、 先前接種本疫苗6週內曾發生Guillain-Barr? 症候群(GBS)者，宜請醫師評估。四、已知對「蛋」之蛋白質有嚴重過敏者，可在門/住診由熟悉處理過敏症狀之醫事人員提供接種，並於接種後觀察37分鐘，無不適症狀再離開。五、 其他經醫師評估不適合接種者，不予' \u0006",
        "twd97x": 299576.93,
        "twd97y": 2772645.39,
        "經度": 121.491392,
        "緯度": 25.061192
      }
    },
    {
      "type": "Feature",
      "geometry": {
        "type": "Point",
        "coordinates": [
          121.492783,
          25.067321
        ]
      },
      "properties": {
        "no": 3530000000.0,
        "name": "丁婦產科診所",
        "tel": "2985-8001",
        "address": "新北市三重區自強路一段246號",
        "type": "診所",
        "remark": "如要接種，請先致電詢問疫苗庫存",
        "reservation": "現場",
        "own_expense": "否",
        "division": "婦產科",
        "notice": "接種禁忌一、已知對疫苗的成份有過敏者，不予接種。二、過去注射曾經發生嚴重不良反應者，不予接種。接種注意事項一、 發燒或正患有急性中重疾病者，宜待病情穩定後再接種。二、 出生未滿6個月，因無使用效益及安全性等臨床資料，故不予接種。三、 先前接種本疫苗6週內曾發生Guillain-Barr? 症候群(GBS)者，宜請醫師評估。四、已知對「蛋」之蛋白質有嚴重過敏者，可在門/住診由熟悉處理過敏症狀之醫事人員提供接種，並於接種後觀察38分鐘，無不適症狀再離開。五、 其他經醫師評估不適合接種者，不予' \u0006",
        "twd97x": 299714.81,
        "twd97y": 2773324.78,
        "經度": 121.492783,
        "緯度": 25.067321
      }
    },
    {
      "type": "Feature",
      "geometry": {
        "type": "Point",
        "coordinates": [
          121.481263,
          25.08031
        ]
      },
      "properties": {
        "no": 3530000000.0,
        "name": "九如聯合診所",
        "tel": "2857-5600",
        "address": "新北市三重區仁愛街753號",
        "type": "診所",
        "remark": "如要接種，請先致電詢問疫苗庫存",
        "reservation": "現場",
        "own_expense": "是",
        "division": "家醫、耳鼻喉科",
        "notice": "接種禁忌一、已知對疫苗的成份有過敏者，不予接種。二、過去注射曾經發生嚴重不良反應者，不予接種。接種注意事項一、 發燒或正患有急性中重疾病者，宜待病情穩定後再接種。二、 出生未滿6個月，因無使用效益及安全性等臨床資料，故不予接種。三、 先前接種本疫苗6週內曾發生Guillain-Barr? 症候群(GBS)者，宜請醫師評估。四、已知對「蛋」之蛋白質有嚴重過敏者，可在門/住診由熟悉處理過敏症狀之醫事人員提供接種，並於接種後觀察39分鐘，無不適症狀再離開。五、 其他經醫師評估不適合接種者，不予' \u0006",
        "twd97x": 298547.51,
        "twd97y": 2774759.42,
        "經度": 121.481263,
        "緯度": 25.08031
      }
    },
    {
      "type": "Feature",
      "geometry": {
        "type": "Point",
        "coordinates": [
          121.485681,
          25.063068
        ]
      },
      "properties": {
        "no": 3530000000.0,
        "name": "三民家庭醫學科診所",
        "tel": "2984-0686",
        "address": "新北市三重區三民街83號",
        "type": "診所",
        "remark": "如要接種，請先致電詢問疫苗庫存",
        "reservation": "電話、現場",
        "own_expense": "否",
        "division": "家醫科",
        "notice": "接種禁忌一、已知對疫苗的成份有過敏者，不予接種。二、過去注射曾經發生嚴重不良反應者，不予接種。接種注意事項一、 發燒或正患有急性中重疾病者，宜待病情穩定後再接種。二、 出生未滿6個月，因無使用效益及安全性等臨床資料，故不予接種。三、 先前接種本疫苗6週內曾發生Guillain-Barr? 症候群(GBS)者，宜請醫師評估。四、已知對「蛋」之蛋白質有嚴重過敏者，可在門/住診由熟悉處理過敏症狀之醫事人員提供接種，並於接種後觀察40分鐘，無不適症狀再離開。五、 其他經醫師評估不適合接種者，不予' \u0006",
        "twd97x": 299000.0,
        "twd97y": 2772851.16,
        "經度": 121.485681,
        "緯度": 25.063068
      }
    },
    {
      "type": "Feature",
      "geometry": {
        "type": "Point",
        "coordinates": [
          121.46966,
          25.046535
        ]
      },
      "properties": {
        "no": 1530000000.0,
        "name": "三重中興醫院",
        "tel": "2995-9680",
        "address": "新北市三重區中興北街21號",
        "type": "地區醫院",
        "remark": "如要接種，請先致電詢問疫苗庫存",
        "reservation": "電話、現場",
        "own_expense": "否",
        "division": "內科",
        "notice": "接種禁忌一、已知對疫苗的成份有過敏者，不予接種。二、過去注射曾經發生嚴重不良反應者，不予接種。接種注意事項一、 發燒或正患有急性中重疾病者，宜待病情穩定後再接種。二、 出生未滿6個月，因無使用效益及安全性等臨床資料，故不予接種。三、 先前接種本疫苗6週內曾發生Guillain-Barr? 症候群(GBS)者，宜請醫師評估。四、已知對「蛋」之蛋白質有嚴重過敏者，可在門/住診由熟悉處理過敏症狀之醫事人員提供接種，並於接種後觀察41分鐘，無不適症狀再離開。五、 其他經醫師評估不適合接種者，不予' \u0006",
        "twd97x": 297390.01,
        "twd97y": 2771014.11,
        "經度": 121.46966,
        "緯度": 25.046535
      }
    },
    {
      "type": "Feature",
      "geometry": {
        "type": "Point",
        "coordinates": [
          121.496227,
          25.068356
        ]
      },
      "properties": {
        "no": 3530000000.0,
        "name": "三重正義好評診所",
        "tel": "2.99E+07",
        "address": "新北市三重區正義北路203號1樓",
        "type": "診所",
        "remark": "如要接種，請先致電詢問疫苗庫存",
        "reservation": "現場",
        "own_expense": "是",
        "division": "不分科",
        "notice": "接種禁忌一、已知對疫苗的成份有過敏者，不予接種。二、過去注射曾經發生嚴重不良反應者，不予接種。接種注意事項一、 發燒或正患有急性中重疾病者，宜待病情穩定後再接種。二、 出生未滿6個月，因無使用效益及安全性等臨床資料，故不予接種。三、 先前接種本疫苗6週內曾發生Guillain-Barr? 症候群(GBS)者，宜請醫師評估。四、已知對「蛋」之蛋白質有嚴重過敏者，可在門/住診由熟悉處理過敏症狀之醫事人員提供接種，並於接種後觀察42分鐘，無不適症狀再離開。五、 其他經醫師評估不適合接種者，不予' \u0006",
        "twd97x": 300061.89,
        "twd97y": 2773440.74,
        "經度": 121.496227,
        "緯度": 25.068356
      }
    },
    {
      "type": "Feature",
      "geometry": {
        "type": "Point",
        "coordinates": [
          121.482659,
          25.078744
        ]
      },
      "properties": {
        "no": 3530000000.0,
        "name": "三重祥安",
        "tel": "2280-8558",
        "address": "新北市三重區三和路四段374號",
        "type": "診所",
        "remark": "如要接種，請先致電詢問疫苗庫存",
        "reservation": "電話、現場",
        "own_expense": "是",
        "division": "家醫科",
        "notice": "接種禁忌一、已知對疫苗的成份有過敏者，不予接種。二、過去注射曾經發生嚴重不良反應者，不予接種。接種注意事項一、 發燒或正患有急性中重疾病者，宜待病情穩定後再接種。二、 出生未滿6個月，因無使用效益及安全性等臨床資料，故不予接種。三、 先前接種本疫苗6週內曾發生Guillain-Barr? 症候群(GBS)者，宜請醫師評估。四、已知對「蛋」之蛋白質有嚴重過敏者，可在門/住診由熟悉處理過敏症狀之醫事人員提供接種，並於接種後觀察43分鐘，無不適症狀再離開。五、 其他經醫師評估不適合接種者，不予' \u0006",
        "twd97x": 298688.92,
        "twd97y": 2774586.45,
        "經度": 121.482659,
        "緯度": 25.078744
      }
    },
    {
      "type": "Feature",
      "geometry": {
        "type": "Point",
        "coordinates": [
          121.488912,
          25.086176
        ]
      },
      "properties": {
        "no": 3530000000.0,
        "name": "三重華泰診所",
        "tel": "2857-7688",
        "address": "新北市三重區五華街176號",
        "type": "診所",
        "remark": "如要接種，請先致電詢問疫苗庫存",
        "reservation": "現場",
        "own_expense": "是",
        "division": "家醫科",
        "notice": "接種禁忌一、已知對疫苗的成份有過敏者，不予接種。二、過去注射曾經發生嚴重不良反應者，不予接種。接種注意事項一、 發燒或正患有急性中重疾病者，宜待病情穩定後再接種。二、 出生未滿6個月，因無使用效益及安全性等臨床資料，故不予接種。三、 先前接種本疫苗6週內曾發生Guillain-Barr? 症候群(GBS)者，宜請醫師評估。四、已知對「蛋」之蛋白質有嚴重過敏者，可在門/住診由熟悉處理過敏症狀之醫事人員提供接種，並於接種後觀察44分鐘，無不適症狀再離開。五、 其他經醫師評估不適合接種者，不予' \u0006",
        "twd97x": 299316.7,
        "twd97y": 2775411.94,
        "經度": 121.488912,
        "緯度": 25.086176
      }
    },
    {
      "type": "Feature",
      "geometry": {
        "type": "Point",
        "coordinates": [
          121.476844,
          25.069637
        ]
      },
      "properties": {
        "no": 3530000000.0,
        "name": "大有診所",
        "tel": "2983-4567",
        "address": "新北市三重區中正北路374號",
        "type": "診所",
        "remark": "如要接種，請先致電詢問疫苗庫存",
        "reservation": "現場",
        "own_expense": "否",
        "division": "家醫科",
        "notice": "接種禁忌一、已知對疫苗的成份有過敏者，不予接種。二、過去注射曾經發生嚴重不良反應者，不予接種。接種注意事項一、 發燒或正患有急性中重疾病者，宜待病情穩定後再接種。二、 出生未滿6個月，因無使用效益及安全性等臨床資料，故不予接種。三、 先前接種本疫苗6週內曾發生Guillain-Barr? 症候群(GBS)者，宜請醫師評估。四、已知對「蛋」之蛋白質有嚴重過敏者，可在門/住診由熟悉處理過敏症狀之醫事人員提供接種，並於接種後觀察45分鐘，無不適症狀再離開。五、 其他經醫師評估不適合接種者，不予' \u0006",
        "twd97x": 298105.86,
        "twd97y": 2773575.64,
        "經度": 121.476844,
        "緯度": 25.069637
      }
    },
    {
      "type": "Feature",
      "geometry": {
        "type": "Point",
        "coordinates": [
          121.496462,
          25.066642
        ]
      },
      "properties": {
        "no": 3531026519.0,
        "name": "大榮耳鼻喉科診所",
        "tel": "2983-3707",
        "address": "新北市三重區正義北路178號",
        "type": "診所",
        "remark": "如要接種，請先致電詢問疫苗庫存",
        "reservation": "電話、現場",
        "own_expense": "否",
        "division": "耳鼻喉科",
        "notice": "接種禁忌一、已知對疫苗的成份有過敏者，不予接種。二、過去注射曾經發生嚴重不良反應者，不予接種。接種注意事項一、 發燒或正患有急性中重疾病者，宜待病情穩定後再接種。二、 出生未滿6個月，因無使用效益及安全性等臨床資料，故不予接種。三、 先前接種本疫苗6週內曾發生Guillain-Barr? 症候群(GBS)者，宜請醫師評估。四、已知對「蛋」之蛋白質有嚴重過敏者，可在門/住診由熟悉處理過敏症狀之醫事人員提供接種，並於接種後觀察46分鐘，無不適症狀再離開。五、 其他經醫師評估不適合接種者，不予' \u0006",
        "twd97x": 300086.25,
        "twd97y": 2773250.95,
        "經度": 121.496462,
        "緯度": 25.066642
      }
    },
    {
      "type": "Feature",
      "geometry": {
        "type": "Point",
        "coordinates": [
          121.481739,
          25.080549
        ]
      },
      "properties": {
        "no": 3530000000.0,
        "name": "仁新小兒科",
        "tel": "2857-4762",
        "address": "新北市三重區仁愛街735號",
        "type": "診所",
        "remark": "如要接種，請先致電詢問疫苗庫存",
        "reservation": "現場",
        "own_expense": "是",
        "division": "小兒科",
        "notice": "接種禁忌一、已知對疫苗的成份有過敏者，不予接種。二、過去注射曾經發生嚴重不良反應者，不予接種。接種注意事項一、 發燒或正患有急性中重疾病者，宜待病情穩定後再接種。二、 出生未滿6個月，因無使用效益及安全性等臨床資料，故不予接種。三、 先前接種本疫苗6週內曾發生Guillain-Barr? 症候群(GBS)者，宜請醫師評估。四、已知對「蛋」之蛋白質有嚴重過敏者，可在門/住診由熟悉處理過敏症狀之醫事人員提供接種，並於接種後觀察47分鐘，無不適症狀再離開。五、 其他經醫師評估不適合接種者，不予' \u0006",
        "twd97x": 298595.4,
        "twd97y": 2774786.01,
        "經度": 121.481739,
        "緯度": 25.080549
      }
    },
    {
      "type": "Feature",
      "geometry": {
        "type": "Point",
        "coordinates": [
          121.502876,
          25.063783
        ]
      },
      "properties": {
        "no": 3530000000.0,
        "name": "仁暉診所",
        "tel": "2972-9689",
        "address": "新北市三重區重新路一段50號2樓",
        "type": "診所",
        "remark": "如要接種，請先致電詢問疫苗庫存",
        "reservation": "電話、現場",
        "own_expense": "否",
        "division": "內科",
        "notice": "接種禁忌一、已知對疫苗的成份有過敏者，不予接種。二、過去注射曾經發生嚴重不良反應者，不予接種。接種注意事項一、 發燒或正患有急性中重疾病者，宜待病情穩定後再接種。二、 出生未滿6個月，因無使用效益及安全性等臨床資料，故不予接種。三、 先前接種本疫苗6週內曾發生Guillain-Barr? 症候群(GBS)者，宜請醫師評估。四、已知對「蛋」之蛋白質有嚴重過敏者，可在門/住診由熟悉處理過敏症狀之醫事人員提供接種，並於接種後觀察48分鐘，無不適症狀再離開。五、 其他經醫師評估不適合接種者，不予' \u0006",
        "twd97x": 300734.55,
        "twd97y": 2772936.69,
        "經度": 121.502876,
        "緯度": 25.063783
      }
    },
    {
      "type": "Feature",
      "geometry": {
        "type": "Point",
        "coordinates": [
          121.494832,
          25.071008
        ]
      },
      "properties": {
        "no": 3530000000.0,
        "name": "仁馨診所",
        "tel": "2989-0808",
        "address": "新北市三重區龍門路1號5樓",
        "type": "診所",
        "remark": "如要接種，請先致電詢問疫苗庫存",
        "reservation": "現場",
        "own_expense": "否",
        "division": "內科",
        "notice": "接種禁忌一、已知對疫苗的成份有過敏者，不予接種。二、過去注射曾經發生嚴重不良反應者，不予接種。接種注意事項一、 發燒或正患有急性中重疾病者，宜待病情穩定後再接種。二、 出生未滿6個月，因無使用效益及安全性等臨床資料，故不予接種。三、 先前接種本疫苗6週內曾發生Guillain-Barr? 症候群(GBS)者，宜請醫師評估。四、已知對「蛋」之蛋白質有嚴重過敏者，可在門/住診由熟悉處理過敏症狀之醫事人員提供接種，並於接種後觀察49分鐘，無不適症狀再離開。五、 其他經醫師評估不適合接種者，不予' \u0006",
        "twd97x": 299920.03,
        "twd97y": 2773734.0,
        "經度": 121.494832,
        "緯度": 25.071008
      }
    },
    {
      "type": "Feature",
      "geometry": {
        "type": "Point",
        "coordinates": [
          121.483404,
          25.062205
        ]
      },
      "properties": {
        "no": 3530000000.0,
        "name": "友孝診所",
        "tel": "2986-3699",
        "address": "新北市三重區中華路60號1樓",
        "type": "診所",
        "remark": "如要接種，請先致電詢問疫苗庫存",
        "reservation": "現場",
        "own_expense": "是",
        "division": "一般科",
        "notice": "接種禁忌一、已知對疫苗的成份有過敏者，不予接種。二、過去注射曾經發生嚴重不良反應者，不予接種。接種注意事項一、 發燒或正患有急性中重疾病者，宜待病情穩定後再接種。二、 出生未滿6個月，因無使用效益及安全性等臨床資料，故不予接種。三、 先前接種本疫苗6週內曾發生Guillain-Barr? 症候群(GBS)者，宜請醫師評估。四、已知對「蛋」之蛋白質有嚴重過敏者，可在門/住診由熟悉處理過敏症狀之醫事人員提供接種，並於接種後觀察50分鐘，無不適症狀再離開。五、 其他經醫師評估不適合接種者，不予' \u0006",
        "twd97x": 298770.58,
        "twd97y": 2772754.78,
        "經度": 121.483404,
        "緯度": 25.062205
      }
    },
    {
      "type": "Feature",
      "geometry": {
        "type": "Point",
        "coordinates": [
          121.479217,
          25.068998
        ]
      },
      "properties": {
        "no": 3530000000.0,
        "name": "天亮耳鼻喉科診所",
        "tel": "8981-3431",
        "address": "新北市三重區中正北路314號",
        "type": "診所",
        "remark": "如要接種，請先致電詢問疫苗庫存",
        "reservation": "電話、現場",
        "own_expense": "是",
        "division": "耳鼻喉科",
        "notice": "接種禁忌一、已知對疫苗的成份有過敏者，不予接種。二、過去注射曾經發生嚴重不良反應者，不予接種。接種注意事項一、 發燒或正患有急性中重疾病者，宜待病情穩定後再接種。二、 出生未滿6個月，因無使用效益及安全性等臨床資料，故不予接種。三、 先前接種本疫苗6週內曾發生Guillain-Barr? 症候群(GBS)者，宜請醫師評估。四、已知對「蛋」之蛋白質有嚴重過敏者，可在門/住診由熟悉處理過敏症狀之醫事人員提供接種，並於接種後觀察51分鐘，無不適症狀再離開。五、 其他經醫師評估不適合接種者，不予' \u0006",
        "twd97x": 298345.5,
        "twd97y": 2773505.61,
        "經度": 121.479217,
        "緯度": 25.068998
      }
    },
    {
      "type": "Feature",
      "geometry": {
        "type": "Point",
        "coordinates": [
          121.48418,
          25.077894
        ]
      },
      "properties": {
        "no": 3530000000.0,
        "name": "世鴻耳鼻喉科小兒科聯合診所",
        "tel": "2286-6038",
        "address": "新北市三重區三和路四段318號",
        "type": "診所",
        "remark": "如要接種，請先致電詢問疫苗庫存",
        "reservation": "現場",
        "own_expense": "是",
        "division": "耳鼻喉科、小兒科",
        "notice": "接種禁忌一、已知對疫苗的成份有過敏者，不予接種。二、過去注射曾經發生嚴重不良反應者，不予接種。接種注意事項一、 發燒或正患有急性中重疾病者，宜待病情穩定後再接種。二、 出生未滿6個月，因無使用效益及安全性等臨床資料，故不予接種。三、 先前接種本疫苗6週內曾發生Guillain-Barr? 症候群(GBS)者，宜請醫師評估。四、已知對「蛋」之蛋白質有嚴重過敏者，可在門/住診由熟悉處理過敏症狀之醫事人員提供接種，並於接種後觀察52分鐘，無不適症狀再離開。五、 其他經醫師評估不適合接種者，不予' \u0006",
        "twd97x": 298842.74,
        "twd97y": 2774492.82,
        "經度": 121.48418,
        "緯度": 25.077894
      }
    },
    {
      "type": "Feature",
      "geometry": {
        "type": "Point",
        "coordinates": [
          121.495704,
          25.069069
        ]
      },
      "properties": {
        "no": 3530000000.0,
        "name": "正和診所",
        "tel": "2982-8828",
        "address": "新北市三重區正義北路278號",
        "type": "診所",
        "remark": "如要接種，請先致電詢問疫苗庫存",
        "reservation": "現場",
        "own_expense": "是",
        "division": "家醫科",
        "notice": "接種禁忌一、已知對疫苗的成份有過敏者，不予接種。二、過去注射曾經發生嚴重不良反應者，不予接種。接種注意事項一、 發燒或正患有急性中重疾病者，宜待病情穩定後再接種。二、 出生未滿6個月，因無使用效益及安全性等臨床資料，故不予接種。三、 先前接種本疫苗6週內曾發生Guillain-Barr? 症候群(GBS)者，宜請醫師評估。四、已知對「蛋」之蛋白質有嚴重過敏者，可在門/住診由熟悉處理過敏症狀之醫事人員提供接種，並於接種後觀察53分鐘，無不適症狀再離開。五、 其他經醫師評估不適合接種者，不予' \u0006",
        "twd97x": 300008.81,
        "twd97y": 2773519.57,
        "經度": 121.495704,
        "緯度": 25.069069
      }
    },
    {
      "type": "Feature",
      "geometry": {
        "type": "Point",
        "coordinates": [
          121.496981,
          25.065788
        ]
      },
      "properties": {
        "no": 3530000000.0,
        "name": "正興診所",
        "tel": "2986-1235",
        "address": "新北市三重區正義北路113號",
        "type": "診所",
        "remark": "如要接種，請先致電詢問疫苗庫存",
        "reservation": "電話、現場",
        "own_expense": "是",
        "division": "內科",
        "notice": "接種禁忌一、已知對疫苗的成份有過敏者，不予接種。二、過去注射曾經發生嚴重不良反應者，不予接種。接種注意事項一、 發燒或正患有急性中重疾病者，宜待病情穩定後再接種。二、 出生未滿6個月，因無使用效益及安全性等臨床資料，故不予接種。三、 先前接種本疫苗6週內曾發生Guillain-Barr? 症候群(GBS)者，宜請醫師評估。四、已知對「蛋」之蛋白質有嚴重過敏者，可在門/住診由熟悉處理過敏症狀之醫事人員提供接種，並於接種後觀察54分鐘，無不適症狀再離開。五、 其他經醫師評估不適合接種者，不予' \u0006",
        "twd97x": 300138.97,
        "twd97y": 2773156.62,
        "經度": 121.496981,
        "緯度": 25.065788
      }
    },
    {
      "type": "Feature",
      "geometry": {
        "type": "Point",
        "coordinates": [
          121.483384,
          25.066706
        ]
      },
      "properties": {
        "no": 3530000000.0,
        "name": "吉田診所",
        "tel": "2980-1715",
        "address": "新北市三重區中正北路174之7號",
        "type": "診所",
        "remark": "如要接種，請先致電詢問疫苗庫存",
        "reservation": "電話、現場",
        "own_expense": "否",
        "division": "耳鼻喉科、皮膚科",
        "notice": "接種禁忌一、已知對疫苗的成份有過敏者，不予接種。二、過去注射曾經發生嚴重不良反應者，不予接種。接種注意事項一、 發燒或正患有急性中重疾病者，宜待病情穩定後再接種。二、 出生未滿6個月，因無使用效益及安全性等臨床資料，故不予接種。三、 先前接種本疫苗6週內曾發生Guillain-Barr? 症候群(GBS)者，宜請醫師評估。四、已知對「蛋」之蛋白質有嚴重過敏者，可在門/住診由熟悉處理過敏症狀之醫事人員提供接種，並於接種後觀察55分鐘，無不適症狀再離開。五、 其他經醫師評估不適合接種者，不予' \u0006",
        "twd97x": 298766.82,
        "twd97y": 2773253.33,
        "經度": 121.483384,
        "緯度": 25.066706
      }
    },
    {
      "type": "Feature",
      "geometry": {
        "type": "Point",
        "coordinates": [
          121.483614,
          25.062981
        ]
      },
      "properties": {
        "no": 3530000000.0,
        "name": "安禾診所",
        "tel": "2982-0632",
        "address": "新北市三重區中華路89號",
        "type": "診所",
        "remark": "如要接種，請先致電詢問疫苗庫存",
        "reservation": "電話、現場",
        "own_expense": "是",
        "division": "家醫科",
        "notice": "接種禁忌一、已知對疫苗的成份有過敏者，不予接種。二、過去注射曾經發生嚴重不良反應者，不予接種。接種注意事項一、 發燒或正患有急性中重疾病者，宜待病情穩定後再接種。二、 出生未滿6個月，因無使用效益及安全性等臨床資料，故不予接種。三、 先前接種本疫苗6週內曾發生Guillain-Barr? 症候群(GBS)者，宜請醫師評估。四、已知對「蛋」之蛋白質有嚴重過敏者，可在門/住診由熟悉處理過敏症狀之醫事人員提供接種，並於接種後觀察56分鐘，無不適症狀再離開。五、 其他經醫師評估不適合接種者，不予' \u0006",
        "twd97x": 298791.48,
        "twd97y": 2772840.77,
        "經度": 121.483614,
        "緯度": 25.062981
      }
    },
    {
      "type": "Feature",
      "geometry": {
        "type": "Point",
        "coordinates": [
          121.495382,
          25.061426
        ]
      },
      "properties": {
        "no": 3530000000.0,
        "name": "江村聯合診所",
        "tel": "2982-1515#16",
        "address": "新北市三重區重新路三段7號",
        "type": "診所",
        "remark": "如要接種，請先致電詢問疫苗庫存",
        "reservation": "網路、電話、現場",
        "own_expense": "是",
        "division": "家醫科",
        "notice": "接種禁忌一、已知對疫苗的成份有過敏者，不予接種。二、過去注射曾經發生嚴重不良反應者，不予接種。接種注意事項一、 發燒或正患有急性中重疾病者，宜待病情穩定後再接種。二、 出生未滿6個月，因無使用效益及安全性等臨床資料，故不予接種。三、 先前接種本疫苗6週內曾發生Guillain-Barr? 症候群(GBS)者，宜請醫師評估。四、已知對「蛋」之蛋白質有嚴重過敏者，可在門/住診由熟悉處理過敏症狀之醫事人員提供接種，並於接種後觀察57分鐘，無不適症狀再離開。五、 其他經醫師評估不適合接種者，不予' \u0006",
        "twd97x": 299979.39,
        "twd97y": 2772672.85,
        "經度": 121.495382,
        "緯度": 25.061426
      }
    },
    {
      "type": "Feature",
      "geometry": {
        "type": "Point",
        "coordinates": [
          121.490083,
          25.058577
        ]
      },
      "properties": {
        "no": 3530000000.0,
        "name": "至安診所",
        "tel": "2977-3835",
        "address": "新北市三重區重安街6號",
        "type": "診所",
        "remark": "如要接種，請先致電詢問疫苗庫存",
        "reservation": "電話、現場",
        "own_expense": "是",
        "division": "內科",
        "notice": "接種禁忌一、已知對疫苗的成份有過敏者，不予接種。二、過去注射曾經發生嚴重不良反應者，不予接種。接種注意事項一、 發燒或正患有急性中重疾病者，宜待病情穩定後再接種。二、 出生未滿6個月，因無使用效益及安全性等臨床資料，故不予接種。三、 先前接種本疫苗6週內曾發生Guillain-Barr? 症候群(GBS)者，宜請醫師評估。四、已知對「蛋」之蛋白質有嚴重過敏者，可在門/住診由熟悉處理過敏症狀之醫事人員提供接種，並於接種後觀察58分鐘，無不適症狀再離開。五、 其他經醫師評估不適合接種者，不予' \u0006",
        "twd97x": 299445.97,
        "twd97y": 2772355.29,
        "經度": 121.490083,
        "緯度": 25.058577
      }
    },
    {
      "type": "Feature",
      "geometry": {
        "type": "Point",
        "coordinates": [
          121.498802,
          25.072996
        ]
      },
      "properties": {
        "no": 3530000000.0,
        "name": "吳英芳診所",
        "tel": "2975-5521",
        "address": "新北市三重區龍門路161號",
        "type": "診所",
        "remark": "如要接種，請先致電詢問疫苗庫存",
        "reservation": "現場",
        "own_expense": "是",
        "division": "小兒科",
        "notice": "接種禁忌一、已知對疫苗的成份有過敏者，不予接種。二、過去注射曾經發生嚴重不良反應者，不予接種。接種注意事項一、 發燒或正患有急性中重疾病者，宜待病情穩定後再接種。二、 出生未滿6個月，因無使用效益及安全性等臨床資料，故不予接種。三、 先前接種本疫苗6週內曾發生Guillain-Barr? 症候群(GBS)者，宜請醫師評估。四、已知對「蛋」之蛋白質有嚴重過敏者，可在門/住診由熟悉處理過敏症狀之醫事人員提供接種，並於接種後觀察59分鐘，無不適症狀再離開。五、 其他經醫師評估不適合接種者，不予' \u0006",
        "twd97x": 300319.73,
        "twd97y": 2773955.67,
        "經度": 121.498802,
        "緯度": 25.072996
      }
    },
    {
      "type": "Feature",
      "geometry": {
        "type": "Point",
        "coordinates": [
          121.49863,
          25.068929
        ]
      },
      "properties": {
        "no": 1530000000.0,
        "name": "宏仁醫院",
        "tel": "2978-8877#500",
        "address": "新北市三重區三和路二段186號",
        "type": "地區醫院",
        "remark": "如要接種，請先致電詢問疫苗庫存",
        "reservation": "現場",
        "own_expense": "否",
        "division": "內科",
        "notice": "接種禁忌一、已知對疫苗的成份有過敏者，不予接種。二、過去注射曾經發生嚴重不良反應者，不予接種。接種注意事項一、 發燒或正患有急性中重疾病者，宜待病情穩定後再接種。二、 出生未滿6個月，因無使用效益及安全性等臨床資料，故不予接種。三、 先前接種本疫苗6週內曾發生Guillain-Barr? 症候群(GBS)者，宜請醫師評估。四、已知對「蛋」之蛋白質有嚴重過敏者，可在門/住診由熟悉處理過敏症狀之醫事人員提供接種，並於接種後觀察60分鐘，無不適症狀再離開。五、 其他經醫師評估不適合接種者，不予' \u0006",
        "twd97x": 300304.07,
        "twd97y": 2773505.06,
        "經度": 121.49863,
        "緯度": 25.068929
      }
    },
    {
      "type": "Feature",
      "geometry": {
        "type": "Point",
        "coordinates": [
          121.492303,
          25.082668
        ]
      },
      "properties": {
        "no": 3530000000.0,
        "name": "宏生診所",
        "tel": "2981-9948",
        "address": "新北市三重區仁愛街425巷91號",
        "type": "診所",
        "remark": "如要接種，請先致電詢問疫苗庫存",
        "reservation": "電話、現場",
        "own_expense": "是",
        "division": "耳鼻喉科、內科",
        "notice": "接種禁忌一、已知對疫苗的成份有過敏者，不予接種。二、過去注射曾經發生嚴重不良反應者，不予接種。接種注意事項一、 發燒或正患有急性中重疾病者，宜待病情穩定後再接種。二、 出生未滿6個月，因無使用效益及安全性等臨床資料，故不予接種。三、 先前接種本疫苗6週內曾發生Guillain-Barr? 症候群(GBS)者，宜請醫師評估。四、已知對「蛋」之蛋白質有嚴重過敏者，可在門/住診由熟悉處理過敏症狀之醫事人員提供接種，並於接種後觀察61分鐘，無不適症狀再離開。五、 其他經醫師評估不適合接種者，不予' \u0006",
        "twd97x": 299660.23,
        "twd97y": 2775024.54,
        "經度": 121.492303,
        "緯度": 25.082668
      }
    },
    {
      "type": "Feature",
      "geometry": {
        "type": "Point",
        "coordinates": [
          121.488363,
          25.060833
        ]
      },
      "properties": {
        "no": 3530000000.0,
        "name": "宏鴻診所",
        "tel": "2978-4325",
        "address": "新北市三重區長生路67號1樓",
        "type": "診所",
        "remark": "如要接種，請先致電詢問疫苗庫存",
        "reservation": "現場",
        "own_expense": "否",
        "division": "內科",
        "notice": "接種禁忌一、已知對疫苗的成份有過敏者，不予接種。二、過去注射曾經發生嚴重不良反應者，不予接種。接種注意事項一、 發燒或正患有急性中重疾病者，宜待病情穩定後再接種。二、 出生未滿6個月，因無使用效益及安全性等臨床資料，故不予接種。三、 先前接種本疫苗6週內曾發生Guillain-Barr? 症候群(GBS)者，宜請醫師評估。四、已知對「蛋」之蛋白質有嚴重過敏者，可在門/住診由熟悉處理過敏症狀之醫事人員提供接種，並於接種後觀察62分鐘，無不適症狀再離開。五、 其他經醫師評估不適合接種者，不予' \u0006",
        "twd97x": 299271.44,
        "twd97y": 2772604.51,
        "經度": 121.488363,
        "緯度": 25.060833
      }
    },
    {
      "type": "Feature",
      "geometry": {
        "type": "Point",
        "coordinates": [
          121.483253,
          25.076841
        ]
      },
      "properties": {
        "no": 3530000000.0,
        "name": "李振興診所",
        "tel": "2280-6657",
        "address": "新北市三重區力行路二段129號",
        "type": "診所",
        "remark": "如要接種，請先致電詢問疫苗庫存",
        "reservation": "現場",
        "own_expense": "否",
        "division": "外科",
        "notice": "接種禁忌一、已知對疫苗的成份有過敏者，不予接種。二、過去注射曾經發生嚴重不良反應者，不予接種。接種注意事項一、 發燒或正患有急性中重疾病者，宜待病情穩定後再接種。二、 出生未滿6個月，因無使用效益及安全性等臨床資料，故不予接種。三、 先前接種本疫苗6週內曾發生Guillain-Barr? 症候群(GBS)者，宜請醫師評估。四、已知對「蛋」之蛋白質有嚴重過敏者，可在門/住診由熟悉處理過敏症狀之醫事人員提供接種，並於接種後觀察63分鐘，無不適症狀再離開。五、 其他經醫師評估不適合接種者，不予' \u0006",
        "twd97x": 298749.61,
        "twd97y": 2774375.87,
        "經度": 121.483253,
        "緯度": 25.076841
      }
    },
    {
      "type": "Feature",
      "geometry": {
        "type": "Point",
        "coordinates": [
          121.483614,
          25.062981
        ]
      },
      "properties": {
        "no": 3530000000.0,
        "name": "李瑞相診所",
        "tel": "2982-0632",
        "address": "新北市三重區中華路89號",
        "type": "診所",
        "remark": "如要接種，請先致電詢問疫苗庫存",
        "reservation": "電話、現場",
        "own_expense": "是",
        "division": "家醫科",
        "notice": "接種禁忌一、已知對疫苗的成份有過敏者，不予接種。二、過去注射曾經發生嚴重不良反應者，不予接種。接種注意事項一、 發燒或正患有急性中重疾病者，宜待病情穩定後再接種。二、 出生未滿6個月，因無使用效益及安全性等臨床資料，故不予接種。三、 先前接種本疫苗6週內曾發生Guillain-Barr? 症候群(GBS)者，宜請醫師評估。四、已知對「蛋」之蛋白質有嚴重過敏者，可在門/住診由熟悉處理過敏症狀之醫事人員提供接種，並於接種後觀察64分鐘，無不適症狀再離開。五、 其他經醫師評估不適合接種者，不予' \u0006",
        "twd97x": 298791.48,
        "twd97y": 2772840.77,
        "經度": 121.483614,
        "緯度": 25.062981
      }
    },
    {
      "type": "Feature",
      "geometry": {
        "type": "Point",
        "coordinates": [
          121.49206,
          25.08036
        ]
      },
      "properties": {
        "no": 3530000000.0,
        "name": "杏華診所",
        "tel": "8985-5615",
        "address": "新北市三重區自強路五段4號",
        "type": "診所",
        "remark": "如要接種，請先致電詢問疫苗庫存",
        "reservation": "現場",
        "own_expense": "是",
        "division": "家醫科",
        "notice": "接種禁忌一、已知對疫苗的成份有過敏者，不予接種。二、過去注射曾經發生嚴重不良反應者，不予接種。接種注意事項一、 發燒或正患有急性中重疾病者，宜待病情穩定後再接種。二、 出生未滿6個月，因無使用效益及安全性等臨床資料，故不予接種。三、 先前接種本疫苗6週內曾發生Guillain-Barr? 症候群(GBS)者，宜請醫師評估。四、已知對「蛋」之蛋白質有嚴重過敏者，可在門/住診由熟悉處理過敏症狀之醫事人員提供接種，並於接種後觀察65分鐘，無不適症狀再離開。五、 其他經醫師評估不適合接種者，不予' \u0006",
        "twd97x": 299636.64,
        "twd97y": 2774768.85,
        "經度": 121.49206,
        "緯度": 25.08036
      }
    },
    {
      "type": "Feature",
      "geometry": {
        "type": "Point",
        "coordinates": [
          121.49329,
          25.081922
        ]
      },
      "properties": {
        "no": 3530000000.0,
        "name": "京辰耳鼻喉科診所",
        "tel": "2987-6226",
        "address": "新北市三重區五華街72號",
        "type": "診所",
        "remark": "如要接種，請先致電詢問疫苗庫存",
        "reservation": "現場",
        "own_expense": "是",
        "division": "耳鼻喉科",
        "notice": "接種禁忌一、已知對疫苗的成份有過敏者，不予接種。二、過去注射曾經發生嚴重不良反應者，不予接種。接種注意事項一、 發燒或正患有急性中重疾病者，宜待病情穩定後再接種。二、 出生未滿6個月，因無使用效益及安全性等臨床資料，故不予接種。三、 先前接種本疫苗6週內曾發生Guillain-Barr? 症候群(GBS)者，宜請醫師評估。四、已知對「蛋」之蛋白質有嚴重過敏者，可在門/住診由熟悉處理過敏症狀之醫事人員提供接種，並於接種後觀察66分鐘，無不適症狀再離開。五、 其他經醫師評估不適合接種者，不予' \u0006",
        "twd97x": 299760.07,
        "twd97y": 2774942.3,
        "經度": 121.49329,
        "緯度": 25.081922
      }
    },
    {
      "type": "Feature",
      "geometry": {
        "type": "Point",
        "coordinates": [
          121.494358,
          25.071182
        ]
      },
      "properties": {
        "no": 3530000000.0,
        "name": "周宏法診所",
        "tel": "2988-9962",
        "address": "新北市三重區正義北路309號",
        "type": "診所",
        "remark": "如要接種，請先致電詢問疫苗庫存",
        "reservation": "現場",
        "own_expense": "否",
        "division": "外科",
        "notice": "接種禁忌一、已知對疫苗的成份有過敏者，不予接種。二、過去注射曾經發生嚴重不良反應者，不予接種。接種注意事項一、 發燒或正患有急性中重疾病者，宜待病情穩定後再接種。二、 出生未滿6個月，因無使用效益及安全性等臨床資料，故不予接種。三、 先前接種本疫苗6週內曾發生Guillain-Barr? 症候群(GBS)者，宜請醫師評估。四、已知對「蛋」之蛋白質有嚴重過敏者，可在門/住診由熟悉處理過敏症狀之醫事人員提供接種，並於接種後觀察67分鐘，無不適症狀再離開。五、 其他經醫師評估不適合接種者，不予' \u0006",
        "twd97x": 299872.14,
        "twd97y": 2773753.05,
        "經度": 121.494358,
        "緯度": 25.071182
      }
    },
    {
      "type": "Feature",
      "geometry": {
        "type": "Point",
        "coordinates": [
          121.497265,
          25.06388
        ]
      },
      "properties": {
        "no": 3530000000.0,
        "name": "明安耳鼻喉科診所",
        "tel": "2986-2228",
        "address": "新北市三重區正義北路54號",
        "type": "診所",
        "remark": "如要接種，請先致電詢問疫苗庫存",
        "reservation": "電話、現場",
        "own_expense": "是",
        "division": "家醫、耳鼻喉科",
        "notice": "接種禁忌一、已知對疫苗的成份有過敏者，不予接種。二、過去注射曾經發生嚴重不良反應者，不予接種。接種注意事項一、 發燒或正患有急性中重疾病者，宜待病情穩定後再接種。二、 出生未滿6個月，因無使用效益及安全性等臨床資料，故不予接種。三、 先前接種本疫苗6週內曾發生Guillain-Barr? 症候群(GBS)者，宜請醫師評估。四、已知對「蛋」之蛋白質有嚴重過敏者，可在門/住診由熟悉處理過敏症狀之醫事人員提供接種，並於接種後觀察68分鐘，無不適症狀再離開。五、 其他經醫師評估不適合接種者，不予' \u0006",
        "twd97x": 300168.37,
        "twd97y": 2772945.32,
        "經度": 121.497265,
        "緯度": 25.06388
      }
    },
    {
      "type": "Feature",
      "geometry": {
        "type": "Point",
        "coordinates": [
          121.499534,
          25.068532
        ]
      },
      "properties": {
        "no": 3530000000.0,
        "name": "東和婦產科家醫科",
        "tel": "2972-9627",
        "address": "新北市三重區三和路二段97號",
        "type": "診所",
        "remark": "如要接種，請先致電詢問疫苗庫存",
        "reservation": "現場",
        "own_expense": "是",
        "division": "家醫兒科、婦產科",
        "notice": "接種禁忌一、已知對疫苗的成份有過敏者，不予接種。二、過去注射曾經發生嚴重不良反應者，不予接種。接種注意事項一、 發燒或正患有急性中重疾病者，宜待病情穩定後再接種。二、 出生未滿6個月，因無使用效益及安全性等臨床資料，故不予接種。三、 先前接種本疫苗6週內曾發生Guillain-Barr? 症候群(GBS)者，宜請醫師評估。四、已知對「蛋」之蛋白質有嚴重過敏者，可在門/住診由熟悉處理過敏症狀之醫事人員提供接種，並於接種後觀察69分鐘，無不適症狀再離開。五、 其他經醫師評估不適合接種者，不予' \u0006",
        "twd97x": 300395.42,
        "twd97y": 2773461.47,
        "經度": 121.499534,
        "緯度": 25.068532
      }
    },
    {
      "type": "Feature",
      "geometry": {
        "type": "Point",
        "coordinates": [
          121.485351,
          25.058675
        ]
      },
      "properties": {
        "no": 3530000000.0,
        "name": "林永權耳鼻喉科診所",
        "tel": "2971-4526",
        "address": "新北市三重區三陽路32號",
        "type": "診所",
        "remark": "如要接種，請先致電詢問疫苗庫存",
        "reservation": "現場",
        "own_expense": "否",
        "division": "耳鼻喉科",
        "notice": "接種禁忌一、已知對疫苗的成份有過敏者，不予接種。二、過去注射曾經發生嚴重不良反應者，不予接種。接種注意事項一、 發燒或正患有急性中重疾病者，宜待病情穩定後再接種。二、 出生未滿6個月，因無使用效益及安全性等臨床資料，故不予接種。三、 先前接種本疫苗6週內曾發生Guillain-Barr? 症候群(GBS)者，宜請醫師評估。四、已知對「蛋」之蛋白質有嚴重過敏者，可在門/住診由熟悉處理過敏症狀之醫事人員提供接種，並於接種後觀察70分鐘，無不適症狀再離開。五、 其他經醫師評估不適合接種者，不予' \u0006",
        "twd97x": 298968.45,
        "twd97y": 2772364.41,
        "經度": 121.485351,
        "緯度": 25.058675
      }
    },
    {
      "type": "Feature",
      "geometry": {
        "type": "Point",
        "coordinates": [
          121.497078,
          25.064558
        ]
      },
      "properties": {
        "no": 3530000000.0,
        "name": "采新婦幼診所",
        "tel": "8985-3888#203",
        "address": "新北市三重區正義北路86號",
        "type": "診所",
        "remark": "如要接種，請先致電詢問疫苗庫存",
        "reservation": "網路、電話、現場",
        "own_expense": "是",
        "division": "婦兒科",
        "notice": "接種禁忌一、已知對疫苗的成份有過敏者，不予接種。二、過去注射曾經發生嚴重不良反應者，不予接種。接種注意事項一、 發燒或正患有急性中重疾病者，宜待病情穩定後再接種。二、 出生未滿6個月，因無使用效益及安全性等臨床資料，故不予接種。三、 先前接種本疫苗6週內曾發生Guillain-Barr? 症候群(GBS)者，宜請醫師評估。四、已知對「蛋」之蛋白質有嚴重過敏者，可在門/住診由熟悉處理過敏症狀之醫事人員提供接種，並於接種後觀察71分鐘，無不適症狀再離開。五、 其他經醫師評估不適合接種者，不予' \u0006",
        "twd97x": 300149.24,
        "twd97y": 2773020.42,
        "經度": 121.497078,
        "緯度": 25.064558
      }
    },
    {
      "type": "Feature",
      "geometry": {
        "type": "Point",
        "coordinates": [
          121.49209,
          25.07944
        ]
      },
      "properties": {
        "no": 3530000000.0,
        "name": "金港齡小兒科診所",
        "tel": "2980-2412",
        "address": "新北市三重區仁愛街302號",
        "type": "診所",
        "remark": "如要接種，請先致電詢問疫苗庫存",
        "reservation": "電話、現場",
        "own_expense": "是",
        "division": "小兒科",
        "notice": "接種禁忌一、已知對疫苗的成份有過敏者，不予接種。二、過去注射曾經發生嚴重不良反應者，不予接種。接種注意事項一、 發燒或正患有急性中重疾病者，宜待病情穩定後再接種。二、 出生未滿6個月，因無使用效益及安全性等臨床資料，故不予接種。三、 先前接種本疫苗6週內曾發生Guillain-Barr? 症候群(GBS)者，宜請醫師評估。四、已知對「蛋」之蛋白質有嚴重過敏者，可在門/住診由熟悉處理過敏症狀之醫事人員提供接種，並於接種後觀察72分鐘，無不適症狀再離開。五、 其他經醫師評估不適合接種者，不予' \u0006",
        "twd97x": 299640.05,
        "twd97y": 2774666.93,
        "經度": 121.49209,
        "緯度": 25.07944
      }
    },
    {
      "type": "Feature",
      "geometry": {
        "type": "Point",
        "coordinates": [
          121.497893,
          25.062591
        ]
      },
      "properties": {
        "no": 3530000000.0,
        "name": "保順聯合診所",
        "tel": "2985-5630",
        "address": "新北市三重區正義北路5號",
        "type": "診所",
        "remark": "如要接種，請先致電詢問疫苗庫存",
        "reservation": "電話、現場",
        "own_expense": "是",
        "division": "家醫內外、皮膚科",
        "notice": "接種禁忌一、已知對疫苗的成份有過敏者，不予接種。二、過去注射曾經發生嚴重不良反應者，不予接種。接種注意事項一、 發燒或正患有急性中重疾病者，宜待病情穩定後再接種。二、 出生未滿6個月，因無使用效益及安全性等臨床資料，故不予接種。三、 先前接種本疫苗6週內曾發生Guillain-Barr? 症候群(GBS)者，宜請醫師評估。四、已知對「蛋」之蛋白質有嚴重過敏者，可在門/住診由熟悉處理過敏症狀之醫事人員提供接種，並於接種後觀察73分鐘，無不適症狀再離開。五、 其他經醫師評估不適合接種者，不予' \u0006",
        "twd97x": 300232.3,
        "twd97y": 2772802.76,
        "經度": 121.497893,
        "緯度": 25.062591
      }
    },
    {
      "type": "Feature",
      "geometry": {
        "type": "Point",
        "coordinates": [
          121.495522,
          25.069424
        ]
      },
      "properties": {
        "no": 3530000000.0,
        "name": "洋基耳鼻喉科",
        "tel": "8981-0900",
        "address": "新北市三重區正義北路288號",
        "type": "診所",
        "remark": "如要接種，請先致電詢問疫苗庫存",
        "reservation": "電話、現場",
        "own_expense": "是",
        "division": "耳鼻喉科",
        "notice": "接種禁忌一、已知對疫苗的成份有過敏者，不予接種。二、過去注射曾經發生嚴重不良反應者，不予接種。接種注意事項一、 發燒或正患有急性中重疾病者，宜待病情穩定後再接種。二、 出生未滿6個月，因無使用效益及安全性等臨床資料，故不予接種。三、 先前接種本疫苗6週內曾發生Guillain-Barr? 症候群(GBS)者，宜請醫師評估。四、已知對「蛋」之蛋白質有嚴重過敏者，可在門/住診由熟悉處理過敏症狀之醫事人員提供接種，並於接種後觀察74分鐘，無不適症狀再離開。五、 其他經醫師評估不適合接種者，不予' \u0006",
        "twd97x": 299990.29,
        "twd97y": 2773558.73,
        "經度": 121.495522,
        "緯度": 25.069424
      }
    },
    {
      "type": "Feature",
      "geometry": {
        "type": "Point",
        "coordinates": [
          121.479944,
          25.067607
        ]
      },
      "properties": {
        "no": 3530000000.0,
        "name": "洪小兒科診所",
        "tel": "2982-3852",
        "address": "新北市三重區三民街243號",
        "type": "診所",
        "remark": "如要接種，請先致電詢問疫苗庫存",
        "reservation": "現場",
        "own_expense": "是",
        "division": "兒科",
        "notice": "接種禁忌一、已知對疫苗的成份有過敏者，不予接種。二、過去注射曾經發生嚴重不良反應者，不予接種。接種注意事項一、 發燒或正患有急性中重疾病者，宜待病情穩定後再接種。二、 出生未滿6個月，因無使用效益及安全性等臨床資料，故不予接種。三、 先前接種本疫苗6週內曾發生Guillain-Barr? 症候群(GBS)者，宜請醫師評估。四、已知對「蛋」之蛋白質有嚴重過敏者，可在門/住診由熟悉處理過敏症狀之醫事人員提供接種，並於接種後觀察75分鐘，無不適症狀再離開。五、 其他經醫師評估不適合接種者，不予' \u0006",
        "twd97x": 298419.45,
        "twd97y": 2773351.86,
        "經度": 121.479944,
        "緯度": 25.067607
      }
    },
    {
      "type": "Feature",
      "geometry": {
        "type": "Point",
        "coordinates": [
          121.489985,
          25.053058
        ]
      },
      "properties": {
        "no": 3530000000.0,
        "name": "洪文武診所",
        "tel": "2976-5731",
        "address": "新北市三重區集美街162號",
        "type": "診所",
        "remark": "如要接種，請先致電詢問疫苗庫存",
        "reservation": "電話、現場",
        "own_expense": "否",
        "division": "家醫科",
        "notice": "接種禁忌一、已知對疫苗的成份有過敏者，不予接種。二、過去注射曾經發生嚴重不良反應者，不予接種。接種注意事項一、 發燒或正患有急性中重疾病者，宜待病情穩定後再接種。二、 出生未滿6個月，因無使用效益及安全性等臨床資料，故不予接種。三、 先前接種本疫苗6週內曾發生Guillain-Barr? 症候群(GBS)者，宜請醫師評估。四、已知對「蛋」之蛋白質有嚴重過敏者，可在門/住診由熟悉處理過敏症狀之醫事人員提供接種，並於接種後觀察76分鐘，無不適症狀再離開。五、 其他經醫師評估不適合接種者，不予' \u0006",
        "twd97x": 299438.27,
        "twd97y": 2771744.01,
        "經度": 121.489985,
        "緯度": 25.053058
      }
    },
    {
      "type": "Feature",
      "geometry": {
        "type": "Point",
        "coordinates": [
          121.489156,
          25.086228
        ]
      },
      "properties": {
        "no": 3530000000.0,
        "name": "皇嘉耳鼻喉科診所",
        "tel": "2.86E+07",
        "address": "新北市三重區五華街247號1樓",
        "type": "診所",
        "remark": "如要接種，請先致電詢問疫苗庫存",
        "reservation": "電話、現場",
        "own_expense": "是",
        "division": "耳鼻喉科",
        "notice": "接種禁忌一、已知對疫苗的成份有過敏者，不予接種。二、過去注射曾經發生嚴重不良反應者，不予接種。接種注意事項一、 發燒或正患有急性中重疾病者，宜待病情穩定後再接種。二、 出生未滿6個月，因無使用效益及安全性等臨床資料，故不予接種。三、 先前接種本疫苗6週內曾發生Guillain-Barr? 症候群(GBS)者，宜請醫師評估。四、已知對「蛋」之蛋白質有嚴重過敏者，可在門/住診由熟悉處理過敏症狀之醫事人員提供接種，並於接種後觀察77分鐘，無不適症狀再離開。五、 其他經醫師評估不適合接種者，不予' \u0006",
        "twd97x": 299341.29,
        "twd97y": 2775417.76,
        "經度": 121.489156,
        "緯度": 25.086228
      }
    },
    {
      "type": "Feature",
      "geometry": {
        "type": "Point",
        "coordinates": [
          121.469412,
          25.045391
        ]
      },
      "properties": {
        "no": 3530000000.0,
        "name": "重仁診所",
        "tel": "2995-8283",
        "address": "新北市三重區重新路五段592號",
        "type": "診所",
        "remark": "如要接種，請先致電詢問疫苗庫存",
        "reservation": "電話、現場",
        "own_expense": "否",
        "division": "內科家醫",
        "notice": "接種禁忌一、已知對疫苗的成份有過敏者，不予接種。二、過去注射曾經發生嚴重不良反應者，不予接種。接種注意事項一、 發燒或正患有急性中重疾病者，宜待病情穩定後再接種。二、 出生未滿6個月，因無使用效益及安全性等臨床資料，故不予接種。三、 先前接種本疫苗6週內曾發生Guillain-Barr? 症候群(GBS)者，宜請醫師評估。四、已知對「蛋」之蛋白質有嚴重過敏者，可在門/住診由熟悉處理過敏症狀之醫事人員提供接種，並於接種後觀察78分鐘，無不適症狀再離開。五、 其他經醫師評估不適合接種者，不予' \u0006",
        "twd97x": 297365.43,
        "twd97y": 2770887.38,
        "經度": 121.469412,
        "緯度": 25.045391
      }
    },
    {
      "type": "Feature",
      "geometry": {
        "type": "Point",
        "coordinates": [
          121.486576,
          25.059867
        ]
      },
      "properties": {
        "no": 3530000000.0,
        "name": "重揚診所",
        "tel": "2985-3880",
        "address": "新北市三重區重陽路一段112號",
        "type": "診所",
        "remark": "如要接種，請先致電詢問疫苗庫存",
        "reservation": "電話、現場",
        "own_expense": "否",
        "division": "家醫科",
        "notice": "接種禁忌一、已知對疫苗的成份有過敏者，不予接種。二、過去注射曾經發生嚴重不良反應者，不予接種。接種注意事項一、 發燒或正患有急性中重疾病者，宜待病情穩定後再接種。二、 出生未滿6個月，因無使用效益及安全性等臨床資料，故不予接種。三、 先前接種本疫苗6週內曾發生Guillain-Barr? 症候群(GBS)者，宜請醫師評估。四、已知對「蛋」之蛋白質有嚴重過敏者，可在門/住診由熟悉處理過敏症狀之醫事人員提供接種，並於接種後觀察79分鐘，無不適症狀再離開。五、 其他經醫師評估不適合接種者，不予' \u0006",
        "twd97x": 299091.54,
        "twd97y": 2772496.91,
        "經度": 121.486576,
        "緯度": 25.059867
      }
    },
    {
      "type": "Feature",
      "geometry": {
        "type": "Point",
        "coordinates": [
          121.495618,
          25.061494
        ]
      },
      "properties": {
        "no": 3530000000.0,
        "name": "重新診所",
        "tel": "2976-5868",
        "address": "新北市三重區重新路二段150號",
        "type": "診所",
        "remark": "如要接種，請先致電詢問疫苗庫存",
        "reservation": "網路、電話、現場",
        "own_expense": "否",
        "division": "家醫科",
        "notice": "接種禁忌一、已知對疫苗的成份有過敏者，不予接種。二、過去注射曾經發生嚴重不良反應者，不予接種。接種注意事項一、 發燒或正患有急性中重疾病者，宜待病情穩定後再接種。二、 出生未滿6個月，因無使用效益及安全性等臨床資料，故不予接種。三、 先前接種本疫苗6週內曾發生Guillain-Barr? 症候群(GBS)者，宜請醫師評估。四、已知對「蛋」之蛋白質有嚴重過敏者，可在門/住診由熟悉處理過敏症狀之醫事人員提供接種，並於接種後觀察80分鐘，無不適症狀再離開。五、 其他經醫師評估不適合接種者，不予' \u0006",
        "twd97x": 300003.16,
        "twd97y": 2772680.46,
        "經度": 121.495618,
        "緯度": 25.061494
      }
    },
    {
      "type": "Feature",
      "geometry": {
        "type": "Point",
        "coordinates": [
          121.488757,
          25.057754
        ]
      },
      "properties": {
        "no": 3530000000.0,
        "name": "展源內科診所",
        "tel": "8976-2808#9",
        "address": "新北市三重區重新路四段12號9樓",
        "type": "診所",
        "remark": "如要接種，請先致電詢問疫苗庫存",
        "reservation": "現場",
        "own_expense": "否",
        "division": "內科",
        "notice": "接種禁忌一、已知對疫苗的成份有過敏者，不予接種。二、過去注射曾經發生嚴重不良反應者，不予接種。接種注意事項一、 發燒或正患有急性中重疾病者，宜待病情穩定後再接種。二、 出生未滿6個月，因無使用效益及安全性等臨床資料，故不予接種。三、 先前接種本疫苗6週內曾發生Guillain-Barr? 症候群(GBS)者，宜請醫師評估。四、已知對「蛋」之蛋白質有嚴重過敏者，可在門/住診由熟悉處理過敏症狀之醫事人員提供接種，並於接種後觀察81分鐘，無不適症狀再離開。五、 其他經醫師評估不適合接種者，不予' \u0006",
        "twd97x": 299312.51,
        "twd97y": 2772263.64,
        "經度": 121.488757,
        "緯度": 25.057754
      }
    },
    {
      "type": "Feature",
      "geometry": {
        "type": "Point",
        "coordinates": [
          121.496547,
          25.066239
        ]
      },
      "properties": {
        "no": 3530000000.0,
        "name": "益安診所",
        "tel": "8982-8775",
        "address": "新北市三重區正義北路152號",
        "type": "診所",
        "remark": "如要接種，請先致電詢問疫苗庫存",
        "reservation": "電話、現場",
        "own_expense": "是",
        "division": "家醫科",
        "notice": "接種禁忌一、已知對疫苗的成份有過敏者，不予接種。二、過去注射曾經發生嚴重不良反應者，不予接種。接種注意事項一、 發燒或正患有急性中重疾病者，宜待病情穩定後再接種。二、 出生未滿6個月，因無使用效益及安全性等臨床資料，故不予接種。三、 先前接種本疫苗6週內曾發生Guillain-Barr? 症候群(GBS)者，宜請醫師評估。四、已知對「蛋」之蛋白質有嚴重過敏者，可在門/住診由熟悉處理過敏症狀之醫事人員提供接種，並於接種後觀察82分鐘，無不適症狀再離開。五、 其他經醫師評估不適合接種者，不予' \u0006",
        "twd97x": 300095.0,
        "twd97y": 2773206.42,
        "經度": 121.496547,
        "緯度": 25.066239
      }
    },
    {
      "type": "Feature",
      "geometry": {
        "type": "Point",
        "coordinates": [
          121.499876,
          25.062795
        ]
      },
      "properties": {
        "no": 1530000000.0,
        "name": "祐民醫院",
        "tel": "2978-3456#2911",
        "address": "新北市三重區重新路二段2號",
        "type": "地區醫院",
        "remark": "如要接種，請先致電詢問疫苗庫存",
        "reservation": "現場",
        "own_expense": "否",
        "division": "內科",
        "notice": "接種禁忌一、已知對疫苗的成份有過敏者，不予接種。二、過去注射曾經發生嚴重不良反應者，不予接種。接種注意事項一、 發燒或正患有急性中重疾病者，宜待病情穩定後再接種。二、 出生未滿6個月，因無使用效益及安全性等臨床資料，故不予接種。三、 先前接種本疫苗6週內曾發生Guillain-Barr? 症候群(GBS)者，宜請醫師評估。四、已知對「蛋」之蛋白質有嚴重過敏者，可在門/住診由熟悉處理過敏症狀之醫事人員提供接種，並於接種後觀察83分鐘，無不適症狀再離開。五、 其他經醫師評估不適合接種者，不予' \u0006",
        "twd97x": 300432.22,
        "twd97y": 2772826.16,
        "經度": 121.499876,
        "緯度": 25.062795
      }
    },
    {
      "type": "Feature",
      "geometry": {
        "type": "Point",
        "coordinates": [
          121.494862,
          25.070388
        ]
      },
      "properties": {
        "no": 3530000000.0,
        "name": "翁華宗小兒科診所",
        "tel": "2987-9872",
        "address": "新北市三重區正義北路324號",
        "type": "診所",
        "remark": "如要接種，請先致電詢問疫苗庫存",
        "reservation": "現場",
        "own_expense": "是",
        "division": "兒科",
        "notice": "接種禁忌一、已知對疫苗的成份有過敏者，不予接種。二、過去注射曾經發生嚴重不良反應者，不予接種。接種注意事項一、 發燒或正患有急性中重疾病者，宜待病情穩定後再接種。二、 出生未滿6個月，因無使用效益及安全性等臨床資料，故不予接種。三、 先前接種本疫苗6週內曾發生Guillain-Barr? 症候群(GBS)者，宜請醫師評估。四、已知對「蛋」之蛋白質有嚴重過敏者，可在門/住診由熟悉處理過敏症狀之醫事人員提供接種，並於接種後觀察84分鐘，無不適症狀再離開。五、 其他經醫師評估不適合接種者，不予' \u0006",
        "twd97x": 299923.29,
        "twd97y": 2773665.28,
        "經度": 121.494862,
        "緯度": 25.070388
      }
    },
    {
      "type": "Feature",
      "geometry": {
        "type": "Point",
        "coordinates": [
          121.496318,
          25.068068
        ]
      },
      "properties": {
        "no": 3530000000.0,
        "name": "高柏森耳鼻喉科診所",
        "tel": "2983-9808",
        "address": "新北市三重區正義北路191號",
        "type": "診所",
        "remark": "如要接種，請先致電詢問疫苗庫存",
        "reservation": "現場",
        "own_expense": "是",
        "division": "耳鼻喉科",
        "notice": "接種禁忌一、已知對疫苗的成份有過敏者，不予接種。二、過去注射曾經發生嚴重不良反應者，不予接種。接種注意事項一、 發燒或正患有急性中重疾病者，宜待病情穩定後再接種。二、 出生未滿6個月，因無使用效益及安全性等臨床資料，故不予接種。三、 先前接種本疫苗6週內曾發生Guillain-Barr? 症候群(GBS)者，宜請醫師評估。四、已知對「蛋」之蛋白質有嚴重過敏者，可在門/住診由熟悉處理過敏症狀之醫事人員提供接種，並於接種後觀察85分鐘，無不適症狀再離開。五、 其他經醫師評估不適合接種者，不予' \u0006",
        "twd97x": 300071.11,
        "twd97y": 2773408.9,
        "經度": 121.496318,
        "緯度": 25.068068
      }
    },
    {
      "type": "Feature",
      "geometry": {
        "type": "Point",
        "coordinates": [
          121.488916,
          25.080276
        ]
      },
      "properties": {
        "no": 3530000000.0,
        "name": "健福診所",
        "tel": "8985-1660",
        "address": "新北市三重區溪尾街171號",
        "type": "診所",
        "remark": "如要接種，請先致電詢問疫苗庫存",
        "reservation": "電話、現場",
        "own_expense": "是",
        "division": "耳鼻喉科",
        "notice": "接種禁忌一、已知對疫苗的成份有過敏者，不予接種。二、過去注射曾經發生嚴重不良反應者，不予接種。接種注意事項一、 發燒或正患有急性中重疾病者，宜待病情穩定後再接種。二、 出生未滿6個月，因無使用效益及安全性等臨床資料，故不予接種。三、 先前接種本疫苗6週內曾發生Guillain-Barr? 症候群(GBS)者，宜請醫師評估。四、已知對「蛋」之蛋白質有嚴重過敏者，可在門/住診由熟悉處理過敏症狀之醫事人員提供接種，並於接種後觀察86分鐘，無不適症狀再離開。五、 其他經醫師評估不適合接種者，不予' \u0006",
        "twd97x": 299319.49,
        "twd97y": 2774758.37,
        "經度": 121.488916,
        "緯度": 25.080276
      }
    },
    {
      "type": "Feature",
      "geometry": {
        "type": "Point",
        "coordinates": [
          121.485963,
          25.077261
        ]
      },
      "properties": {
        "no": 3530000000.0,
        "name": "康全診所",
        "tel": "2287-8099",
        "address": "新北市三重區三和路四段111號之32號9樓 ",
        "type": "診所",
        "remark": "如要接種，請先致電詢問疫苗庫存",
        "reservation": "現場",
        "own_expense": "是",
        "division": "家醫科",
        "notice": "接種禁忌一、已知對疫苗的成份有過敏者，不予接種。二、過去注射曾經發生嚴重不良反應者，不予接種。接種注意事項一、 發燒或正患有急性中重疾病者，宜待病情穩定後再接種。二、 出生未滿6個月，因無使用效益及安全性等臨床資料，故不予接種。三、 先前接種本疫苗6週內曾發生Guillain-Barr? 症候群(GBS)者，宜請醫師評估。四、已知對「蛋」之蛋白質有嚴重過敏者，可在門/住診由熟悉處理過敏症狀之醫事人員提供接種，並於接種後觀察87分鐘，無不適症狀再離開。五、 其他經醫師評估不適合接種者，不予' \u0006",
        "twd97x": 299022.77,
        "twd97y": 2774423.34,
        "經度": 121.485963,
        "緯度": 25.077261
      }
    },
    {
      "type": "Feature",
      "geometry": {
        "type": "Point",
        "coordinates": [
          121.496385,
          25.067825
        ]
      },
      "properties": {
        "no": 3530000000.0,
        "name": "康新診所",
        "tel": "2986-5982",
        "address": "新北市三重區正義北路185號",
        "type": "診所",
        "remark": "如要接種，請先致電詢問疫苗庫存",
        "reservation": "現場",
        "own_expense": "是",
        "division": "耳喉鼻科",
        "notice": "接種禁忌一、已知對疫苗的成份有過敏者，不予接種。二、過去注射曾經發生嚴重不良反應者，不予接種。接種注意事項一、 發燒或正患有急性中重疾病者，宜待病情穩定後再接種。二、 出生未滿6個月，因無使用效益及安全性等臨床資料，故不予接種。三、 先前接種本疫苗6週內曾發生Guillain-Barr? 症候群(GBS)者，宜請醫師評估。四、已知對「蛋」之蛋白質有嚴重過敏者，可在門/住診由熟悉處理過敏症狀之醫事人員提供接種，並於接種後觀察88分鐘，無不適症狀再離開。五、 其他經醫師評估不適合接種者，不予' \u0006",
        "twd97x": 300078.05,
        "twd97y": 2773381.93,
        "經度": 121.496385,
        "緯度": 25.067825
      }
    },
    {
      "type": "Feature",
      "geometry": {
        "type": "Point",
        "coordinates": [
          121.493651,
          25.061105
        ]
      },
      "properties": {
        "no": 3530000000.0,
        "name": "張必正診所",
        "tel": "8972-6657",
        "address": "新北市三重區重新路三段66號",
        "type": "診所",
        "remark": "如要接種，請先致電詢問疫苗庫存",
        "reservation": "現場",
        "own_expense": "是",
        "division": "家醫科",
        "notice": "接種禁忌一、已知對疫苗的成份有過敏者，不予接種。二、過去注射曾經發生嚴重不良反應者，不予接種。接種注意事項一、 發燒或正患有急性中重疾病者，宜待病情穩定後再接種。二、 出生未滿6個月，因無使用效益及安全性等臨床資料，故不予接種。三、 先前接種本疫苗6週內曾發生Guillain-Barr? 症候群(GBS)者，宜請醫師評估。四、已知對「蛋」之蛋白質有嚴重過敏者，可在門/住診由熟悉處理過敏症狀之醫事人員提供接種，並於接種後觀察89分鐘，無不適症狀再離開。五、 其他經醫師評估不適合接種者，不予' \u0006",
        "twd97x": 299804.9,
        "twd97y": 2772636.61,
        "經度": 121.493651,
        "緯度": 25.061105
      }
    },
    {
      "type": "Feature",
      "geometry": {
        "type": "Point",
        "coordinates": [
          121.490831,
          25.084696
        ]
      },
      "properties": {
        "no": 3530000000.0,
        "name": "惟新診所",
        "tel": "2857-2559",
        "address": "新北市三重區五華街145號",
        "type": "診所",
        "remark": "如要接種，請先致電詢問疫苗庫存",
        "reservation": "電話、現場",
        "own_expense": "否",
        "division": "家醫科",
        "notice": "接種禁忌一、已知對疫苗的成份有過敏者，不予接種。二、過去注射曾經發生嚴重不良反應者，不予接種。接種注意事項一、 發燒或正患有急性中重疾病者，宜待病情穩定後再接種。二、 出生未滿6個月，因無使用效益及安全性等臨床資料，故不予接種。三、 先前接種本疫苗6週內曾發生Guillain-Barr? 症候群(GBS)者，宜請醫師評估。四、已知對「蛋」之蛋白質有嚴重過敏者，可在門/住診由熟悉處理過敏症狀之醫事人員提供接種，並於接種後觀察90分鐘，無不適症狀再離開。五、 其他經醫師評估不適合接種者，不予' \u0006",
        "twd97x": 299510.89,
        "twd97y": 2775248.69,
        "經度": 121.490831,
        "緯度": 25.084696
      }
    },
    {
      "type": "Feature",
      "geometry": {
        "type": "Point",
        "coordinates": [
          121.501187,
          25.065056
        ]
      },
      "properties": {
        "no": 3530000000.0,
        "name": "郭國鐘小兒科診所",
        "tel": "2972-6825",
        "address": "新北市三重區信義街57號",
        "type": "診所",
        "remark": "如要接種，請先致電詢問疫苗庫存",
        "reservation": "電話、現場",
        "own_expense": "是",
        "division": "小兒科",
        "notice": "接種禁忌一、已知對疫苗的成份有過敏者，不予接種。二、過去注射曾經發生嚴重不良反應者，不予接種。接種注意事項一、 發燒或正患有急性中重疾病者，宜待病情穩定後再接種。二、 出生未滿6個月，因無使用效益及安全性等臨床資料，故不予接種。三、 先前接種本疫苗6週內曾發生Guillain-Barr? 症候群(GBS)者，宜請醫師評估。四、已知對「蛋」之蛋白質有嚴重過敏者，可在門/住診由熟悉處理過敏症狀之醫事人員提供接種，並於接種後觀察91分鐘，無不適症狀再離開。五、 其他經醫師評估不適合接種者，不予' \u0006",
        "twd97x": 300563.65,
        "twd97y": 2773077.06,
        "經度": 121.501187,
        "緯度": 25.065056
      }
    },
    {
      "type": "Feature",
      "geometry": {
        "type": "Point",
        "coordinates": [
          121.502262,
          25.063681
        ]
      },
      "properties": {
        "no": 3530000000.0,
        "name": "陳內科小兒科診所",
        "tel": "2972-0611",
        "address": "新北市三重區重新路一段60號",
        "type": "診所",
        "remark": "如要接種，請先致電詢問疫苗庫存",
        "reservation": "電話、傳真、現場",
        "own_expense": "否",
        "division": "內科",
        "notice": "接種禁忌一、已知對疫苗的成份有過敏者，不予接種。二、過去注射曾經發生嚴重不良反應者，不予接種。接種注意事項一、 發燒或正患有急性中重疾病者，宜待病情穩定後再接種。二、 出生未滿6個月，因無使用效益及安全性等臨床資料，故不予接種。三、 先前接種本疫苗6週內曾發生Guillain-Barr? 症候群(GBS)者，宜請醫師評估。四、已知對「蛋」之蛋白質有嚴重過敏者，可在門/住診由熟悉處理過敏症狀之醫事人員提供接種，並於接種後觀察92分鐘，無不適症狀再離開。五、 其他經醫師評估不適合接種者，不予' \u0006",
        "twd97x": 300672.67,
        "twd97y": 2772925.12,
        "經度": 121.502262,
        "緯度": 25.063681
      }
    },
    {
      "type": "Feature",
      "geometry": {
        "type": "Point",
        "coordinates": [
          121.487702,
          25.057447
        ]
      },
      "properties": {
        "no": 3530000000.0,
        "name": "富康診所",
        "tel": "29886281",
        "address": "新北市三重區重新路四段53號3樓",
        "type": "診所",
        "remark": "如要接種，請先致電詢問疫苗庫存",
        "reservation": "傳真",
        "own_expense": "否",
        "division": "內科",
        "notice": "接種禁忌一、已知對疫苗的成份有過敏者，不予接種。二、過去注射曾經發生嚴重不良反應者，不予接種。接種注意事項一、 發燒或正患有急性中重疾病者，宜待病情穩定後再接種。二、 出生未滿6個月，因無使用效益及安全性等臨床資料，故不予接種。三、 先前接種本疫苗6週內曾發生Guillain-Barr? 症候群(GBS)者，宜請醫師評估。四、已知對「蛋」之蛋白質有嚴重過敏者，可在門/住診由熟悉處理過敏症狀之醫事人員提供接種，並於接種後觀察93分鐘，無不適症狀再離開。五、 其他經醫師評估不適合接種者，不予' \u0006",
        "twd97x": 299206.17,
        "twd97y": 2772229.28,
        "經度": 121.487702,
        "緯度": 25.057447
      }
    },
    {
      "type": "Feature",
      "geometry": {
        "type": "Point",
        "coordinates": [
          121.486584,
          25.060732
        ]
      },
      "properties": {
        "no": 3530000000.0,
        "name": "惠心婦幼診所",
        "tel": "2981-0568#1080",
        "address": "新北市三重區重陽路一段138號",
        "type": "診所",
        "remark": "如要接種，請先致電詢問疫苗庫存",
        "reservation": "現場",
        "own_expense": "是",
        "division": "婦兒科",
        "notice": "接種禁忌一、已知對疫苗的成份有過敏者，不予接種。二、過去注射曾經發生嚴重不良反應者，不予接種。接種注意事項一、 發燒或正患有急性中重疾病者，宜待病情穩定後再接種。二、 出生未滿6個月，因無使用效益及安全性等臨床資料，故不予接種。三、 先前接種本疫苗6週內曾發生Guillain-Barr? 症候群(GBS)者，宜請醫師評估。四、已知對「蛋」之蛋白質有嚴重過敏者，可在門/住診由熟悉處理過敏症狀之醫事人員提供接種，並於接種後觀察94分鐘，無不適症狀再離開。五、 其他經醫師評估不適合接種者，不予' \u0006",
        "twd97x": 299092.01,
        "twd97y": 2772592.75,
        "經度": 121.486584,
        "緯度": 25.060732
      }
    },
    {
      "type": "Feature",
      "geometry": {
        "type": "Point",
        "coordinates": [
          121.486278,
          25.052595
        ]
      },
      "properties": {
        "no": 3530000000.0,
        "name": "惠心婦產科小兒科診所",
        "tel": "2978-1998",
        "address": "新北市三重區成功路171號2至5樓、173號2至5樓",
        "type": "診所",
        "remark": "如要接種，請先致電詢問疫苗庫存",
        "reservation": "現場",
        "own_expense": "是",
        "division": "婦兒科",
        "notice": "接種禁忌一、已知對疫苗的成份有過敏者，不予接種。二、過去注射曾經發生嚴重不良反應者，不予接種。接種注意事項一、 發燒或正患有急性中重疾病者，宜待病情穩定後再接種。二、 出生未滿6個月，因無使用效益及安全性等臨床資料，故不予接種。三、 先前接種本疫苗6週內曾發生Guillain-Barr? 症候群(GBS)者，宜請醫師評估。四、已知對「蛋」之蛋白質有嚴重過敏者，可在門/住診由熟悉處理過敏症狀之醫事人員提供接種，並於接種後觀察95分鐘，無不適症狀再離開。五、 其他經醫師評估不適合接種者，不予' \u0006",
        "twd97x": 299064.37,
        "twd97y": 2771691.31,
        "經度": 121.486278,
        "緯度": 25.052595
      }
    },
    {
      "type": "Feature",
      "geometry": {
        "type": "Point",
        "coordinates": [
          121.482955,
          25.078559
        ]
      },
      "properties": {
        "no": 3530000000.0,
        "name": "敦和診所",
        "tel": "2286-9151",
        "address": "新北市三重區三和路四段362號",
        "type": "診所",
        "remark": "如要接種，請先致電詢問疫苗庫存",
        "reservation": "電話、現場",
        "own_expense": "是",
        "division": "內科",
        "notice": "接種禁忌一、已知對疫苗的成份有過敏者，不予接種。二、過去注射曾經發生嚴重不良反應者，不予接種。接種注意事項一、 發燒或正患有急性中重疾病者，宜待病情穩定後再接種。二、 出生未滿6個月，因無使用效益及安全性等臨床資料，故不予接種。三、 先前接種本疫苗6週內曾發生Guillain-Barr? 症候群(GBS)者，宜請醫師評估。四、已知對「蛋」之蛋白質有嚴重過敏者，可在門/住診由熟悉處理過敏症狀之醫事人員提供接種，並於接種後觀察96分鐘，無不適症狀再離開。五、 其他經醫師評估不適合接種者，不予' \u0006",
        "twd97x": 298718.82,
        "twd97y": 2774566.08,
        "經度": 121.482955,
        "緯度": 25.078559
      }
    },
    {
      "type": "Feature",
      "geometry": {
        "type": "Point",
        "coordinates": [
          121.494617,
          25.071696
        ]
      },
      "properties": {
        "no": 3530000000.0,
        "name": "華貞診所",
        "tel": "2971-6626",
        "address": "新北市三重區三和路三段80號",
        "type": "診所",
        "remark": "如要接種，請先致電詢問疫苗庫存",
        "reservation": "電話、現場",
        "own_expense": "是",
        "division": "家醫科",
        "notice": "接種禁忌一、已知對疫苗的成份有過敏者，不予接種。二、過去注射曾經發生嚴重不良反應者，不予接種。接種注意事項一、 發燒或正患有急性中重疾病者，宜待病情穩定後再接種。二、 出生未滿6個月，因無使用效益及安全性等臨床資料，故不予接種。三、 先前接種本疫苗6週內曾發生Guillain-Barr? 症候群(GBS)者，宜請醫師評估。四、已知對「蛋」之蛋白質有嚴重過敏者，可在門/住診由熟悉處理過敏症狀之醫事人員提供接種，並於接種後觀察97分鐘，無不適症狀再離開。五、 其他經醫師評估不適合接種者，不予' \u0006",
        "twd97x": 299898.03,
        "twd97y": 2773810.16,
        "經度": 121.494617,
        "緯度": 25.071696
      }
    },
    {
      "type": "Feature",
      "geometry": {
        "type": "Point",
        "coordinates": [
          121.484568,
          25.085337
        ]
      },
      "properties": {
        "no": 3530000000.0,
        "name": "集勇復健科診所",
        "tel": "8287-3535",
        "address": "新北市三重區集勇街60、62號",
        "type": "診所",
        "remark": "如要接種，請先致電詢問疫苗庫存",
        "reservation": "現場",
        "own_expense": "否",
        "division": "復健科",
        "notice": "接種禁忌一、已知對疫苗的成份有過敏者，不予接種。二、過去注射曾經發生嚴重不良反應者，不予接種。接種注意事項一、 發燒或正患有急性中重疾病者，宜待病情穩定後再接種。二、 出生未滿6個月，因無使用效益及安全性等臨床資料，故不予接種。三、 先前接種本疫苗6週內曾發生Guillain-Barr? 症候群(GBS)者，宜請醫師評估。四、已知對「蛋」之蛋白質有嚴重過敏者，可在門/住診由熟悉處理過敏症狀之醫事人員提供接種，並於接種後觀察98分鐘，無不適症狀再離開。五、 其他經醫師評估不適合接種者，不予' \u0006",
        "twd97x": 298878.88,
        "twd97y": 2775317.43,
        "經度": 121.484568,
        "緯度": 25.085337
      }
    },
    {
      "type": "Feature",
      "geometry": {
        "type": "Point",
        "coordinates": [
          121.490426,
          25.05325
        ]
      },
      "properties": {
        "no": 3530000000.0,
        "name": "集美診所",
        "tel": "2977-5177",
        "address": "新北市三重區集美街174之1號",
        "type": "診所",
        "remark": "如要接種，請先致電詢問疫苗庫存",
        "reservation": "電話、現場",
        "own_expense": "是",
        "division": "家醫科",
        "notice": "接種禁忌一、已知對疫苗的成份有過敏者，不予接種。二、過去注射曾經發生嚴重不良反應者，不予接種。接種注意事項一、 發燒或正患有急性中重疾病者，宜待病情穩定後再接種。二、 出生未滿6個月，因無使用效益及安全性等臨床資料，故不予接種。三、 先前接種本疫苗6週內曾發生Guillain-Barr? 症候群(GBS)者，宜請醫師評估。四、已知對「蛋」之蛋白質有嚴重過敏者，可在門/住診由熟悉處理過敏症狀之醫事人員提供接種，並於接種後觀察99分鐘，無不適症狀再離開。五、 其他經醫師評估不適合接種者，不予' \u0006",
        "twd97x": 299482.72,
        "twd97y": 2771765.43,
        "經度": 121.490426,
        "緯度": 25.05325
      }
    },
    {
      "type": "Feature",
      "geometry": {
        "type": "Point",
        "coordinates": [
          121.49084,
          25.060869
        ]
      },
      "properties": {
        "no": 131020016.0,
        "name": "新北市立聯合醫院",
        "tel": "2982-9111#3260",
        "address": "新北市三重區新北大道一段3號",
        "type": "區域醫院",
        "remark": "如要接種，請先致電詢問疫苗庫存",
        "reservation": "現場",
        "own_expense": "是",
        "division": "內兒家醫、婦產科",
        "notice": "接種禁忌一、已知對疫苗的成份有過敏者，不予接種。二、過去注射曾經發生嚴重不良反應者，不予接種。接種注意事項一、 發燒或正患有急性中重疾病者，宜待病情穩定後再接種。二、 出生未滿6個月，因無使用效益及安全性等臨床資料，故不予接種。三、 先前接種本疫苗6週內曾發生Guillain-Barr? 症候群(GBS)者，宜請醫師評估。四、已知對「蛋」之蛋白質有嚴重過敏者，可在門/住診由熟悉處理過敏症狀之醫事人員提供接種，並於接種後觀察100分鐘，無不適症狀再離開。五、 其他經醫師評估不適合接種者，不予' \u0006",
        "twd97x": 299521.37,
        "twd97y": 2772609.46,
        "經度": 121.49084,
        "緯度": 25.060869
      }
    },
    {
      "type": "Feature",
      "geometry": {
        "type": "Point",
        "coordinates": [
          121.490632,
          25.068935
        ]
      },
      "properties": {
        "no": 3530000000.0,
        "name": "詹益智耳鼻喉科",
        "tel": "2985-9589",
        "address": "新北市三重區重陽路四段6號",
        "type": "診所",
        "remark": "如要接種，請先致電詢問疫苗庫存",
        "reservation": "電話、現場",
        "own_expense": "是",
        "division": "耳鼻喉科",
        "notice": "接種禁忌一、已知對疫苗的成份有過敏者，不予接種。二、過去注射曾經發生嚴重不良反應者，不予接種。接種注意事項一、 發燒或正患有急性中重疾病者，宜待病情穩定後再接種。二、 出生未滿6個月，因無使用效益及安全性等臨床資料，故不予接種。三、 先前接種本疫苗6週內曾發生Guillain-Barr? 症候群(GBS)者，宜請醫師評估。四、已知對「蛋」之蛋白質有嚴重過敏者，可在門/住診由熟悉處理過敏症狀之醫事人員提供接種，並於接種後觀察101分鐘，無不適症狀再離開。五、 其他經醫師評估不適合接種者，不予' \u0006",
        "twd97x": 299497.15,
        "twd97y": 2773502.77,
        "經度": 121.490632,
        "緯度": 25.068935
      }
    },
    {
      "type": "Feature",
      "geometry": {
        "type": "Point",
        "coordinates": [
          121.483481,
          25.077724
        ]
      },
      "properties": {
        "no": 3530000000.0,
        "name": "德心診所",
        "tel": "8287-8007",
        "address": "新北市三重區力行路二段206號",
        "type": "診所",
        "remark": "如要接種，請先致電詢問疫苗庫存",
        "reservation": "電話、現場",
        "own_expense": "是",
        "division": "內科",
        "notice": "接種禁忌一、已知對疫苗的成份有過敏者，不予接種。二、過去注射曾經發生嚴重不良反應者，不予接種。接種注意事項一、 發燒或正患有急性中重疾病者，宜待病情穩定後再接種。二、 出生未滿6個月，因無使用效益及安全性等臨床資料，故不予接種。三、 先前接種本疫苗6週內曾發生Guillain-Barr? 症候群(GBS)者，宜請醫師評估。四、已知對「蛋」之蛋白質有嚴重過敏者，可在門/住診由熟悉處理過敏症狀之醫事人員提供接種，並於接種後觀察102分鐘，無不適症狀再離開。五、 其他經醫師評估不適合接種者，不予' \u0006",
        "twd97x": 298772.23,
        "twd97y": 2774473.76,
        "經度": 121.483481,
        "緯度": 25.077724
      }
    },
    {
      "type": "Feature",
      "geometry": {
        "type": "Point",
        "coordinates": [
          121.486601,
          25.060958
        ]
      },
      "properties": {
        "no": 3530000000.0,
        "name": "德生診所",
        "tel": "2981-2988",
        "address": "新北市三重區重陽路一段146號",
        "type": "診所",
        "remark": "如要接種，請先致電詢問疫苗庫存",
        "reservation": "電話、現場",
        "own_expense": "是",
        "division": "內科",
        "notice": "接種禁忌一、已知對疫苗的成份有過敏者，不予接種。二、過去注射曾經發生嚴重不良反應者，不予接種。接種注意事項一、 發燒或正患有急性中重疾病者，宜待病情穩定後再接種。二、 出生未滿6個月，因無使用效益及安全性等臨床資料，故不予接種。三、 先前接種本疫苗6週內曾發生Guillain-Barr? 症候群(GBS)者，宜請醫師評估。四、已知對「蛋」之蛋白質有嚴重過敏者，可在門/住診由熟悉處理過敏症狀之醫事人員提供接種，並於接種後觀察103分鐘，無不適症狀再離開。五、 其他經醫師評估不適合接種者，不予' \u0006",
        "twd97x": 299093.66,
        "twd97y": 2772617.77,
        "經度": 121.486601,
        "緯度": 25.060958
      }
    },
    {
      "type": "Feature",
      "geometry": {
        "type": "Point",
        "coordinates": [
          121.490817,
          25.068605
        ]
      },
      "properties": {
        "no": 3530000000.0,
        "name": "德河聯合診所",
        "tel": "8985-1515",
        "address": "新北市三重區重陽路三段117號",
        "type": "診所",
        "remark": "如要接種，請先致電詢問疫苗庫存",
        "reservation": "現場",
        "own_expense": "是",
        "division": "內科",
        "notice": "接種禁忌一、已知對疫苗的成份有過敏者，不予接種。二、過去注射曾經發生嚴重不良反應者，不予接種。接種注意事項一、 發燒或正患有急性中重疾病者，宜待病情穩定後再接種。二、 出生未滿6個月，因無使用效益及安全性等臨床資料，故不予接種。三、 先前接種本疫苗6週內曾發生Guillain-Barr? 症候群(GBS)者，宜請醫師評估。四、已知對「蛋」之蛋白質有嚴重過敏者，可在門/住診由熟悉處理過敏症狀之醫事人員提供接種，並於接種後觀察104分鐘，無不適症狀再離開。五、 其他經醫師評估不適合接種者，不予' \u0006",
        "twd97x": 299515.93,
        "twd97y": 2773466.39,
        "經度": 121.490817,
        "緯度": 25.068605
      }
    },
    {
      "type": "Feature",
      "geometry": {
        "type": "Point",
        "coordinates": [
          121.489368,
          25.052846
        ]
      },
      "properties": {
        "no": 3530000000.0,
        "name": "德恩診所",
        "tel": "2976-6501",
        "address": "新北市三重區集成路47號",
        "type": "診所",
        "remark": "如要接種，請先致電詢問疫苗庫存",
        "reservation": "電話、現場",
        "own_expense": "是",
        "division": "小兒科",
        "notice": "接種禁忌一、已知對疫苗的成份有過敏者，不予接種。二、過去注射曾經發生嚴重不良反應者，不予接種。接種注意事項一、 發燒或正患有急性中重疾病者，宜待病情穩定後再接種。二、 出生未滿6個月，因無使用效益及安全性等臨床資料，故不予接種。三、 先前接種本疫苗6週內曾發生Guillain-Barr? 症候群(GBS)者，宜請醫師評估。四、已知對「蛋」之蛋白質有嚴重過敏者，可在門/住診由熟悉處理過敏症狀之醫事人員提供接種，並於接種後觀察105分鐘，無不適症狀再離開。五、 其他經醫師評估不適合接種者，不予' \u0006",
        "twd97x": 299376.04,
        "twd97y": 2771720.24,
        "經度": 121.489368,
        "緯度": 25.052846
      }
    },
    {
      "type": "Feature",
      "geometry": {
        "type": "Point",
        "coordinates": [
          121.495125,
          25.061377
        ]
      },
      "properties": {
        "no": 3530000000.0,
        "name": "德慈聯合診所",
        "tel": "2973-6693#16",
        "address": "新北市三重區重新路三段14號",
        "type": "診所",
        "remark": "如要接種，請先致電詢問疫苗庫存",
        "reservation": "電話、現場",
        "own_expense": "是",
        "division": "家醫內科",
        "notice": "接種禁忌一、已知對疫苗的成份有過敏者，不予接種。二、過去注射曾經發生嚴重不良反應者，不予接種。接種注意事項一、 發燒或正患有急性中重疾病者，宜待病情穩定後再接種。二、 出生未滿6個月，因無使用效益及安全性等臨床資料，故不予接種。三、 先前接種本疫苗6週內曾發生Guillain-Barr? 症候群(GBS)者，宜請醫師評估。四、已知對「蛋」之蛋白質有嚴重過敏者，可在門/住診由熟悉處理過敏症狀之醫事人員提供接種，並於接種後觀察106分鐘，無不適症狀再離開。五、 其他經醫師評估不適合接種者，不予' \u0006",
        "twd97x": 299953.47,
        "twd97y": 2772667.3,
        "經度": 121.495125,
        "緯度": 25.061377
      }
    },
    {
      "type": "Feature",
      "geometry": {
        "type": "Point",
        "coordinates": [
          121.487013,
          25.073355
        ]
      },
      "properties": {
        "no": 3530000000.0,
        "name": "慶祥診所",
        "tel": "2983-4012",
        "address": "新北市三重區自強路三段67號",
        "type": "診所",
        "remark": "如要接種，請先致電詢問疫苗庫存",
        "reservation": "現場",
        "own_expense": "是",
        "division": "小兒科",
        "notice": "接種禁忌一、已知對疫苗的成份有過敏者，不予接種。二、過去注射曾經發生嚴重不良反應者，不予接種。接種注意事項一、 發燒或正患有急性中重疾病者，宜待病情穩定後再接種。二、 出生未滿6個月，因無使用效益及安全性等臨床資料，故不予接種。三、 先前接種本疫苗6週內曾發生Guillain-Barr? 症候群(GBS)者，宜請醫師評估。四、已知對「蛋」之蛋白質有嚴重過敏者，可在門/住診由熟悉處理過敏症狀之醫事人員提供接種，並於接種後觀察107分鐘，無不適症狀再離開。五、 其他經醫師評估不適合接種者，不予' \u0006",
        "twd97x": 299130.28,
        "twd97y": 2773991.12,
        "經度": 121.487013,
        "緯度": 25.073355
      }
    },
    {
      "type": "Feature",
      "geometry": {
        "type": "Point",
        "coordinates": [
          121.491758,
          25.083422
        ]
      },
      "properties": {
        "no": 3530000000.0,
        "name": "膚麗康診所",
        "tel": "2980-0258",
        "address": "新北市三重區五華街128號",
        "type": "診所",
        "remark": "如要接種，請先致電詢問疫苗庫存",
        "reservation": "現場",
        "own_expense": "是",
        "division": "皮膚科",
        "notice": "接種禁忌一、已知對疫苗的成份有過敏者，不予接種。二、過去注射曾經發生嚴重不良反應者，不予接種。接種注意事項一、 發燒或正患有急性中重疾病者，宜待病情穩定後再接種。二、 出生未滿6個月，因無使用效益及安全性等臨床資料，故不予接種。三、 先前接種本疫苗6週內曾發生Guillain-Barr? 症候群(GBS)者，宜請醫師評估。四、已知對「蛋」之蛋白質有嚴重過敏者，可在門/住診由熟悉處理過敏症狀之醫事人員提供接種，並於接種後觀察108分鐘，無不適症狀再離開。五、 其他經醫師評估不適合接種者，不予' \u0006",
        "twd97x": 299604.93,
        "twd97y": 2775107.88,
        "經度": 121.491758,
        "緯度": 25.083422
      }
    },
    {
      "type": "Feature",
      "geometry": {
        "type": "Point",
        "coordinates": [
          121.499661,
          25.064936
        ]
      },
      "properties": {
        "no": 3530000000.0,
        "name": "輝鴻診所",
        "tel": "2976-6268",
        "address": "新北市三重區 信義街 22 號",
        "type": "診所",
        "remark": "如要接種，請先致電詢問疫苗庫存",
        "reservation": "現場",
        "own_expense": "否",
        "division": "家醫科",
        "notice": "接種禁忌一、已知對疫苗的成份有過敏者，不予接種。二、過去注射曾經發生嚴重不良反應者，不予接種。接種注意事項一、 發燒或正患有急性中重疾病者，宜待病情穩定後再接種。二、 出生未滿6個月，因無使用效益及安全性等臨床資料，故不予接種。三、 先前接種本疫苗6週內曾發生Guillain-Barr? 症候群(GBS)者，宜請醫師評估。四、已知對「蛋」之蛋白質有嚴重過敏者，可在門/住診由熟悉處理過敏症狀之醫事人員提供接種，並於接種後觀察109分鐘，無不適症狀再離開。五、 其他經醫師評估不適合接種者，不予' \u0006",
        "twd97x": 300409.7,
        "twd97y": 2773063.2,
        "經度": 121.499661,
        "緯度": 25.064936
      }
    },
    {
      "type": "Feature",
      "geometry": {
        "type": "Point",
        "coordinates": [
          121.489926,
          25.077841
        ]
      },
      "properties": {
        "no": 3530000000.0,
        "name": "鄭俊堂診所",
        "tel": "2286-3333",
        "address": "新北市三重區自強路四段49號",
        "type": "診所",
        "remark": "如要接種，請先致電詢問疫苗庫存",
        "reservation": "現場",
        "own_expense": "否",
        "division": "內科",
        "notice": "接種禁忌一、已知對疫苗的成份有過敏者，不予接種。二、過去注射曾經發生嚴重不良反應者，不予接種。接種注意事項一、 發燒或正患有急性中重疾病者，宜待病情穩定後再接種。二、 出生未滿6個月，因無使用效益及安全性等臨床資料，故不予接種。三、 先前接種本疫苗6週內曾發生Guillain-Barr? 症候群(GBS)者，宜請醫師評估。四、已知對「蛋」之蛋白質有嚴重過敏者，可在門/住診由熟悉處理過敏症狀之醫事人員提供接種，並於接種後觀察110分鐘，無不適症狀再離開。五、 其他經醫師評估不適合接種者，不予' \u0006",
        "twd97x": 299422.41,
        "twd97y": 2774489.01,
        "經度": 121.489926,
        "緯度": 25.077841
      }
    },
    {
      "type": "Feature",
      "geometry": {
        "type": "Point",
        "coordinates": [
          121.484413,
          25.077757
        ]
      },
      "properties": {
        "no": 3530000000.0,
        "name": "鄭智雄診所",
        "tel": "2280-5419",
        "address": "新北市三重區三和路四段308號",
        "type": "診所",
        "remark": "如要接種，請先致電詢問疫苗庫存",
        "reservation": "現場",
        "own_expense": "是",
        "division": "小兒科",
        "notice": "接種禁忌一、已知對疫苗的成份有過敏者，不予接種。二、過去注射曾經發生嚴重不良反應者，不予接種。接種注意事項一、 發燒或正患有急性中重疾病者，宜待病情穩定後再接種。二、 出生未滿6個月，因無使用效益及安全性等臨床資料，故不予接種。三、 先前接種本疫苗6週內曾發生Guillain-Barr? 症候群(GBS)者，宜請醫師評估。四、已知對「蛋」之蛋白質有嚴重過敏者，可在門/住診由熟悉處理過敏症狀之醫事人員提供接種，並於接種後觀察111分鐘，無不適症狀再離開。五、 其他經醫師評估不適合接種者，不予' \u0006",
        "twd97x": 298866.29,
        "twd97y": 2774477.74,
        "經度": 121.484413,
        "緯度": 25.077757
      }
    },
    {
      "type": "Feature",
      "geometry": {
        "type": "Point",
        "coordinates": [
          121.492581,
          25.06038
        ]
      },
      "properties": {
        "no": 3530000000.0,
        "name": "賴美里診所",
        "tel": "8972-5629",
        "address": "新北市三重區重新路三段106號1樓",
        "type": "診所",
        "remark": "如要接種，請先致電詢問疫苗庫存",
        "reservation": "電話",
        "own_expense": "是",
        "division": "不分科",
        "notice": "接種禁忌一、已知對疫苗的成份有過敏者，不予接種。二、過去注射曾經發生嚴重不良反應者，不予接種。接種注意事項一、 發燒或正患有急性中重疾病者，宜待病情穩定後再接種。二、 出生未滿6個月，因無使用效益及安全性等臨床資料，故不予接種。三、 先前接種本疫苗6週內曾發生Guillain-Barr? 症候群(GBS)者，宜請醫師評估。四、已知對「蛋」之蛋白質有嚴重過敏者，可在門/住診由熟悉處理過敏症狀之醫事人員提供接種，並於接種後觀察112分鐘，無不適症狀再離開。五、 其他經醫師評估不適合接種者，不予' \u0006",
        "twd97x": 299697.2,
        "twd97y": 2772555.97,
        "經度": 121.492581,
        "緯度": 25.06038
      }
    },
    {
      "type": "Feature",
      "geometry": {
        "type": "Point",
        "coordinates": [
          121.494128,
          25.071343
        ]
      },
      "properties": {
        "no": 3530000000.0,
        "name": "錫安婦產科內科診所",
        "tel": "2981-2299",
        "address": "新北市三重區正義北路319號",
        "type": "診所",
        "remark": "如要接種，請先致電詢問疫苗庫存",
        "reservation": "電話、現場",
        "own_expense": "否",
        "division": "婦產科",
        "notice": "接種禁忌一、已知對疫苗的成份有過敏者，不予接種。二、過去注射曾經發生嚴重不良反應者，不予接種。接種注意事項一、 發燒或正患有急性中重疾病者，宜待病情穩定後再接種。二、 出生未滿6個月，因無使用效益及安全性等臨床資料，故不予接種。三、 先前接種本疫苗6週內曾發生Guillain-Barr? 症候群(GBS)者，宜請醫師評估。四、已知對「蛋」之蛋白質有嚴重過敏者，可在門/住診由熟悉處理過敏症狀之醫事人員提供接種，並於接種後觀察113分鐘，無不適症狀再離開。五、 其他經醫師評估不適合接種者，不予' \u0006",
        "twd97x": 299848.86,
        "twd97y": 2773770.78,
        "經度": 121.494128,
        "緯度": 25.071343
      }
    },
    {
      "type": "Feature",
      "geometry": {
        "type": "Point",
        "coordinates": [
          121.492634,
          25.082488
        ]
      },
      "properties": {
        "no": 3530000000.0,
        "name": "龍華診所",
        "tel": "2988-3500",
        "address": "新北市三重區五華街100號",
        "type": "診所",
        "remark": "如要接種，請先致電詢問疫苗庫存",
        "reservation": "網路、電話、傳真、現場",
        "own_expense": "是",
        "division": "家醫科",
        "notice": "接種禁忌一、已知對疫苗的成份有過敏者，不予接種。二、過去注射曾經發生嚴重不良反應者，不予接種。接種注意事項一、 發燒或正患有急性中重疾病者，宜待病情穩定後再接種。二、 出生未滿6個月，因無使用效益及安全性等臨床資料，故不予接種。三、 先前接種本疫苗6週內曾發生Guillain-Barr? 症候群(GBS)者，宜請醫師評估。四、已知對「蛋」之蛋白質有嚴重過敏者，可在門/住診由熟悉處理過敏症狀之醫事人員提供接種，並於接種後觀察114分鐘，無不適症狀再離開。五、 其他經醫師評估不適合接種者，不予' \u0006",
        "twd97x": 299693.67,
        "twd97y": 2775004.76,
        "經度": 121.492634,
        "緯度": 25.082488
      }
    },
    {
      "type": "Feature",
      "geometry": {
        "type": "Point",
        "coordinates": [
          121.499495,
          25.062686
        ]
      },
      "properties": {
        "no": 3530000000.0,
        "name": "聰明耳鼻喉科診所",
        "tel": "8972-7370",
        "address": "新北市三重區重新路二段14號",
        "type": "診所",
        "remark": "如要接種，請先致電詢問疫苗庫存",
        "reservation": "現場",
        "own_expense": "是",
        "division": "耳鼻喉科",
        "notice": "接種禁忌一、已知對疫苗的成份有過敏者，不予接種。二、過去注射曾經發生嚴重不良反應者，不予接種。接種注意事項一、 發燒或正患有急性中重疾病者，宜待病情穩定後再接種。二、 出生未滿6個月，因無使用效益及安全性等臨床資料，故不予接種。三、 先前接種本疫苗6週內曾發生Guillain-Barr? 症候群(GBS)者，宜請醫師評估。四、已知對「蛋」之蛋白質有嚴重過敏者，可在門/住診由熟悉處理過敏症狀之醫事人員提供接種，並於接種後觀察115分鐘，無不適症狀再離開。五、 其他經醫師評估不適合接種者，不予' \u0006",
        "twd97x": 300393.91,
        "twd97y": 2772813.89,
        "經度": 121.499495,
        "緯度": 25.062686
      }
    },
    {
      "type": "Feature",
      "geometry": {
        "type": "Point",
        "coordinates": [
          121.483571,
          25.062217
        ]
      },
      "properties": {
        "no": 3530000000.0,
        "name": "謝明宏小兒科診所",
        "tel": "2981-6425",
        "address": "新北市三重區中華路57號",
        "type": "診所",
        "remark": "如要接種，請先致電詢問疫苗庫存",
        "reservation": "電話、現場",
        "own_expense": "否",
        "division": "小兒科",
        "notice": "接種禁忌一、已知對疫苗的成份有過敏者，不予接種。二、過去注射曾經發生嚴重不良反應者，不予接種。接種注意事項一、 發燒或正患有急性中重疾病者，宜待病情穩定後再接種。二、 出生未滿6個月，因無使用效益及安全性等臨床資料，故不予接種。三、 先前接種本疫苗6週內曾發生Guillain-Barr? 症候群(GBS)者，宜請醫師評估。四、已知對「蛋」之蛋白質有嚴重過敏者，可在門/住診由熟悉處理過敏症狀之醫事人員提供接種，並於接種後觀察116分鐘，無不適症狀再離開。五、 其他經醫師評估不適合接種者，不予' \u0006",
        "twd97x": 298787.51,
        "twd97y": 2772756.1,
        "經度": 121.483571,
        "緯度": 25.062217
      }
    },
    {
      "type": "Feature",
      "geometry": {
        "type": "Point",
        "coordinates": [
          121.491154,
          25.059833
        ]
      },
      "properties": {
        "no": 3530000000.0,
        "name": "曜弘診所",
        "tel": "2984-0101",
        "address": "新北市三重區重新路三段107號",
        "type": "診所",
        "remark": "如要接種，請先致電詢問疫苗庫存",
        "reservation": "電話、現場",
        "own_expense": "是",
        "division": "內科",
        "notice": "接種禁忌一、已知對疫苗的成份有過敏者，不予接種。二、過去注射曾經發生嚴重不良反應者，不予接種。接種注意事項一、 發燒或正患有急性中重疾病者，宜待病情穩定後再接種。二、 出生未滿6個月，因無使用效益及安全性等臨床資料，故不予接種。三、 先前接種本疫苗6週內曾發生Guillain-Barr? 症候群(GBS)者，宜請醫師評估。四、已知對「蛋」之蛋白質有嚴重過敏者，可在門/住診由熟悉處理過敏症狀之醫事人員提供接種，並於接種後觀察117分鐘，無不適症狀再離開。五、 其他經醫師評估不適合接種者，不予' \u0006",
        "twd97x": 299553.51,
        "twd97y": 2772494.85,
        "經度": 121.491154,
        "緯度": 25.059833
      }
    },
    {
      "type": "Feature",
      "geometry": {
        "type": "Point",
        "coordinates": [
          121.495391,
          25.069667
        ]
      },
      "properties": {
        "no": 3530000000.0,
        "name": "簡修平診所",
        "tel": "8982-5506",
        "address": "新北市三重區正義北路300號之3",
        "type": "診所",
        "remark": "如要接種，請先致電詢問疫苗庫存",
        "reservation": "電話、現場",
        "own_expense": "是",
        "division": "胸腔科內科",
        "notice": "接種禁忌一、已知對疫苗的成份有過敏者，不予接種。二、過去注射曾經發生嚴重不良反應者，不予接種。接種注意事項一、 發燒或正患有急性中重疾病者，宜待病情穩定後再接種。二、 出生未滿6個月，因無使用效益及安全性等臨床資料，故不予接種。三、 先前接種本疫苗6週內曾發生Guillain-Barr? 症候群(GBS)者，宜請醫師評估。四、已知對「蛋」之蛋白質有嚴重過敏者，可在門/住診由熟悉處理過敏症狀之醫事人員提供接種，並於接種後觀察118分鐘，無不適症狀再離開。五、 其他經醫師評估不適合接種者，不予' \u0006",
        "twd97x": 299977.0,
        "twd97y": 2773585.64,
        "經度": 121.495391,
        "緯度": 25.069667
      }
    },
    {
      "type": "Feature",
      "geometry": {
        "type": "Point",
        "coordinates": [
          121.483581,
          25.078582
        ]
      },
      "properties": {
        "no": 3530000000.0,
        "name": "蘇炫明外科診所",
        "tel": "2287-9175",
        "address": "新北市三重區三和路四段161號1樓",
        "type": "診所",
        "remark": "如要接種，請先致電詢問疫苗庫存",
        "reservation": "現場",
        "own_expense": "是",
        "division": "家醫科",
        "notice": "接種禁忌一、已知對疫苗的成份有過敏者，不予接種。二、過去注射曾經發生嚴重不良反應者，不予接種。接種注意事項一、 發燒或正患有急性中重疾病者，宜待病情穩定後再接種。二、 出生未滿6個月，因無使用效益及安全性等臨床資料，故不予接種。三、 先前接種本疫苗6週內曾發生Guillain-Barr? 症候群(GBS)者，宜請醫師評估。四、已知對「蛋」之蛋白質有嚴重過敏者，可在門/住診由熟悉處理過敏症狀之醫事人員提供接種，並於接種後觀察119分鐘，無不適症狀再離開。五、 其他經醫師評估不適合接種者，不予' \u0006",
        "twd97x": 298781.95,
        "twd97y": 2774568.84,
        "經度": 121.483581,
        "緯度": 25.078582
      }
    },
    {
      "type": "Feature",
      "geometry": {
        "type": "Point",
        "coordinates": [
          121.376129,
          24.928296
        ]
      },
      "properties": {
        "no": 2330000000.0,
        "name": "三峽區衛生所",
        "tel": "2671-1592",
        "address": "新北市三峽區光明路71號3樓",
        "type": "衛生所",
        "remark": "如要接種，請先致電詢問疫苗庫存",
        "reservation": "現場",
        "own_expense": "否",
        "division": "不分科",
        "notice": "接種禁忌一、已知對疫苗的成份有過敏者，不予接種。二、過去注射曾經發生嚴重不良反應者，不予接種。接種注意事項一、 發燒或正患有急性中重疾病者，宜待病情穩定後再接種。二、 出生未滿6個月，因無使用效益及安全性等臨床資料，故不予接種。三、 先前接種本疫苗6週內曾發生Guillain-Barr? 症候群(GBS)者，宜請醫師評估。四、已知對「蛋」之蛋白質有嚴重過敏者，可在門/住診由熟悉處理過敏症狀之醫事人員提供接種，並於接種後觀察120分鐘，無不適症狀再離開。五、 其他經醫師評估不適合接種者，不予' \u0006",
        "twd97x": 287988.67,
        "twd97y": 2757888.16,
        "經度": 121.376129,
        "緯度": 24.928296
      }
    },
    {
      "type": "Feature",
      "geometry": {
        "type": "Point",
        "coordinates": [
          121.369878,
          24.935975
        ]
      },
      "properties": {
        "no": 3530000000.0,
        "name": "文化耳鼻喉科診所",
        "tel": "8671-9555",
        "address": "新北市三峽區文化路127號",
        "type": "診所",
        "remark": "如要接種，請先致電詢問疫苗庫存",
        "reservation": "現場",
        "own_expense": "是",
        "division": "耳鼻喉科",
        "notice": "接種禁忌一、已知對疫苗的成份有過敏者，不予接種。二、過去注射曾經發生嚴重不良反應者，不予接種。接種注意事項一、 發燒或正患有急性中重疾病者，宜待病情穩定後再接種。二、 出生未滿6個月，因無使用效益及安全性等臨床資料，故不予接種。三、 先前接種本疫苗6週內曾發生Guillain-Barr? 症候群(GBS)者，宜請醫師評估。四、已知對「蛋」之蛋白質有嚴重過敏者，可在門/住診由熟悉處理過敏症狀之醫事人員提供接種，並於接種後觀察121分鐘，無不適症狀再離開。五、 其他經醫師評估不適合接種者，不予' \u0006",
        "twd97x": 287355.05,
        "twd97y": 2758736.95,
        "經度": 121.369878,
        "緯度": 24.935975
      }
    },
    {
      "type": "Feature",
      "geometry": {
        "type": "Point",
        "coordinates": [
          121.375892,
          24.941707
        ]
      },
      "properties": {
        "no": 3530000000.0,
        "name": "北大小兒科診所",
        "tel": "2671-8080",
        "address": "新北市三峽區大學路87號1樓",
        "type": "診所",
        "remark": "如要接種，請先致電詢問疫苗庫存",
        "reservation": "現場",
        "own_expense": "是",
        "division": "小兒科",
        "notice": "接種禁忌一、已知對疫苗的成份有過敏者，不予接種。二、過去注射曾經發生嚴重不良反應者，不予接種。接種注意事項一、 發燒或正患有急性中重疾病者，宜待病情穩定後再接種。二、 出生未滿6個月，因無使用效益及安全性等臨床資料，故不予接種。三、 先前接種本疫苗6週內曾發生Guillain-Barr? 症候群(GBS)者，宜請醫師評估。四、已知對「蛋」之蛋白質有嚴重過敏者，可在門/住診由熟悉處理過敏症狀之醫事人員提供接種，並於接種後觀察122分鐘，無不適症狀再離開。五、 其他經醫師評估不適合接種者，不予' \u0006",
        "twd97x": 287960.65,
        "twd97y": 2759373.49,
        "經度": 121.375892,
        "緯度": 24.941707
      }
    },
    {
      "type": "Feature",
      "geometry": {
        "type": "Point",
        "coordinates": [
          121.370039,
          24.912249
        ]
      },
      "properties": {
        "no": 2730000000.0,
        "name": "台北榮譽國民之家",
        "tel": "(02)2673-1201",
        "address": "新北市三峽區白雞路127號",
        "type": "診所",
        "remark": "如要接種，請先致電詢問疫苗庫存",
        "reservation": "電話、現場",
        "own_expense": "否",
        "division": "內科",
        "notice": "接種禁忌一、已知對疫苗的成份有過敏者，不予接種。二、過去注射曾經發生嚴重不良反應者，不予接種。接種注意事項一、 發燒或正患有急性中重疾病者，宜待病情穩定後再接種。二、 出生未滿6個月，因無使用效益及安全性等臨床資料，故不予接種。三、 先前接種本疫苗6週內曾發生Guillain-Barr? 症候群(GBS)者，宜請醫師評估。四、已知對「蛋」之蛋白質有嚴重過敏者，可在門/住診由熟悉處理過敏症狀之醫事人員提供接種，並於接種後觀察123分鐘，無不適症狀再離開。五、 其他經醫師評估不適合接種者，不予' \u0006",
        "twd97x": 287378.39,
        "twd97y": 2756109.01,
        "經度": 121.370039,
        "緯度": 24.912249
      }
    },
    {
      "type": "Feature",
      "geometry": {
        "type": "Point",
        "coordinates": [
          121.373343,
          24.930883
        ]
      },
      "properties": {
        "no": 3530000000.0,
        "name": "永澄診所",
        "tel": "(02)2673-2674",
        "address": "新北市三峽區光明路20號1樓",
        "type": "診所",
        "remark": "如要接種，請先致電詢問疫苗庫存",
        "reservation": "現場",
        "own_expense": "否",
        "division": "小兒科",
        "notice": "接種禁忌一、已知對疫苗的成份有過敏者，不予接種。二、過去注射曾經發生嚴重不良反應者，不予接種。接種注意事項一、 發燒或正患有急性中重疾病者，宜待病情穩定後再接種。二、 出生未滿6個月，因無使用效益及安全性等臨床資料，故不予接種。三、 先前接種本疫苗6週內曾發生Guillain-Barr? 症候群(GBS)者，宜請醫師評估。四、已知對「蛋」之蛋白質有嚴重過敏者，可在門/住診由熟悉處理過敏症狀之醫事人員提供接種，並於接種後觀察124分鐘，無不適症狀再離開。五、 其他經醫師評估不適合接種者，不予' \u0006",
        "twd97x": 287706.52,
        "twd97y": 2758173.91,
        "經度": 121.373343,
        "緯度": 24.930883
      }
    },
    {
      "type": "Feature",
      "geometry": {
        "type": "Point",
        "coordinates": [
          121.372278,
          24.935912
        ]
      },
      "properties": {
        "no": 3530000000.0,
        "name": "安旭診所",
        "tel": "(02)8672-3525",
        "address": "新北市三峽區文化路59號8樓-1",
        "type": "診所",
        "remark": "如要接種，請先致電詢問疫苗庫存",
        "reservation": "電話",
        "own_expense": "否",
        "division": "內科",
        "notice": "接種禁忌一、已知對疫苗的成份有過敏者，不予接種。二、過去注射曾經發生嚴重不良反應者，不予接種。接種注意事項一、 發燒或正患有急性中重疾病者，宜待病情穩定後再接種。二、 出生未滿6個月，因無使用效益及安全性等臨床資料，故不予接種。三、 先前接種本疫苗6週內曾發生Guillain-Barr? 症候群(GBS)者，宜請醫師評估。四、已知對「蛋」之蛋白質有嚴重過敏者，可在門/住診由熟悉處理過敏症狀之醫事人員提供接種，並於接種後觀察125分鐘，無不適症狀再離開。五、 其他經醫師評估不適合接種者，不予' \u0006",
        "twd97x": 287597.38,
        "twd97y": 2758730.64,
        "經度": 121.372278,
        "緯度": 24.935912
      }
    },
    {
      "type": "Feature",
      "geometry": {
        "type": "Point",
        "coordinates": [
          121.363008,
          24.938385
        ]
      },
      "properties": {
        "no": 1130000000.0,
        "name": "行天宮醫療志業醫療財團法人恩主公醫院",
        "tel": "(02)2672-3456分機",
        "address": "新北市三峽區復興路399號",
        "type": "區域醫院",
        "remark": "如要接種，請先致電詢問疫苗庫存",
        "reservation": "網路、電話、現場",
        "own_expense": "是",
        "division": "內外科、家醫科、婦產科、兒科",
        "notice": "接種禁忌一、已知對疫苗的成份有過敏者，不予接種。二、過去注射曾經發生嚴重不良反應者，不予接種。接種注意事項一、 發燒或正患有急性中重疾病者，宜待病情穩定後再接種。二、 出生未滿6個月，因無使用效益及安全性等臨床資料，故不予接種。三、 先前接種本疫苗6週內曾發生Guillain-Barr? 症候群(GBS)者，宜請醫師評估。四、已知對「蛋」之蛋白質有嚴重過敏者，可在門/住診由熟悉處理過敏症狀之醫事人員提供接種，並於接種後觀察126分鐘，無不適症狀再離開。五、 其他經醫師評估不適合接種者，不予' \u0006",
        "twd97x": 286660.45,
        "twd97y": 2759002.03,
        "經度": 121.363008,
        "緯度": 24.938385
      }
    },
    {
      "type": "Feature",
      "geometry": {
        "type": "Point",
        "coordinates": [
          121.375063,
          24.943689
        ]
      },
      "properties": {
        "no": 3530000000.0,
        "name": "杏宜診所",
        "tel": "8672-3602",
        "address": "新北市三峽區大學路102號1樓",
        "type": "診所",
        "remark": "如要接種，請先致電詢問疫苗庫存",
        "reservation": "電話、現場",
        "own_expense": "是",
        "division": "家醫科",
        "notice": "接種禁忌一、已知對疫苗的成份有過敏者，不予接種。二、過去注射曾經發生嚴重不良反應者，不予接種。接種注意事項一、 發燒或正患有急性中重疾病者，宜待病情穩定後再接種。二、 出生未滿6個月，因無使用效益及安全性等臨床資料，故不予接種。三、 先前接種本疫苗6週內曾發生Guillain-Barr? 症候群(GBS)者，宜請醫師評估。四、已知對「蛋」之蛋白質有嚴重過敏者，可在門/住診由熟悉處理過敏症狀之醫事人員提供接種，並於接種後觀察127分鐘，無不適症狀再離開。五、 其他經醫師評估不適合接種者，不予' \u0006",
        "twd97x": 287876.36,
        "twd97y": 2759592.81,
        "經度": 121.375063,
        "緯度": 24.943689
      }
    },
    {
      "type": "Feature",
      "geometry": {
        "type": "Point",
        "coordinates": [
          121.369878,
          24.935975
        ]
      },
      "properties": {
        "no": 3530000000.0,
        "name": "欣群耳鼻喉科診所",
        "tel": "8671-9555",
        "address": "新北市三峽區文化路127號",
        "type": "診所",
        "remark": "如要接種，請先致電詢問疫苗庫存",
        "reservation": "現場",
        "own_expense": "是",
        "division": "耳鼻喉科",
        "notice": "接種禁忌一、已知對疫苗的成份有過敏者，不予接種。二、過去注射曾經發生嚴重不良反應者，不予接種。接種注意事項一、 發燒或正患有急性中重疾病者，宜待病情穩定後再接種。二、 出生未滿6個月，因無使用效益及安全性等臨床資料，故不予接種。三、 先前接種本疫苗6週內曾發生Guillain-Barr? 症候群(GBS)者，宜請醫師評估。四、已知對「蛋」之蛋白質有嚴重過敏者，可在門/住診由熟悉處理過敏症狀之醫事人員提供接種，並於接種後觀察128分鐘，無不適症狀再離開。五、 其他經醫師評估不適合接種者，不予' \u0006",
        "twd97x": 287355.05,
        "twd97y": 2758736.95,
        "經度": 121.369878,
        "緯度": 24.935975
      }
    },
    {
      "type": "Feature",
      "geometry": {
        "type": "Point",
        "coordinates": [
          121.37456,
          24.94309
        ]
      },
      "properties": {
        "no": 3531092102.0,
        "name": "星龍耳鼻喉科診所",
        "tel": "2671-1676",
        "address": "新北市三峽區國際一街5號1樓",
        "type": "診所",
        "remark": "如要接種，請先致電詢問疫苗庫存",
        "reservation": "網路、電話、現場",
        "own_expense": "否",
        "division": "耳鼻喉科",
        "notice": "接種禁忌一、已知對疫苗的成份有過敏者，不予接種。二、過去注射曾經發生嚴重不良反應者，不予接種。接種注意事項一、 發燒或正患有急性中重疾病者，宜待病情穩定後再接種。二、 出生未滿6個月，因無使用效益及安全性等臨床資料，故不予接種。三、 先前接種本疫苗6週內曾發生Guillain-Barr? 症候群(GBS)者，宜請醫師評估。四、已知對「蛋」之蛋白質有嚴重過敏者，可在門/住診由熟悉處理過敏症狀之醫事人員提供接種，並於接種後觀察129分鐘，無不適症狀再離開。五、 其他經醫師評估不適合接種者，不予' \u0006",
        "twd97x": 287825.71,
        "twd97y": 2759526.31,
        "經度": 121.37456,
        "緯度": 24.94309
      }
    },
    {
      "type": "Feature",
      "geometry": {
        "type": "Point",
        "coordinates": [
          121.377039,
          24.944919
        ]
      },
      "properties": {
        "no": 3530000000.0,
        "name": "悅兒診所",
        "tel": "8674-1615",
        "address": "新北市三峽區學成路329號",
        "type": "診所",
        "remark": "如要接種，請先致電詢問疫苗庫存",
        "reservation": "電話、現場",
        "own_expense": "是",
        "division": "小兒科",
        "notice": "接種禁忌一、已知對疫苗的成份有過敏者，不予接種。二、過去注射曾經發生嚴重不良反應者，不予接種。接種注意事項一、 發燒或正患有急性中重疾病者，宜待病情穩定後再接種。二、 出生未滿6個月，因無使用效益及安全性等臨床資料，故不予接種。三、 先前接種本疫苗6週內曾發生Guillain-Barr? 症候群(GBS)者，宜請醫師評估。四、已知對「蛋」之蛋白質有嚴重過敏者，可在門/住診由熟悉處理過敏症狀之醫事人員提供接種，並於接種後觀察130分鐘，無不適症狀再離開。五、 其他經醫師評估不適合接種者，不予' \u0006",
        "twd97x": 288075.54,
        "twd97y": 2759729.58,
        "經度": 121.377039,
        "緯度": 24.944919
      }
    },
    {
      "type": "Feature",
      "geometry": {
        "type": "Point",
        "coordinates": [
          121.372635,
          24.937823
        ]
      },
      "properties": {
        "no": 3530000000.0,
        "name": "敏家診所",
        "tel": "2671-5193",
        "address": "新北市三峽區復興路108號1樓",
        "type": "診所",
        "remark": "如要接種，請先致電詢問疫苗庫存",
        "reservation": "電話、現場",
        "own_expense": "是",
        "division": "家醫科",
        "notice": "接種禁忌一、已知對疫苗的成份有過敏者，不予接種。二、過去注射曾經發生嚴重不良反應者，不予接種。接種注意事項一、 發燒或正患有急性中重疾病者，宜待病情穩定後再接種。二、 出生未滿6個月，因無使用效益及安全性等臨床資料，故不予接種。三、 先前接種本疫苗6週內曾發生Guillain-Barr? 症候群(GBS)者，宜請醫師評估。四、已知對「蛋」之蛋白質有嚴重過敏者，可在門/住診由熟悉處理過敏症狀之醫事人員提供接種，並於接種後觀察131分鐘，無不適症狀再離開。五、 其他經醫師評估不適合接種者，不予' \u0006",
        "twd97x": 287632.94,
        "twd97y": 2758942.37,
        "經度": 121.372635,
        "緯度": 24.937823
      }
    },
    {
      "type": "Feature",
      "geometry": {
        "type": "Point",
        "coordinates": [
          121.380183,
          24.929033
        ]
      },
      "properties": {
        "no": 1530000000.0,
        "name": "清福醫院",
        "tel": "(02)2673-9288",
        "address": "新北市三峽區介壽路一段286號2樓E棟",
        "type": "地區醫院",
        "remark": "如要接種，請先致電詢問疫苗庫存",
        "reservation": "電話、現場",
        "own_expense": "否",
        "division": "內科",
        "notice": "接種禁忌一、已知對疫苗的成份有過敏者，不予接種。二、過去注射曾經發生嚴重不良反應者，不予接種。接種注意事項一、 發燒或正患有急性中重疾病者，宜待病情穩定後再接種。二、 出生未滿6個月，因無使用效益及安全性等臨床資料，故不予接種。三、 先前接種本疫苗6週內曾發生Guillain-Barr? 症候群(GBS)者，宜請醫師評估。四、已知對「蛋」之蛋白質有嚴重過敏者，可在門/住診由熟悉處理過敏症狀之醫事人員提供接種，並於接種後觀察132分鐘，無不適症狀再離開。五、 其他經醫師評估不適合接種者，不予' \u0006",
        "twd97x": 288397.93,
        "twd97y": 2757970.96,
        "經度": 121.380183,
        "緯度": 24.929033
      }
    },
    {
      "type": "Feature",
      "geometry": {
        "type": "Point",
        "coordinates": [
          121.370812,
          24.936251
        ]
      },
      "properties": {
        "no": 3530000000.0,
        "name": "彭耳鼻喉科診所",
        "tel": "(02)2673-8275",
        "address": "新北市三峽區文化路132號",
        "type": "診所",
        "remark": "如要接種，請先致電詢問疫苗庫存",
        "reservation": "現場",
        "own_expense": "否",
        "division": "耳鼻喉科",
        "notice": "接種禁忌一、已知對疫苗的成份有過敏者，不予接種。二、過去注射曾經發生嚴重不良反應者，不予接種。接種注意事項一、 發燒或正患有急性中重疾病者，宜待病情穩定後再接種。二、 出生未滿6個月，因無使用效益及安全性等臨床資料，故不予接種。三、 先前接種本疫苗6週內曾發生Guillain-Barr? 症候群(GBS)者，宜請醫師評估。四、已知對「蛋」之蛋白質有嚴重過敏者，可在門/住診由熟悉處理過敏症狀之醫事人員提供接種，並於接種後觀察133分鐘，無不適症狀再離開。五、 其他經醫師評估不適合接種者，不予' \u0006",
        "twd97x": 287449.24,
        "twd97y": 2758767.73,
        "經度": 121.370812,
        "緯度": 24.936251
      }
    },
    {
      "type": "Feature",
      "geometry": {
        "type": "Point",
        "coordinates": [
          121.375032,
          24.942616
        ]
      },
      "properties": {
        "no": 3530000000.0,
        "name": "新禾診所",
        "tel": "8671-6866",
        "address": "新北市三峽區學成路235號1樓",
        "type": "診所",
        "remark": "如要接種，請先致電詢問疫苗庫存",
        "reservation": "電話、現場",
        "own_expense": "是",
        "division": "家醫科",
        "notice": "接種禁忌一、已知對疫苗的成份有過敏者，不予接種。二、過去注射曾經發生嚴重不良反應者，不予接種。接種注意事項一、 發燒或正患有急性中重疾病者，宜待病情穩定後再接種。二、 出生未滿6個月，因無使用效益及安全性等臨床資料，故不予接種。三、 先前接種本疫苗6週內曾發生Guillain-Barr? 症候群(GBS)者，宜請醫師評估。四、已知對「蛋」之蛋白質有嚴重過敏者，可在門/住診由熟悉處理過敏症狀之醫事人員提供接種，並於接種後觀察134分鐘，無不適症狀再離開。五、 其他經醫師評估不適合接種者，不予' \u0006",
        "twd97x": 287873.53,
        "twd97y": 2759473.91,
        "經度": 121.375032,
        "緯度": 24.942616
      }
    },
    {
      "type": "Feature",
      "geometry": {
        "type": "Point",
        "coordinates": [
          121.373548,
          24.931917
        ]
      },
      "properties": {
        "no": 3530000000.0,
        "name": "詹小兒科診所",
        "tel": "(02)2674-2308",
        "address": "新北市三峽區中華路13之6號1樓",
        "type": "診所",
        "remark": "如要接種，請先致電詢問疫苗庫存",
        "reservation": "電話、現場",
        "own_expense": "否",
        "division": "小兒科",
        "notice": "接種禁忌一、已知對疫苗的成份有過敏者，不予接種。二、過去注射曾經發生嚴重不良反應者，不予接種。接種注意事項一、 發燒或正患有急性中重疾病者，宜待病情穩定後再接種。二、 出生未滿6個月，因無使用效益及安全性等臨床資料，故不予接種。三、 先前接種本疫苗6週內曾發生Guillain-Barr? 症候群(GBS)者，宜請醫師評估。四、已知對「蛋」之蛋白質有嚴重過敏者，可在門/住診由熟悉處理過敏症狀之醫事人員提供接種，並於接種後觀察135分鐘，無不適症狀再離開。五、 其他經醫師評估不適合接種者，不予' \u0006",
        "twd97x": 287726.9,
        "twd97y": 2758288.54,
        "經度": 121.373548,
        "緯度": 24.931917
      }
    },
    {
      "type": "Feature",
      "geometry": {
        "type": "Point",
        "coordinates": [
          121.371851,
          24.936264
        ]
      },
      "properties": {
        "no": 3530000000.0,
        "name": "錦霖診所",
        "tel": "(02)8674-3684",
        "address": "新北市三峽區文化路86號",
        "type": "診所",
        "remark": "如要接種，請先致電詢問疫苗庫存",
        "reservation": "電話、現場",
        "own_expense": "否",
        "division": "內科",
        "notice": "接種禁忌一、已知對疫苗的成份有過敏者，不予接種。二、過去注射曾經發生嚴重不良反應者，不予接種。接種注意事項一、 發燒或正患有急性中重疾病者，宜待病情穩定後再接種。二、 出生未滿6個月，因無使用效益及安全性等臨床資料，故不予接種。三、 先前接種本疫苗6週內曾發生Guillain-Barr? 症候群(GBS)者，宜請醫師評估。四、已知對「蛋」之蛋白質有嚴重過敏者，可在門/住診由熟悉處理過敏症狀之醫事人員提供接種，並於接種後觀察136分鐘，無不適症狀再離開。五、 其他經醫師評估不適合接種者，不予' \u0006",
        "twd97x": 287554.17,
        "twd97y": 2758769.5,
        "經度": 121.371851,
        "緯度": 24.936264
      }
    },
    {
      "type": "Feature",
      "geometry": {
        "type": "Point",
        "coordinates": [
          121.373614,
          24.931984
        ]
      },
      "properties": {
        "no": 3530000000.0,
        "name": "三禾診所",
        "tel": "2673-5708",
        "address": "新北市三峽區中華路13-5號4樓",
        "type": "診所",
        "remark": "如要接種，請先致電詢問疫苗庫存",
        "reservation": "現場",
        "own_expense": "否",
        "division": "內科",
        "notice": "接種禁忌一、已知對疫苗的成份有過敏者，不予接種。二、過去注射曾經發生嚴重不良反應者，不予接種。接種注意事項一、 發燒或正患有急性中重疾病者，宜待病情穩定後再接種。二、 出生未滿6個月，因無使用效益及安全性等臨床資料，故不予接種。三、 先前接種本疫苗6週內曾發生Guillain-Barr? 症候群(GBS)者，宜請醫師評估。四、已知對「蛋」之蛋白質有嚴重過敏者，可在門/住診由熟悉處理過敏症狀之醫事人員提供接種，並於接種後觀察137分鐘，無不適症狀再離開。五、 其他經醫師評估不適合接種者，不予' \u0006",
        "twd97x": 287733.6,
        "twd97y": 2758295.94,
        "經度": 121.373614,
        "緯度": 24.931984
      }
    },
    {
      "type": "Feature",
      "geometry": {
        "type": "Point",
        "coordinates": [
          121.443189,
          24.972857
        ]
      },
      "properties": {
        "no": 2330000000.0,
        "name": "土城區衛生所",
        "tel": "2260-3181#333",
        "address": "新北市土城區和平路26號",
        "type": "衛生所",
        "remark": "如要接種，請先致電詢問疫苗庫存",
        "reservation": "現場",
        "own_expense": "否",
        "division": "家醫科",
        "notice": "接種禁忌一、已知對疫苗的成份有過敏者，不予接種。二、過去注射曾經發生嚴重不良反應者，不予接種。接種注意事項一、 發燒或正患有急性中重疾病者，宜待病情穩定後再接種。二、 出生未滿6個月，因無使用效益及安全性等臨床資料，故不予接種。三、 先前接種本疫苗6週內曾發生Guillain-Barr? 症候群(GBS)者，宜請醫師評估。四、已知對「蛋」之蛋白質有嚴重過敏者，可在門/住診由熟悉處理過敏症狀之醫事人員提供接種，並於接種後觀察138分鐘，無不適症狀再離開。五、 其他經醫師評估不適合接種者，不予' \u0006",
        "twd97x": 294745.61,
        "twd97y": 2762844.29,
        "經度": 121.443189,
        "緯度": 24.972857
      }
    },
    {
      "type": "Feature",
      "geometry": {
        "type": "Point",
        "coordinates": [
          121.442751,
          24.980376
        ]
      },
      "properties": {
        "no": 3530000000.0,
        "name": "人人診所",
        "tel": "2.26E+07",
        "address": "新北市土城區中央路二段20之2號",
        "type": "診所",
        "remark": "如要接種，請先致電詢問疫苗庫存",
        "reservation": "現場",
        "own_expense": "是",
        "division": "內科",
        "notice": "接種禁忌一、已知對疫苗的成份有過敏者，不予接種。二、過去注射曾經發生嚴重不良反應者，不予接種。接種注意事項一、 發燒或正患有急性中重疾病者，宜待病情穩定後再接種。二、 出生未滿6個月，因無使用效益及安全性等臨床資料，故不予接種。三、 先前接種本疫苗6週內曾發生Guillain-Barr? 症候群(GBS)者，宜請醫師評估。四、已知對「蛋」之蛋白質有嚴重過敏者，可在門/住診由熟悉處理過敏症狀之醫事人員提供接種，並於接種後觀察139分鐘，無不適症狀再離開。五、 其他經醫師評估不適合接種者，不予' \u0006",
        "twd97x": 294698.76,
        "twd97y": 2763676.94,
        "經度": 121.442751,
        "緯度": 24.980376
      }
    },
    {
      "type": "Feature",
      "geometry": {
        "type": "Point",
        "coordinates": [
          121.442843,
          24.975983
        ]
      },
      "properties": {
        "no": 3530000000.0,
        "name": "土城診所",
        "tel": "2260-3307",
        "address": "新北市土城區中央路二段177巷22號",
        "type": "診所",
        "remark": "如要接種，請先致電詢問疫苗庫存",
        "reservation": "現場",
        "own_expense": "是",
        "division": "兒科",
        "notice": "接種禁忌一、已知對疫苗的成份有過敏者，不予接種。二、過去注射曾經發生嚴重不良反應者，不予接種。接種注意事項一、 發燒或正患有急性中重疾病者，宜待病情穩定後再接種。二、 出生未滿6個月，因無使用效益及安全性等臨床資料，故不予接種。三、 先前接種本疫苗6週內曾發生Guillain-Barr? 症候群(GBS)者，宜請醫師評估。四、已知對「蛋」之蛋白質有嚴重過敏者，可在門/住診由熟悉處理過敏症狀之醫事人員提供接種，並於接種後觀察140分鐘，無不適症狀再離開。五、 其他經醫師評估不適合接種者，不予' \u0006",
        "twd97x": 294709.62,
        "twd97y": 2763190.46,
        "經度": 121.442843,
        "緯度": 24.975983
      }
    },
    {
      "type": "Feature",
      "geometry": {
        "type": "Point",
        "coordinates": [
          121.453628,
          24.983937
        ]
      },
      "properties": {
        "no": 3530000000.0,
        "name": "土城劉內科診所",
        "tel": "2265-4553",
        "address": "新北市土城區裕民路226號",
        "type": "診所",
        "remark": "如要接種，請先致電詢問疫苗庫存",
        "reservation": "現場",
        "own_expense": "是",
        "division": "內科",
        "notice": "接種禁忌一、已知對疫苗的成份有過敏者，不予接種。二、過去注射曾經發生嚴重不良反應者，不予接種。接種注意事項一、 發燒或正患有急性中重疾病者，宜待病情穩定後再接種。二、 出生未滿6個月，因無使用效益及安全性等臨床資料，故不予接種。三、 先前接種本疫苗6週內曾發生Guillain-Barr? 症候群(GBS)者，宜請醫師評估。四、已知對「蛋」之蛋白質有嚴重過敏者，可在門/住診由熟悉處理過敏症狀之醫事人員提供接種，並於接種後觀察141分鐘，無不適症狀再離開。五、 其他經醫師評估不適合接種者，不予' \u0006",
        "twd97x": 295795.54,
        "twd97y": 2764074.99,
        "經度": 121.453628,
        "緯度": 24.983937
      }
    },
    {
      "type": "Feature",
      "geometry": {
        "type": "Point",
        "coordinates": [
          121.447424,
          24.989562
        ]
      },
      "properties": {
        "no": 1530000000.0,
        "name": "仁安醫院",
        "tel": "2262-7088#706",
        "address": "新北市土城區中央路一段62號",
        "type": "地區醫院",
        "remark": "如要接種，請先致電詢問疫苗庫存",
        "reservation": "現場",
        "own_expense": "否",
        "division": "內科",
        "notice": "接種禁忌一、已知對疫苗的成份有過敏者，不予接種。二、過去注射曾經發生嚴重不良反應者，不予接種。接種注意事項一、 發燒或正患有急性中重疾病者，宜待病情穩定後再接種。二、 出生未滿6個月，因無使用效益及安全性等臨床資料，故不予接種。三、 先前接種本疫苗6週內曾發生Guillain-Barr? 症候群(GBS)者，宜請醫師評估。四、已知對「蛋」之蛋白質有嚴重過敏者，可在門/住診由熟悉處理過敏症狀之醫事人員提供接種，並於接種後觀察142分鐘，無不適症狀再離開。五、 其他經醫師評估不適合接種者，不予' \u0006",
        "twd97x": 295167.16,
        "twd97y": 2764695.95,
        "經度": 121.447424,
        "緯度": 24.989562
      }
    },
    {
      "type": "Feature",
      "geometry": {
        "type": "Point",
        "coordinates": [
          121.460544,
          24.978683
        ]
      },
      "properties": {
        "no": 3530000000.0,
        "name": "仁康診所",
        "tel": "2260-9090",
        "address": "新北市土城區青仁路29號",
        "type": "診所",
        "remark": "如要接種，請先致電詢問疫苗庫存",
        "reservation": "現場",
        "own_expense": "是",
        "division": "  家醫科",
        "notice": "接種禁忌一、已知對疫苗的成份有過敏者，不予接種。二、過去注射曾經發生嚴重不良反應者，不予接種。接種注意事項一、 發燒或正患有急性中重疾病者，宜待病情穩定後再接種。二、 出生未滿6個月，因無使用效益及安全性等臨床資料，故不予接種。三、 先前接種本疫苗6週內曾發生Guillain-Barr? 症候群(GBS)者，宜請醫師評估。四、已知對「蛋」之蛋白質有嚴重過敏者，可在門/住診由熟悉處理過敏症狀之醫事人員提供接種，並於接種後觀察143分鐘，無不適症狀再離開。五、 其他經醫師評估不適合接種者，不予' \u0006",
        "twd97x": 296495.69,
        "twd97y": 2763495.45,
        "經度": 121.460544,
        "緯度": 24.978683
      }
    },
    {
      "type": "Feature",
      "geometry": {
        "type": "Point",
        "coordinates": [
          121.440352,
          24.97297
        ]
      },
      "properties": {
        "no": 1530000000.0,
        "name": "元復醫院",
        "tel": "2266-1886#615",
        "address": "新北市土城區中央路二段318-324號",
        "type": "地區醫院",
        "remark": "如要接種，請先致電詢問疫苗庫存",
        "reservation": "網路、電話",
        "own_expense": "否",
        "division": "家醫科",
        "notice": "接種禁忌一、已知對疫苗的成份有過敏者，不予接種。二、過去注射曾經發生嚴重不良反應者，不予接種。接種注意事項一、 發燒或正患有急性中重疾病者，宜待病情穩定後再接種。二、 出生未滿6個月，因無使用效益及安全性等臨床資料，故不予接種。三、 先前接種本疫苗6週內曾發生Guillain-Barr? 症候群(GBS)者，宜請醫師評估。四、已知對「蛋」之蛋白質有嚴重過敏者，可在門/住診由熟悉處理過敏症狀之醫事人員提供接種，並於接種後觀察144分鐘，無不適症狀再離開。五、 其他經醫師評估不適合接種者，不予' \u0006",
        "twd97x": 294459.14,
        "twd97y": 2762855.81,
        "經度": 121.440352,
        "緯度": 24.97297
      }
    },
    {
      "type": "Feature",
      "geometry": {
        "type": "Point",
        "coordinates": [
          121.446577,
          24.988228
        ]
      },
      "properties": {
        "no": 3530000000.0,
        "name": "王培玲診所",
        "tel": "2263-7983",
        "address": "新北市土城區中央路一段110號",
        "type": "診所",
        "remark": "如要接種，請先致電詢問疫苗庫存",
        "reservation": "電話、現場",
        "own_expense": "否",
        "division": "內科",
        "notice": "接種禁忌一、已知對疫苗的成份有過敏者，不予接種。二、過去注射曾經發生嚴重不良反應者，不予接種。接種注意事項一、 發燒或正患有急性中重疾病者，宜待病情穩定後再接種。二、 出生未滿6個月，因無使用效益及安全性等臨床資料，故不予接種。三、 先前接種本疫苗6週內曾發生Guillain-Barr? 症候群(GBS)者，宜請醫師評估。四、已知對「蛋」之蛋白質有嚴重過敏者，可在門/住診由熟悉處理過敏症狀之醫事人員提供接種，並於接種後觀察145分鐘，無不適症狀再離開。五、 其他經醫師評估不適合接種者，不予' \u0006",
        "twd97x": 295082.07,
        "twd97y": 2764547.97,
        "經度": 121.446577,
        "緯度": 24.988228
      }
    },
    {
      "type": "Feature",
      "geometry": {
        "type": "Point",
        "coordinates": [
          121.457131,
          24.983196
        ]
      },
      "properties": {
        "no": 3530000000.0,
        "name": "永佳婦產專科診所",
        "tel": "2263-1188",
        "address": "新北市土城區金城路二段250號",
        "type": "診所",
        "remark": "如要接種，請先致電詢問疫苗庫存",
        "reservation": "網路、電話、現場",
        "own_expense": "是",
        "division": "兒科",
        "notice": "接種禁忌一、已知對疫苗的成份有過敏者，不予接種。二、過去注射曾經發生嚴重不良反應者，不予接種。接種注意事項一、 發燒或正患有急性中重疾病者，宜待病情穩定後再接種。二、 出生未滿6個月，因無使用效益及安全性等臨床資料，故不予接種。三、 先前接種本疫苗6週內曾發生Guillain-Barr? 症候群(GBS)者，宜請醫師評估。四、已知對「蛋」之蛋白質有嚴重過敏者，可在門/住診由熟悉處理過敏症狀之醫事人員提供接種，並於接種後觀察146分鐘，無不適症狀再離開。五、 其他經醫師評估不適合接種者，不予' \u0006",
        "twd97x": 296149.49,
        "twd97y": 2763994.11,
        "經度": 121.457131,
        "緯度": 24.983196
      }
    },
    {
      "type": "Feature",
      "geometry": {
        "type": "Point",
        "coordinates": [
          121.453229,
          24.986134
        ]
      },
      "properties": {
        "no": 3530000000.0,
        "name": "吉康小兒科診所",
        "tel": "2270-6596",
        "address": "新北市土城區學府路一段188號",
        "type": "診所",
        "remark": "如要接種，請先致電詢問疫苗庫存",
        "reservation": "網路、電話、現場",
        "own_expense": "是",
        "division": "兒科",
        "notice": "接種禁忌一、已知對疫苗的成份有過敏者，不予接種。二、過去注射曾經發生嚴重不良反應者，不予接種。接種注意事項一、 發燒或正患有急性中重疾病者，宜待病情穩定後再接種。二、 出生未滿6個月，因無使用效益及安全性等臨床資料，故不予接種。三、 先前接種本疫苗6週內曾發生Guillain-Barr? 症候群(GBS)者，宜請醫師評估。四、已知對「蛋」之蛋白質有嚴重過敏者，可在門/住診由熟悉處理過敏症狀之醫事人員提供接種，並於接種後觀察147分鐘，無不適症狀再離開。五、 其他經醫師評估不適合接種者，不予' \u0006",
        "twd97x": 295754.45,
        "twd97y": 2764318.28,
        "經度": 121.453229,
        "緯度": 24.986134
      }
    },
    {
      "type": "Feature",
      "geometry": {
        "type": "Point",
        "coordinates": [
          121.459851,
          24.983721
        ]
      },
      "properties": {
        "no": 3530000000.0,
        "name": "名仁診所",
        "tel": "2264-5528",
        "address": "新北市土城區立雲街3號",
        "type": "診所",
        "remark": "如要接種，請先致電詢問疫苗庫存",
        "reservation": "現場",
        "own_expense": "是",
        "division": "家醫科",
        "notice": "接種禁忌一、已知對疫苗的成份有過敏者，不予接種。二、過去注射曾經發生嚴重不良反應者，不予接種。接種注意事項一、 發燒或正患有急性中重疾病者，宜待病情穩定後再接種。二、 出生未滿6個月，因無使用效益及安全性等臨床資料，故不予接種。三、 先前接種本疫苗6週內曾發生Guillain-Barr? 症候群(GBS)者，宜請醫師評估。四、已知對「蛋」之蛋白質有嚴重過敏者，可在門/住診由熟悉處理過敏症狀之醫事人員提供接種，並於接種後觀察148分鐘，無不適症狀再離開。五、 其他經醫師評估不適合接種者，不予' \u0006",
        "twd97x": 296423.83,
        "twd97y": 2764053.16,
        "經度": 121.459851,
        "緯度": 24.983721
      }
    },
    {
      "type": "Feature",
      "geometry": {
        "type": "Point",
        "coordinates": [
          121.463264,
          24.985468
        ]
      },
      "properties": {
        "no": 3530000000.0,
        "name": "秀偉小兒科診所",
        "tel": "2262-0555",
        "address": "新北市土城區金城路二段380號",
        "type": "診所",
        "remark": "如要接種，請先致電詢問疫苗庫存",
        "reservation": "網路、電話、傳真、現場",
        "own_expense": "是",
        "division": "內科、兒科",
        "notice": "接種禁忌一、已知對疫苗的成份有過敏者，不予接種。二、過去注射曾經發生嚴重不良反應者，不予接種。接種注意事項一、 發燒或正患有急性中重疾病者，宜待病情穩定後再接種。二、 出生未滿6個月，因無使用效益及安全性等臨床資料，故不予接種。三、 先前接種本疫苗6週內曾發生Guillain-Barr? 症候群(GBS)者，宜請醫師評估。四、已知對「蛋」之蛋白質有嚴重過敏者，可在門/住診由熟悉處理過敏症狀之醫事人員提供接種，並於接種後觀察149分鐘，無不適症狀再離開。五、 其他經醫師評估不適合接種者，不予' \u0006",
        "twd97x": 296767.77,
        "twd97y": 2764247.87,
        "經度": 121.463264,
        "緯度": 24.985468
      }
    },
    {
      "type": "Feature",
      "geometry": {
        "type": "Point",
        "coordinates": [
          121.469624,
          24.990113
        ]
      },
      "properties": {
        "no": 3530000000.0,
        "name": "延平診所",
        "tel": "2270-3394",
        "address": "新北市土城區延和路205號",
        "type": "診所",
        "remark": "如要接種，請先致電詢問疫苗庫存",
        "reservation": "現場",
        "own_expense": "是",
        "division": "內科",
        "notice": "接種禁忌一、已知對疫苗的成份有過敏者，不予接種。二、過去注射曾經發生嚴重不良反應者，不予接種。接種注意事項一、 發燒或正患有急性中重疾病者，宜待病情穩定後再接種。二、 出生未滿6個月，因無使用效益及安全性等臨床資料，故不予接種。三、 先前接種本疫苗6週內曾發生Guillain-Barr? 症候群(GBS)者，宜請醫師評估。四、已知對「蛋」之蛋白質有嚴重過敏者，可在門/住診由熟悉處理過敏症狀之醫事人員提供接種，並於接種後觀察150分鐘，無不適症狀再離開。五、 其他經醫師評估不適合接種者，不予' \u0006",
        "twd97x": 297408.03,
        "twd97y": 2764764.59,
        "經度": 121.469624,
        "緯度": 24.990113
      }
    },
    {
      "type": "Feature",
      "geometry": {
        "type": "Point",
        "coordinates": [
          121.440385,
          24.973108
        ]
      },
      "properties": {
        "no": 3530000000.0,
        "name": "城林小兒科診所",
        "tel": "2270-6166",
        "address": "新北市土城區中央路二段312號",
        "type": "診所",
        "remark": "如要接種，請先致電詢問疫苗庫存",
        "reservation": "電話、現場",
        "own_expense": "是",
        "division": "兒科",
        "notice": "接種禁忌一、已知對疫苗的成份有過敏者，不予接種。二、過去注射曾經發生嚴重不良反應者，不予接種。接種注意事項一、 發燒或正患有急性中重疾病者，宜待病情穩定後再接種。二、 出生未滿6個月，因無使用效益及安全性等臨床資料，故不予接種。三、 先前接種本疫苗6週內曾發生Guillain-Barr? 症候群(GBS)者，宜請醫師評估。四、已知對「蛋」之蛋白質有嚴重過敏者，可在門/住診由熟悉處理過敏症狀之醫事人員提供接種，並於接種後觀察151分鐘，無不適症狀再離開。五、 其他經醫師評估不適合接種者，不予' \u0006",
        "twd97x": 294462.49,
        "twd97y": 2762871.11,
        "經度": 121.440385,
        "緯度": 24.973108
      }
    },
    {
      "type": "Feature",
      "geometry": {
        "type": "Point",
        "coordinates": [
          121.467236,
          24.989817
        ]
      },
      "properties": {
        "no": 3530000000.0,
        "name": "洪正祝小兒科診所",
        "tel": "8261-1080",
        "address": "新北市土城區延和路112號1樓",
        "type": "診所",
        "remark": "如要接種，請先致電詢問疫苗庫存",
        "reservation": "電話、現場",
        "own_expense": "是",
        "division": "兒科",
        "notice": "接種禁忌一、已知對疫苗的成份有過敏者，不予接種。二、過去注射曾經發生嚴重不良反應者，不予接種。接種注意事項一、 發燒或正患有急性中重疾病者，宜待病情穩定後再接種。二、 出生未滿6個月，因無使用效益及安全性等臨床資料，故不予接種。三、 先前接種本疫苗6週內曾發生Guillain-Barr? 症候群(GBS)者，宜請醫師評估。四、已知對「蛋」之蛋白質有嚴重過敏者，可在門/住診由熟悉處理過敏症狀之醫事人員提供接種，並於接種後觀察152分鐘，無不適症狀再離開。五、 其他經醫師評估不適合接種者，不予' \u0006",
        "twd97x": 297167.1,
        "twd97y": 2764730.97,
        "經度": 121.467236,
        "緯度": 24.989817
      }
    },
    {
      "type": "Feature",
      "geometry": {
        "type": "Point",
        "coordinates": [
          121.443175,
          24.975317
        ]
      },
      "properties": {
        "no": 3530000000.0,
        "name": "家峰耳鼻喉科診所",
        "tel": "2263-5968",
        "address": "新北市土城區中正路15號",
        "type": "診所",
        "remark": "如要接種，請先致電詢問疫苗庫存",
        "reservation": "現場",
        "own_expense": "是",
        "division": "耳鼻喉科",
        "notice": "接種禁忌一、已知對疫苗的成份有過敏者，不予接種。二、過去注射曾經發生嚴重不良反應者，不予接種。接種注意事項一、 發燒或正患有急性中重疾病者，宜待病情穩定後再接種。二、 出生未滿6個月，因無使用效益及安全性等臨床資料，故不予接種。三、 先前接種本疫苗6週內曾發生Guillain-Barr? 症候群(GBS)者，宜請醫師評估。四、已知對「蛋」之蛋白質有嚴重過敏者，可在門/住診由熟悉處理過敏症狀之醫事人員提供接種，並於接種後觀察153分鐘，無不適症狀再離開。五、 其他經醫師評估不適合接種者，不予' \u0006",
        "twd97x": 294743.35,
        "twd97y": 2763116.72,
        "經度": 121.443175,
        "緯度": 24.975317
      }
    },
    {
      "type": "Feature",
      "geometry": {
        "type": "Point",
        "coordinates": [
          121.448745,
          24.991183
        ]
      },
      "properties": {
        "no": 1530000000.0,
        "name": "恩樺醫院",
        "tel": "2263-9955#1006",
        "address": "新北市土城區中央路一段7之18號",
        "type": "地區醫院",
        "remark": "如要接種，請先致電詢問疫苗庫存",
        "reservation": "電話、現場",
        "own_expense": "否",
        "division": "內科",
        "notice": "接種禁忌一、已知對疫苗的成份有過敏者，不予接種。二、過去注射曾經發生嚴重不良反應者，不予接種。接種注意事項一、 發燒或正患有急性中重疾病者，宜待病情穩定後再接種。二、 出生未滿6個月，因無使用效益及安全性等臨床資料，故不予接種。三、 先前接種本疫苗6週內曾發生Guillain-Barr? 症候群(GBS)者，宜請醫師評估。四、已知對「蛋」之蛋白質有嚴重過敏者，可在門/住診由熟悉處理過敏症狀之醫事人員提供接種，並於接種後觀察154分鐘，無不適症狀再離開。五、 其他經醫師評估不適合接種者，不予' \u0006",
        "twd97x": 295299.9,
        "twd97y": 2764876.03,
        "經度": 121.448745,
        "緯度": 24.991183
      }
    },
    {
      "type": "Feature",
      "geometry": {
        "type": "Point",
        "coordinates": [
          121.440678,
          24.973187
        ]
      },
      "properties": {
        "no": 3530000000.0,
        "name": "祐生耳鼻喉科診所",
        "tel": "8261-4588",
        "address": "新北市土城區中央路二段223之9號",
        "type": "診所",
        "remark": "如要接種，請先致電詢問疫苗庫存",
        "reservation": "電話、現場",
        "own_expense": "是",
        "division": "耳鼻喉科",
        "notice": "接種禁忌一、已知對疫苗的成份有過敏者，不予接種。二、過去注射曾經發生嚴重不良反應者，不予接種。接種注意事項一、 發燒或正患有急性中重疾病者，宜待病情穩定後再接種。二、 出生未滿6個月，因無使用效益及安全性等臨床資料，故不予接種。三、 先前接種本疫苗6週內曾發生Guillain-Barr? 症候群(GBS)者，宜請醫師評估。四、已知對「蛋」之蛋白質有嚴重過敏者，可在門/住診由熟悉處理過敏症狀之醫事人員提供接種，並於接種後觀察155分鐘，無不適症狀再離開。五、 其他經醫師評估不適合接種者，不予' \u0006",
        "twd97x": 294491.97,
        "twd97y": 2762880.06,
        "經度": 121.440678,
        "緯度": 24.973187
      }
    },
    {
      "type": "Feature",
      "geometry": {
        "type": "Point",
        "coordinates": [
          121.461157,
          24.982866
        ]
      },
      "properties": {
        "no": 3530000000.0,
        "name": "康合診所",
        "tel": "2263-4168",
        "address": "新北市土城區清水路233號",
        "type": "診所",
        "remark": "如要接種，請先致電詢問疫苗庫存",
        "reservation": "現場",
        "own_expense": "否",
        "division": "家醫科",
        "notice": "接種禁忌一、已知對疫苗的成份有過敏者，不予接種。二、過去注射曾經發生嚴重不良反應者，不予接種。接種注意事項一、 發燒或正患有急性中重疾病者，宜待病情穩定後再接種。二、 出生未滿6個月，因無使用效益及安全性等臨床資料，故不予接種。三、 先前接種本疫苗6週內曾發生Guillain-Barr? 症候群(GBS)者，宜請醫師評估。四、已知對「蛋」之蛋白質有嚴重過敏者，可在門/住診由熟悉處理過敏症狀之醫事人員提供接種，並於接種後觀察156分鐘，無不適症狀再離開。五、 其他經醫師評估不適合接種者，不予' \u0006",
        "twd97x": 296556.05,
        "twd97y": 2763958.97,
        "經度": 121.461157,
        "緯度": 24.982866
      }
    },
    {
      "type": "Feature",
      "geometry": {
        "type": "Point",
        "coordinates": [
          121.456644,
          24.988292
        ]
      },
      "properties": {
        "no": 3530000000.0,
        "name": "張國樑診所",
        "tel": "2273-9989",
        "address": "新北市土城區學府路一段72號",
        "type": "診所",
        "remark": "如要接種，請先致電詢問疫苗庫存",
        "reservation": "現場",
        "own_expense": "是",
        "division": "兒科",
        "notice": "接種禁忌一、已知對疫苗的成份有過敏者，不予接種。二、過去注射曾經發生嚴重不良反應者，不予接種。接種注意事項一、 發燒或正患有急性中重疾病者，宜待病情穩定後再接種。二、 出生未滿6個月，因無使用效益及安全性等臨床資料，故不予接種。三、 先前接種本疫苗6週內曾發生Guillain-Barr? 症候群(GBS)者，宜請醫師評估。四、已知對「蛋」之蛋白質有嚴重過敏者，可在門/住診由熟悉處理過敏症狀之醫事人員提供接種，並於接種後觀察157分鐘，無不適症狀再離開。五、 其他經醫師評估不適合接種者，不予' \u0006",
        "twd97x": 296098.33,
        "twd97y": 2764558.41,
        "經度": 121.456644,
        "緯度": 24.988292
      }
    },
    {
      "type": "Feature",
      "geometry": {
        "type": "Point",
        "coordinates": [
          121.417217,
          24.958158
        ]
      },
      "properties": {
        "no": 3530000000.0,
        "name": "梁診所",
        "tel": "2267-4991",
        "address": "新北市土城區中央路四段75號",
        "type": "診所",
        "remark": "如要接種，請先致電詢問疫苗庫存",
        "reservation": "電話、現場",
        "own_expense": "是",
        "division": "家醫科",
        "notice": "接種禁忌一、已知對疫苗的成份有過敏者，不予接種。二、過去注射曾經發生嚴重不良反應者，不予接種。接種注意事項一、 發燒或正患有急性中重疾病者，宜待病情穩定後再接種。二、 出生未滿6個月，因無使用效益及安全性等臨床資料，故不予接種。三、 先前接種本疫苗6週內曾發生Guillain-Barr? 症候群(GBS)者，宜請醫師評估。四、已知對「蛋」之蛋白質有嚴重過敏者，可在門/住診由熟悉處理過敏症狀之醫事人員提供接種，並於接種後觀察158分鐘，無不適症狀再離開。五、 其他經醫師評估不適合接種者，不予' \u0006",
        "twd97x": 292128.45,
        "twd97y": 2761207.81,
        "經度": 121.417217,
        "緯度": 24.958158
      }
    },
    {
      "type": "Feature",
      "geometry": {
        "type": "Point",
        "coordinates": [
          121.414306,
          24.956428
        ]
      },
      "properties": {
        "no": 3530000000.0,
        "name": "頂埔中心診所",
        "tel": "2267-1382",
        "address": "新北市土城區中央路四段286號",
        "type": "診所",
        "remark": "如要接種，請先致電詢問疫苗庫存",
        "reservation": "現場",
        "own_expense": "是",
        "division": "家醫科",
        "notice": "接種禁忌一、已知對疫苗的成份有過敏者，不予接種。二、過去注射曾經發生嚴重不良反應者，不予接種。接種注意事項一、 發燒或正患有急性中重疾病者，宜待病情穩定後再接種。二、 出生未滿6個月，因無使用效益及安全性等臨床資料，故不予接種。三、 先前接種本疫苗6週內曾發生Guillain-Barr? 症候群(GBS)者，宜請醫師評估。四、已知對「蛋」之蛋白質有嚴重過敏者，可在門/住診由熟悉處理過敏症狀之醫事人員提供接種，並於接種後觀察159分鐘，無不適症狀再離開。五、 其他經醫師評估不適合接種者，不予' \u0006",
        "twd97x": 291835.08,
        "twd97y": 2761015.36,
        "經度": 121.414306,
        "緯度": 24.956428
      }
    },
    {
      "type": "Feature",
      "geometry": {
        "type": "Point",
        "coordinates": [
          121.463999,
          24.98682
        ]
      },
      "properties": {
        "no": 3530000000.0,
        "name": "博盛耳鼻喉科診所",
        "tel": "2262-2331",
        "address": "新北市土城區立德路６６號",
        "type": "診所",
        "remark": "如要接種，請先致電詢問疫苗庫存",
        "reservation": "現場",
        "own_expense": "是",
        "division": "耳鼻喉科",
        "notice": "接種禁忌一、已知對疫苗的成份有過敏者，不予接種。二、過去注射曾經發生嚴重不良反應者，不予接種。接種注意事項一、 發燒或正患有急性中重疾病者，宜待病情穩定後再接種。二、 出生未滿6個月，因無使用效益及安全性等臨床資料，故不予接種。三、 先前接種本疫苗6週內曾發生Guillain-Barr? 症候群(GBS)者，宜請醫師評估。四、已知對「蛋」之蛋白質有嚴重過敏者，可在門/住診由熟悉處理過敏症狀之醫事人員提供接種，並於接種後觀察160分鐘，無不適症狀再離開。五、 其他經醫師評估不適合接種者，不予' \u0006",
        "twd97x": 296841.44,
        "twd97y": 2764397.85,
        "經度": 121.463999,
        "緯度": 24.98682
      }
    },
    {
      "type": "Feature",
      "geometry": {
        "type": "Point",
        "coordinates": [
          121.463999,
          24.98682
        ]
      },
      "properties": {
        "no": 3530000000.0,
        "name": "博勝診所",
        "tel": "2262-2331",
        "address": "新北市土城區立德路６６號",
        "type": "診所",
        "remark": "如要接種，請先致電詢問疫苗庫存",
        "reservation": "現場",
        "own_expense": "是",
        "division": "兒科",
        "notice": "接種禁忌一、已知對疫苗的成份有過敏者，不予接種。二、過去注射曾經發生嚴重不良反應者，不予接種。接種注意事項一、 發燒或正患有急性中重疾病者，宜待病情穩定後再接種。二、 出生未滿6個月，因無使用效益及安全性等臨床資料，故不予接種。三、 先前接種本疫苗6週內曾發生Guillain-Barr? 症候群(GBS)者，宜請醫師評估。四、已知對「蛋」之蛋白質有嚴重過敏者，可在門/住診由熟悉處理過敏症狀之醫事人員提供接種，並於接種後觀察161分鐘，無不適症狀再離開。五、 其他經醫師評估不適合接種者，不予' \u0006",
        "twd97x": 296841.44,
        "twd97y": 2764397.85,
        "經度": 121.463999,
        "緯度": 24.98682
      }
    },
    {
      "type": "Feature",
      "geometry": {
        "type": "Point",
        "coordinates": [
          121.463999,
          24.98682
        ]
      },
      "properties": {
        "no": 3530000000.0,
        "name": "博聖診所",
        "tel": "2262-2331",
        "address": "新北市土城區立德路６６號",
        "type": "診所",
        "remark": "如要接種，請先致電詢問疫苗庫存",
        "reservation": "現場",
        "own_expense": "是",
        "division": "耳鼻喉科",
        "notice": "接種禁忌一、已知對疫苗的成份有過敏者，不予接種。二、過去注射曾經發生嚴重不良反應者，不予接種。接種注意事項一、 發燒或正患有急性中重疾病者，宜待病情穩定後再接種。二、 出生未滿6個月，因無使用效益及安全性等臨床資料，故不予接種。三、 先前接種本疫苗6週內曾發生Guillain-Barr? 症候群(GBS)者，宜請醫師評估。四、已知對「蛋」之蛋白質有嚴重過敏者，可在門/住診由熟悉處理過敏症狀之醫事人員提供接種，並於接種後觀察162分鐘，無不適症狀再離開。五、 其他經醫師評估不適合接種者，不予' \u0006",
        "twd97x": 296841.44,
        "twd97y": 2764397.85,
        "經度": 121.463999,
        "緯度": 24.98682
      }
    },
    {
      "type": "Feature",
      "geometry": {
        "type": "Point",
        "coordinates": [
          121.46367,
          24.985947
        ]
      },
      "properties": {
        "no": 3530000000.0,
        "name": "傾心婦產科",
        "tel": "82627890",
        "address": "新北市土城區金城路二段259號",
        "type": "診所",
        "remark": "如要接種，請先致電詢問疫苗庫存",
        "reservation": "網路、現場",
        "own_expense": "是",
        "division": "婦產科",
        "notice": "接種禁忌一、已知對疫苗的成份有過敏者，不予接種。二、過去注射曾經發生嚴重不良反應者，不予接種。接種注意事項一、 發燒或正患有急性中重疾病者，宜待病情穩定後再接種。二、 出生未滿6個月，因無使用效益及安全性等臨床資料，故不予接種。三、 先前接種本疫苗6週內曾發生Guillain-Barr? 症候群(GBS)者，宜請醫師評估。四、已知對「蛋」之蛋白質有嚴重過敏者，可在門/住診由熟悉處理過敏症狀之醫事人員提供接種，並於接種後觀察163分鐘，無不適症狀再離開。五、 其他經醫師評估不適合接種者，不予' \u0006",
        "twd97x": 296808.5,
        "twd97y": 2764301.11,
        "經度": 121.46367,
        "緯度": 24.985947
      }
    },
    {
      "type": "Feature",
      "geometry": {
        "type": "Point",
        "coordinates": [
          121.448729,
          24.976436
        ]
      },
      "properties": {
        "no": 1130000000.0,
        "name": "新北市立土城醫院",
        "tel": "2263-0588",
        "address": "新北市土城區金城路二段６號",
        "type": "地區醫院",
        "remark": "如要接種，請先致電詢問疫苗庫存",
        "reservation": "網路",
        "own_expense": "是",
        "division": "兒科",
        "notice": "接種禁忌一、已知對疫苗的成份有過敏者，不予接種。二、過去注射曾經發生嚴重不良反應者，不予接種。接種注意事項一、 發燒或正患有急性中重疾病者，宜待病情穩定後再接種。二、 出生未滿6個月，因無使用效益及安全性等臨床資料，故不予接種。三、 先前接種本疫苗6週內曾發生Guillain-Barr? 症候群(GBS)者，宜請醫師評估。四、已知對「蛋」之蛋白質有嚴重過敏者，可在門/住診由熟悉處理過敏症狀之醫事人員提供接種，並於接種後觀察164分鐘，無不適症狀再離開。五、 其他經醫師評估不適合接種者，不予' \u0006",
        "twd97x": 295303.73,
        "twd97y": 2763242.57,
        "經度": 121.448729,
        "緯度": 24.976436
      }
    },
    {
      "type": "Feature",
      "geometry": {
        "type": "Point",
        "coordinates": [
          121.451445,
          24.986506
        ]
      },
      "properties": {
        "no": 3530000000.0,
        "name": "裕安診所",
        "tel": "2261-3300",
        "address": "新北市土城區裕民路131號",
        "type": "診所",
        "remark": "如要接種，請先致電詢問疫苗庫存",
        "reservation": "電話、現場",
        "own_expense": "是",
        "division": "內科",
        "notice": "接種禁忌一、已知對疫苗的成份有過敏者，不予接種。二、過去注射曾經發生嚴重不良反應者，不予接種。接種注意事項一、 發燒或正患有急性中重疾病者，宜待病情穩定後再接種。二、 出生未滿6個月，因無使用效益及安全性等臨床資料，故不予接種。三、 先前接種本疫苗6週內曾發生Guillain-Barr? 症候群(GBS)者，宜請醫師評估。四、已知對「蛋」之蛋白質有嚴重過敏者，可在門/住診由熟悉處理過敏症狀之醫事人員提供接種，並於接種後觀察165分鐘，無不適症狀再離開。五、 其他經醫師評估不適合接種者，不予' \u0006",
        "twd97x": 295574.18,
        "twd97y": 2764358.89,
        "經度": 121.451445,
        "緯度": 24.986506
      }
    },
    {
      "type": "Feature",
      "geometry": {
        "type": "Point",
        "coordinates": [
          121.468167,
          24.988184
        ]
      },
      "properties": {
        "no": 3530000000.0,
        "name": "誠康耳鼻喉科診所",
        "tel": "2266-3355",
        "address": "新北市土城區金城路三段137號",
        "type": "診所",
        "remark": "如要接種，請先致電詢問疫苗庫存",
        "reservation": "現場",
        "own_expense": "是",
        "division": "耳鼻喉科",
        "notice": "接種禁忌一、已知對疫苗的成份有過敏者，不予接種。二、過去注射曾經發生嚴重不良反應者，不予接種。接種注意事項一、 發燒或正患有急性中重疾病者，宜待病情穩定後再接種。二、 出生未滿6個月，因無使用效益及安全性等臨床資料，故不予接種。三、 先前接種本疫苗6週內曾發生Guillain-Barr? 症候群(GBS)者，宜請醫師評估。四、已知對「蛋」之蛋白質有嚴重過敏者，可在門/住診由熟悉處理過敏症狀之醫事人員提供接種，並於接種後觀察166分鐘，無不適症狀再離開。五、 其他經醫師評估不適合接種者，不予' \u0006",
        "twd97x": 297261.69,
        "twd97y": 2764550.38,
        "經度": 121.468167,
        "緯度": 24.988184
      }
    },
    {
      "type": "Feature",
      "geometry": {
        "type": "Point",
        "coordinates": [
          121.447796,
          24.989769
        ]
      },
      "properties": {
        "no": 3530000000.0,
        "name": "維安小兒科診所",
        "tel": "2266-8576",
        "address": "新北市土城區中央路一段67之2號",
        "type": "診所",
        "remark": "如要接種，請先致電詢問疫苗庫存",
        "reservation": "電話、現場",
        "own_expense": "是",
        "division": "兒科",
        "notice": "接種禁忌一、已知對疫苗的成份有過敏者，不予接種。二、過去注射曾經發生嚴重不良反應者，不予接種。接種注意事項一、 發燒或正患有急性中重疾病者，宜待病情穩定後再接種。二、 出生未滿6個月，因無使用效益及安全性等臨床資料，故不予接種。三、 先前接種本疫苗6週內曾發生Guillain-Barr? 症候群(GBS)者，宜請醫師評估。四、已知對「蛋」之蛋白質有嚴重過敏者，可在門/住診由熟悉處理過敏症狀之醫事人員提供接種，並於接種後觀察167分鐘，無不適症狀再離開。五、 其他經醫師評估不適合接種者，不予' \u0006",
        "twd97x": 295204.66,
        "twd97y": 2764718.99,
        "經度": 121.447796,
        "緯度": 24.989769
      }
    },
    {
      "type": "Feature",
      "geometry": {
        "type": "Point",
        "coordinates": [
          121.444808,
          24.985328
        ]
      },
      "properties": {
        "no": 3530000000.0,
        "name": "維康診所",
        "tel": "2263-0969",
        "address": "新北市土城區中央路一段224號",
        "type": "診所",
        "remark": "如要接種，請先致電詢問疫苗庫存",
        "reservation": "現場",
        "own_expense": "否",
        "division": "家醫科",
        "notice": "接種禁忌一、已知對疫苗的成份有過敏者，不予接種。二、過去注射曾經發生嚴重不良反應者，不予接種。接種注意事項一、 發燒或正患有急性中重疾病者，宜待病情穩定後再接種。二、 出生未滿6個月，因無使用效益及安全性等臨床資料，故不予接種。三、 先前接種本疫苗6週內曾發生Guillain-Barr? 症候群(GBS)者，宜請醫師評估。四、已知對「蛋」之蛋白質有嚴重過敏者，可在門/住診由熟悉處理過敏症狀之醫事人員提供接種，並於接種後觀察168分鐘，無不適症狀再離開。五、 其他經醫師評估不適合接種者，不予' \u0006",
        "twd97x": 294904.62,
        "twd97y": 2764226.14,
        "經度": 121.444808,
        "緯度": 24.985328
      }
    },
    {
      "type": "Feature",
      "geometry": {
        "type": "Point",
        "coordinates": [
          121.447796,
          24.989769
        ]
      },
      "properties": {
        "no": 3530000000.0,
        "name": "維誠小兒科診所",
        "tel": "2266-8575",
        "address": "新北市土城區中央路一段67之2號",
        "type": "診所",
        "remark": "如要接種，請先致電詢問疫苗庫存",
        "reservation": "電話、現場",
        "own_expense": "否",
        "division": "兒科",
        "notice": "接種禁忌一、已知對疫苗的成份有過敏者，不予接種。二、過去注射曾經發生嚴重不良反應者，不予接種。接種注意事項一、 發燒或正患有急性中重疾病者，宜待病情穩定後再接種。二、 出生未滿6個月，因無使用效益及安全性等臨床資料，故不予接種。三、 先前接種本疫苗6週內曾發生Guillain-Barr? 症候群(GBS)者，宜請醫師評估。四、已知對「蛋」之蛋白質有嚴重過敏者，可在門/住診由熟悉處理過敏症狀之醫事人員提供接種，並於接種後觀察169分鐘，無不適症狀再離開。五、 其他經醫師評估不適合接種者，不予' \u0006",
        "twd97x": 295204.66,
        "twd97y": 2764718.99,
        "經度": 121.447796,
        "緯度": 24.989769
      }
    },
    {
      "type": "Feature",
      "geometry": {
        "type": "Point",
        "coordinates": [
          121.455089,
          24.982261
        ]
      },
      "properties": {
        "no": 1530000000.0,
        "name": "廣川醫院",
        "tel": "2261-7000#227",
        "address": "新北市土城區裕民路276號",
        "type": "地區醫院",
        "remark": "如要接種，請先致電詢問疫苗庫存",
        "reservation": "電話、傳真、現場",
        "own_expense": "否",
        "division": "內科",
        "notice": "接種禁忌一、已知對疫苗的成份有過敏者，不予接種。二、過去注射曾經發生嚴重不良反應者，不予接種。接種注意事項一、 發燒或正患有急性中重疾病者，宜待病情穩定後再接種。二、 出生未滿6個月，因無使用效益及安全性等臨床資料，故不予接種。三、 先前接種本疫苗6週內曾發生Guillain-Barr? 症候群(GBS)者，宜請醫師評估。四、已知對「蛋」之蛋白質有嚴重過敏者，可在門/住診由熟悉處理過敏症狀之醫事人員提供接種，並於接種後觀察170分鐘，無不適症狀再離開。五、 其他經醫師評估不適合接種者，不予' \u0006",
        "twd97x": 295943.62,
        "twd97y": 2763889.83,
        "經度": 121.455089,
        "緯度": 24.982261
      }
    },
    {
      "type": "Feature",
      "geometry": {
        "type": "Point",
        "coordinates": [
          121.453888,
          24.986613
        ]
      },
      "properties": {
        "no": 3530000000.0,
        "name": "廣全家庭醫學科診所",
        "tel": "2262-5736",
        "address": "新北市土城區學府路一段170號",
        "type": "診所",
        "remark": "如要接種，請先致電詢問疫苗庫存",
        "reservation": "電話、現場",
        "own_expense": "是",
        "division": "家醫科",
        "notice": "接種禁忌一、已知對疫苗的成份有過敏者，不予接種。二、過去注射曾經發生嚴重不良反應者，不予接種。接種注意事項一、 發燒或正患有急性中重疾病者，宜待病情穩定後再接種。二、 出生未滿6個月，因無使用效益及安全性等臨床資料，故不予接種。三、 先前接種本疫苗6週內曾發生Guillain-Barr? 症候群(GBS)者，宜請醫師評估。四、已知對「蛋」之蛋白質有嚴重過敏者，可在門/住診由熟悉處理過敏症狀之醫事人員提供接種，並於接種後觀察171分鐘，無不適症狀再離開。五、 其他經醫師評估不適合接種者，不予' \u0006",
        "twd97x": 295820.76,
        "twd97y": 2764371.46,
        "經度": 121.453888,
        "緯度": 24.986613
      }
    },
    {
      "type": "Feature",
      "geometry": {
        "type": "Point",
        "coordinates": [
          121.455238,
          24.993434
        ]
      },
      "properties": {
        "no": 3530000000.0,
        "name": "廣益診所",
        "tel": "8966-2262",
        "address": "新北市土城區廣明街56號",
        "type": "診所",
        "remark": "如要接種，請先致電詢問疫苗庫存",
        "reservation": "網路、電話、傳真",
        "own_expense": "是",
        "division": "家醫科",
        "notice": "接種禁忌一、已知對疫苗的成份有過敏者，不予接種。二、過去注射曾經發生嚴重不良反應者，不予接種。接種注意事項一、 發燒或正患有急性中重疾病者，宜待病情穩定後再接種。二、 出生未滿6個月，因無使用效益及安全性等臨床資料，故不予接種。三、 先前接種本疫苗6週內曾發生Guillain-Barr? 症候群(GBS)者，宜請醫師評估。四、已知對「蛋」之蛋白質有嚴重過敏者，可在門/住診由熟悉處理過敏症狀之醫事人員提供接種，並於接種後觀察172分鐘，無不適症狀再離開。五、 其他經醫師評估不適合接種者，不予' \u0006",
        "twd97x": 295954.52,
        "twd97y": 2765127.5,
        "經度": 121.455238,
        "緯度": 24.993434
      }
    },
    {
      "type": "Feature",
      "geometry": {
        "type": "Point",
        "coordinates": [
          121.455409,
          24.991525
        ]
      },
      "properties": {
        "no": 3530000000.0,
        "name": "廣福診所",
        "tel": "8966-0134",
        "address": "新北市土城區廣興街31號",
        "type": "診所",
        "remark": "如要接種，請先致電詢問疫苗庫存",
        "reservation": "現場",
        "own_expense": "是",
        "division": "麻醉科",
        "notice": "接種禁忌一、已知對疫苗的成份有過敏者，不予接種。二、過去注射曾經發生嚴重不良反應者，不予接種。接種注意事項一、 發燒或正患有急性中重疾病者，宜待病情穩定後再接種。二、 出生未滿6個月，因無使用效益及安全性等臨床資料，故不予接種。三、 先前接種本疫苗6週內曾發生Guillain-Barr? 症候群(GBS)者，宜請醫師評估。四、已知對「蛋」之蛋白質有嚴重過敏者，可在門/住診由熟悉處理過敏症狀之醫事人員提供接種，並於接種後觀察173分鐘，無不適症狀再離開。五、 其他經醫師評估不適合接種者，不予' \u0006",
        "twd97x": 295972.47,
        "twd97y": 2764916.06,
        "經度": 121.455409,
        "緯度": 24.991525
      }
    },
    {
      "type": "Feature",
      "geometry": {
        "type": "Point",
        "coordinates": [
          121.441041,
          24.976476
        ]
      },
      "properties": {
        "no": 3530000000.0,
        "name": "歐家庭醫學科診所",
        "tel": "2260-6019",
        "address": "新北市土城區中央路二段180巷15號",
        "type": "診所",
        "remark": "如要接種，請先致電詢問疫苗庫存",
        "reservation": "現場",
        "own_expense": "否",
        "division": "家醫科",
        "notice": "接種禁忌一、已知對疫苗的成份有過敏者，不予接種。二、過去注射曾經發生嚴重不良反應者，不予接種。接種注意事項一、 發燒或正患有急性中重疾病者，宜待病情穩定後再接種。二、 出生未滿6個月，因無使用效益及安全性等臨床資料，故不予接種。三、 先前接種本疫苗6週內曾發生Guillain-Barr? 症候群(GBS)者，宜請醫師評估。四、已知對「蛋」之蛋白質有嚴重過敏者，可在門/住診由熟悉處理過敏症狀之醫事人員提供接種，並於接種後觀察174分鐘，無不適症狀再離開。五、 其他經醫師評估不適合接種者，不予' \u0006",
        "twd97x": 294527.53,
        "twd97y": 2763244.4,
        "經度": 121.441041,
        "緯度": 24.976476
      }
    },
    {
      "type": "Feature",
      "geometry": {
        "type": "Point",
        "coordinates": [
          121.467861,
          24.987621
        ]
      },
      "properties": {
        "no": 3530000000.0,
        "name": "蔡永福小兒科診所",
        "tel": "2266-9887",
        "address": "新北市土城區金城路三段176之1號",
        "type": "診所",
        "remark": "如要接種，請先致電詢問疫苗庫存",
        "reservation": "現場",
        "own_expense": "否",
        "division": "兒科",
        "notice": "接種禁忌一、已知對疫苗的成份有過敏者，不予接種。二、過去注射曾經發生嚴重不良反應者，不予接種。接種注意事項一、 發燒或正患有急性中重疾病者，宜待病情穩定後再接種。二、 出生未滿6個月，因無使用效益及安全性等臨床資料，故不予接種。三、 先前接種本疫苗6週內曾發生Guillain-Barr? 症候群(GBS)者，宜請醫師評估。四、已知對「蛋」之蛋白質有嚴重過敏者，可在門/住診由熟悉處理過敏症狀之醫事人員提供接種，並於接種後觀察175分鐘，無不適症狀再離開。五、 其他經醫師評估不適合接種者，不予' \u0006",
        "twd97x": 297230.98,
        "twd97y": 2764487.93,
        "經度": 121.467861,
        "緯度": 24.987621
      }
    },
    {
      "type": "Feature",
      "geometry": {
        "type": "Point",
        "coordinates": [
          121.45532,
          24.987271
        ]
      },
      "properties": {
        "no": 3530000000.0,
        "name": "學府實和聯合診所",
        "tel": "2265-0995",
        "address": "新北市土城區學府路一段121號",
        "type": "診所",
        "remark": "如要接種，請先致電詢問疫苗庫存",
        "reservation": "電話、現場",
        "own_expense": "是",
        "division": "家醫科",
        "notice": "接種禁忌一、已知對疫苗的成份有過敏者，不予接種。二、過去注射曾經發生嚴重不良反應者，不予接種。接種注意事項一、 發燒或正患有急性中重疾病者，宜待病情穩定後再接種。二、 出生未滿6個月，因無使用效益及安全性等臨床資料，故不予接種。三、 先前接種本疫苗6週內曾發生Guillain-Barr? 症候群(GBS)者，宜請醫師評估。四、已知對「蛋」之蛋白質有嚴重過敏者，可在門/住診由熟悉處理過敏症狀之醫事人員提供接種，並於接種後觀察176分鐘，無不適症狀再離開。五、 其他經醫師評估不適合接種者，不予' \u0006",
        "twd97x": 295965.08,
        "twd97y": 2764444.88,
        "經度": 121.45532,
        "緯度": 24.987271
      }
    },
    {
      "type": "Feature",
      "geometry": {
        "type": "Point",
        "coordinates": [
          121.446419,
          24.987548
        ]
      },
      "properties": {
        "no": 3530000000.0,
        "name": "賴家庭醫學科診所",
        "tel": "2262-4309",
        "address": "新北市土城區中央路一段169號",
        "type": "診所",
        "remark": "如要接種，請先致電詢問疫苗庫存",
        "reservation": "電話、現場",
        "own_expense": "是",
        "division": "內科           家醫科",
        "notice": "接種禁忌一、已知對疫苗的成份有過敏者，不予接種。二、過去注射曾經發生嚴重不良反應者，不予接種。接種注意事項一、 發燒或正患有急性中重疾病者，宜待病情穩定後再接種。二、 出生未滿6個月，因無使用效益及安全性等臨床資料，故不予接種。三、 先前接種本疫苗6週內曾發生Guillain-Barr? 症候群(GBS)者，宜請醫師評估。四、已知對「蛋」之蛋白質有嚴重過敏者，可在門/住診由熟悉處理過敏症狀之醫事人員提供接種，並於接種後觀察177分鐘，無不適症狀再離開。五、 其他經醫師評估不適合接種者，不予' \u0006",
        "twd97x": 295066.45,
        "twd97y": 2764472.58,
        "經度": 121.446419,
        "緯度": 24.987548
      }
    },
    {
      "type": "Feature",
      "geometry": {
        "type": "Point",
        "coordinates": [
          121.451777,
          24.986014
        ]
      },
      "properties": {
        "no": 3530000000.0,
        "name": "羅文亮小兒科診所",
        "tel": "8262-3060",
        "address": "新北市土城區裕民路144號",
        "type": "診所",
        "remark": "如要接種，請先致電詢問疫苗庫存",
        "reservation": "現場",
        "own_expense": "是",
        "division": "內兒科",
        "notice": "接種禁忌一、已知對疫苗的成份有過敏者，不予接種。二、過去注射曾經發生嚴重不良反應者，不予接種。接種注意事項一、 發燒或正患有急性中重疾病者，宜待病情穩定後再接種。二、 出生未滿6個月，因無使用效益及安全性等臨床資料，故不予接種。三、 先前接種本疫苗6週內曾發生Guillain-Barr? 症候群(GBS)者，宜請醫師評估。四、已知對「蛋」之蛋白質有嚴重過敏者，可在門/住診由熟悉處理過敏症狀之醫事人員提供接種，並於接種後觀察178分鐘，無不適症狀再離開。五、 其他經醫師評估不適合接種者，不予' \u0006",
        "twd97x": 295607.92,
        "twd97y": 2764304.49,
        "經度": 121.451777,
        "緯度": 24.986014
      }
    },
    {
      "type": "Feature",
      "geometry": {
        "type": "Point",
        "coordinates": [
          121.450051,
          24.987361
        ]
      },
      "properties": {
        "no": 3530000000.0,
        "name": "羅林小兒科診所",
        "tel": "8273-3026",
        "address": "新北市土城區裕民路83號",
        "type": "診所",
        "remark": "如要接種，請先致電詢問疫苗庫存",
        "reservation": "電話、現場",
        "own_expense": "是",
        "division": "兒科",
        "notice": "接種禁忌一、已知對疫苗的成份有過敏者，不予接種。二、過去注射曾經發生嚴重不良反應者，不予接種。接種注意事項一、 發燒或正患有急性中重疾病者，宜待病情穩定後再接種。二、 出生未滿6個月，因無使用效益及安全性等臨床資料，故不予接種。三、 先前接種本疫苗6週內曾發生Guillain-Barr? 症候群(GBS)者，宜請醫師評估。四、已知對「蛋」之蛋白質有嚴重過敏者，可在門/住診由熟悉處理過敏症狀之醫事人員提供接種，並於接種後觀察179分鐘，無不適症狀再離開。五、 其他經醫師評估不適合接種者，不予' \u0006",
        "twd97x": 295433.17,
        "twd97y": 2764453.09,
        "經度": 121.450051,
        "緯度": 24.987361
      }
    },
    {
      "type": "Feature",
      "geometry": {
        "type": "Point",
        "coordinates": [
          121.501637,
          24.998692
        ]
      },
      "properties": {
        "no": 2330000000.0,
        "name": "中和區衛生所",
        "tel": "2249-1936",
        "address": "新北市中和區南山路4巷3號",
        "type": "衛生所",
        "remark": "如要接種，請先致電詢問疫苗庫存",
        "reservation": "現場",
        "own_expense": "否",
        "division": "家醫科",
        "notice": "接種禁忌一、已知對疫苗的成份有過敏者，不予接種。二、過去注射曾經發生嚴重不良反應者，不予接種。接種注意事項一、 發燒或正患有急性中重疾病者，宜待病情穩定後再接種。二、 出生未滿6個月，因無使用效益及安全性等臨床資料，故不予接種。三、 先前接種本疫苗6週內曾發生Guillain-Barr? 症候群(GBS)者，宜請醫師評估。四、已知對「蛋」之蛋白質有嚴重過敏者，可在門/住診由熟悉處理過敏症狀之醫事人員提供接種，並於接種後觀察180分鐘，無不適症狀再離開。五、 其他經醫師評估不適合接種者，不予' \u0006",
        "twd97x": 300636.25,
        "twd97y": 2765726.38,
        "經度": 121.501637,
        "緯度": 24.998692
      }
    },
    {
      "type": "Feature",
      "geometry": {
        "type": "Point",
        "coordinates": [
          121.509797,
          24.988702
        ]
      },
      "properties": {
        "no": 3530000000.0,
        "name": "大興耳鼻喉科診所",
        "tel": "8668-6369",
        "address": "新北市中和區興南路一段91號",
        "type": "診所",
        "remark": "如要接種，請先致電詢問疫苗庫存",
        "reservation": "電話",
        "own_expense": "是",
        "division": "耳鼻喉科",
        "notice": "接種禁忌一、已知對疫苗的成份有過敏者，不予接種。二、過去注射曾經發生嚴重不良反應者，不予接種。接種注意事項一、 發燒或正患有急性中重疾病者，宜待病情穩定後再接種。二、 出生未滿6個月，因無使用效益及安全性等臨床資料，故不予接種。三、 先前接種本疫苗6週內曾發生Guillain-Barr? 症候群(GBS)者，宜請醫師評估。四、已知對「蛋」之蛋白質有嚴重過敏者，可在門/住診由熟悉處理過敏症狀之醫事人員提供接種，並於接種後觀察181分鐘，無不適症狀再離開。五、 其他經醫師評估不適合接種者，不予' \u0006",
        "twd97x": 301464.14,
        "twd97y": 2764622.93,
        "經度": 121.509797,
        "緯度": 24.988702
      }
    },
    {
      "type": "Feature",
      "geometry": {
        "type": "Point",
        "coordinates": [
          121.519957,
          24.994607
        ]
      },
      "properties": {
        "no": 3530000000.0,
        "name": "中和仁安診所",
        "tel": "8668-2552",
        "address": "新北市中和區自強路58號",
        "type": "診所",
        "remark": "如要接種，請先致電詢問疫苗庫存",
        "reservation": "現場",
        "own_expense": "是",
        "division": "一般科",
        "notice": "接種禁忌一、已知對疫苗的成份有過敏者，不予接種。二、過去注射曾經發生嚴重不良反應者，不予接種。接種注意事項一、 發燒或正患有急性中重疾病者，宜待病情穩定後再接種。二、 出生未滿6個月，因無使用效益及安全性等臨床資料，故不予接種。三、 先前接種本疫苗6週內曾發生Guillain-Barr? 症候群(GBS)者，宜請醫師評估。四、已知對「蛋」之蛋白質有嚴重過敏者，可在門/住診由熟悉處理過敏症狀之醫事人員提供接種，並於接種後觀察182分鐘，無不適症狀再離開。五、 其他經醫師評估不適合接種者，不予' \u0006",
        "twd97x": 302487.29,
        "twd97y": 2765280.87,
        "經度": 121.519957,
        "緯度": 24.994607
      }
    },
    {
      "type": "Feature",
      "geometry": {
        "type": "Point",
        "coordinates": [
          121.4968,
          25.002908
        ]
      },
      "properties": {
        "no": 3530000000.0,
        "name": "中和李內科診所",
        "tel": "2245-4776",
        "address": "新北市中和區景平路718號",
        "type": "診所",
        "remark": "如要接種，請先致電詢問疫苗庫存",
        "reservation": "現場",
        "own_expense": "否",
        "division": "家醫科",
        "notice": "接種禁忌一、已知對疫苗的成份有過敏者，不予接種。二、過去注射曾經發生嚴重不良反應者，不予接種。接種注意事項一、 發燒或正患有急性中重疾病者，宜待病情穩定後再接種。二、 出生未滿6個月，因無使用效益及安全性等臨床資料，故不予接種。三、 先前接種本疫苗6週內曾發生Guillain-Barr? 症候群(GBS)者，宜請醫師評估。四、已知對「蛋」之蛋白質有嚴重過敏者，可在門/住診由熟悉處理過敏症狀之醫事人員提供接種，並於接種後觀察183分鐘，無不適症狀再離開。五、 其他經醫師評估不適合接種者，不予' \u0006",
        "twd97x": 300146.3,
        "twd97y": 2766191.63,
        "經度": 121.4968,
        "緯度": 25.002908
      }
    },
    {
      "type": "Feature",
      "geometry": {
        "type": "Point",
        "coordinates": [
          121.501803,
          25.000122
        ]
      },
      "properties": {
        "no": 3530000000.0,
        "name": "中和重慶耳鼻喉科診所",
        "tel": "2261-5209",
        "address": "新北市中和區中和路127號1樓",
        "type": "診所",
        "remark": "如要接種，請先致電詢問疫苗庫存",
        "reservation": "現場",
        "own_expense": "是",
        "division": "耳鼻喉科",
        "notice": "接種禁忌一、已知對疫苗的成份有過敏者，不予接種。二、過去注射曾經發生嚴重不良反應者，不予接種。接種注意事項一、 發燒或正患有急性中重疾病者，宜待病情穩定後再接種。二、 出生未滿6個月，因無使用效益及安全性等臨床資料，故不予接種。三、 先前接種本疫苗6週內曾發生Guillain-Barr? 症候群(GBS)者，宜請醫師評估。四、已知對「蛋」之蛋白質有嚴重過敏者，可在門/住診由熟悉處理過敏症狀之醫事人員提供接種，並於接種後觀察184分鐘，無不適症狀再離開。五、 其他經醫師評估不適合接種者，不予' \u0006",
        "twd97x": 300652.42,
        "twd97y": 2765884.85,
        "經度": 121.501803,
        "緯度": 25.000122
      }
    },
    {
      "type": "Feature",
      "geometry": {
        "type": "Point",
        "coordinates": [
          121.499691,
          25.002806
        ]
      },
      "properties": {
        "no": 3530000000.0,
        "name": "中和班廷謝安慈診所",
        "tel": "2240-1726",
        "address": "新北市中和區中山路2段210號",
        "type": "診所",
        "remark": "如要接種，請先致電詢問疫苗庫存",
        "reservation": "電話",
        "own_expense": "是",
        "division": "內科",
        "notice": "接種禁忌一、已知對疫苗的成份有過敏者，不予接種。二、過去注射曾經發生嚴重不良反應者，不予接種。接種注意事項一、 發燒或正患有急性中重疾病者，宜待病情穩定後再接種。二、 出生未滿6個月，因無使用效益及安全性等臨床資料，故不予接種。三、 先前接種本疫苗6週內曾發生Guillain-Barr? 症候群(GBS)者，宜請醫師評估。四、已知對「蛋」之蛋白質有嚴重過敏者，可在門/住診由熟悉處理過敏症狀之醫事人員提供接種，並於接種後觀察185分鐘，無不適症狀再離開。五、 其他經醫師評估不適合接種者，不予' \u0006",
        "twd97x": 300438.14,
        "twd97y": 2766181.34,
        "經度": 121.499691,
        "緯度": 25.002806
      }
    },
    {
      "type": "Feature",
      "geometry": {
        "type": "Point",
        "coordinates": [
          121.512495,
          24.99007
        ]
      },
      "properties": {
        "no": 3530000000.0,
        "name": "中和國泰診所",
        "tel": "2944-9797",
        "address": "新北市中和區景新街389號",
        "type": "診所",
        "remark": "如要接種，請先致電詢問疫苗庫存",
        "reservation": "現場",
        "own_expense": "否",
        "division": "復健科、外科",
        "notice": "接種禁忌一、已知對疫苗的成份有過敏者，不予接種。二、過去注射曾經發生嚴重不良反應者，不予接種。接種注意事項一、 發燒或正患有急性中重疾病者，宜待病情穩定後再接種。二、 出生未滿6個月，因無使用效益及安全性等臨床資料，故不予接種。三、 先前接種本疫苗6週內曾發生Guillain-Barr? 症候群(GBS)者，宜請醫師評估。四、已知對「蛋」之蛋白質有嚴重過敏者，可在門/住診由熟悉處理過敏症狀之醫事人員提供接種，並於接種後觀察186分鐘，無不適症狀再離開。五、 其他經醫師評估不適合接種者，不予' \u0006",
        "twd97x": 301735.87,
        "twd97y": 2764775.54,
        "經度": 121.512495,
        "緯度": 24.99007
      }
    },
    {
      "type": "Feature",
      "geometry": {
        "type": "Point",
        "coordinates": [
          121.502018,
          25.003213
        ]
      },
      "properties": {
        "no": 1530000000.0,
        "name": "中祥醫院",
        "tel": "2240-5055",
        "address": "新北市中和區中山路二段140號",
        "type": "地區醫院",
        "remark": "如要接種，請先致電詢問疫苗庫存",
        "reservation": "現場",
        "own_expense": "否",
        "division": "綜合科",
        "notice": "接種禁忌一、已知對疫苗的成份有過敏者，不予接種。二、過去注射曾經發生嚴重不良反應者，不予接種。接種注意事項一、 發燒或正患有急性中重疾病者，宜待病情穩定後再接種。二、 出生未滿6個月，因無使用效益及安全性等臨床資料，故不予接種。三、 先前接種本疫苗6週內曾發生Guillain-Barr? 症候群(GBS)者，宜請醫師評估。四、已知對「蛋」之蛋白質有嚴重過敏者，可在門/住診由熟悉處理過敏症狀之醫事人員提供接種，並於接種後觀察187分鐘，無不適症狀再離開。五、 其他經醫師評估不適合接種者，不予' \u0006",
        "twd97x": 300672.86,
        "twd97y": 2766227.33,
        "經度": 121.502018,
        "緯度": 25.003213
      }
    },
    {
      "type": "Feature",
      "geometry": {
        "type": "Point",
        "coordinates": [
          121.512611,
          24.998403
        ]
      },
      "properties": {
        "no": 3530000000.0,
        "name": "公園耳鼻喉科診所",
        "tel": "8668-8726",
        "address": "新北市中和區安平路158號1樓",
        "type": "診所",
        "remark": "如要接種，請先致電詢問疫苗庫存",
        "reservation": "現場",
        "own_expense": "是",
        "division": "耳鼻喉科",
        "notice": "接種禁忌一、已知對疫苗的成份有過敏者，不予接種。二、過去注射曾經發生嚴重不良反應者，不予接種。接種注意事項一、 發燒或正患有急性中重疾病者，宜待病情穩定後再接種。二、 出生未滿6個月，因無使用效益及安全性等臨床資料，故不予接種。三、 先前接種本疫苗6週內曾發生Guillain-Barr? 症候群(GBS)者，宜請醫師評估。四、已知對「蛋」之蛋白質有嚴重過敏者，可在門/住診由熟悉處理過敏症狀之醫事人員提供接種，並於接種後觀察188分鐘，無不適症狀再離開。五、 其他經醫師評估不適合接種者，不予' \u0006",
        "twd97x": 301744.11,
        "twd97y": 2765698.54,
        "經度": 121.512611,
        "緯度": 24.998403
      }
    },
    {
      "type": "Feature",
      "geometry": {
        "type": "Point",
        "coordinates": [
          121.510917,
          24.997329
        ]
      },
      "properties": {
        "no": 3530000000.0,
        "name": "友善宜安診所",
        "tel": "2943-8533",
        "address": "新北市中和區宜安路77號",
        "type": "診所",
        "remark": "如要接種，請先致電詢問疫苗庫存",
        "reservation": "電話",
        "own_expense": "是",
        "division": "小兒科",
        "notice": "接種禁忌一、已知對疫苗的成份有過敏者，不予接種。二、過去注射曾經發生嚴重不良反應者，不予接種。接種注意事項一、 發燒或正患有急性中重疾病者，宜待病情穩定後再接種。二、 出生未滿6個月，因無使用效益及安全性等臨床資料，故不予接種。三、 先前接種本疫苗6週內曾發生Guillain-Barr? 症候群(GBS)者，宜請醫師評估。四、已知對「蛋」之蛋白質有嚴重過敏者，可在門/住診由熟悉處理過敏症狀之醫事人員提供接種，並於接種後觀察189分鐘，無不適症狀再離開。五、 其他經醫師評估不適合接種者，不予' \u0006",
        "twd97x": 301573.54,
        "twd97y": 2765578.96,
        "經度": 121.510917,
        "緯度": 24.997329
      }
    },
    {
      "type": "Feature",
      "geometry": {
        "type": "Point",
        "coordinates": [
          121.513477,
          25.003393
        ]
      },
      "properties": {
        "no": 3530000000.0,
        "name": "王俊傑小兒科診所",
        "tel": "2929-3636",
        "address": "新北市中和區中安街8號",
        "type": "診所",
        "remark": "如要接種，請先致電詢問疫苗庫存",
        "reservation": "現場",
        "own_expense": "是",
        "division": "小兒科",
        "notice": "接種禁忌一、已知對疫苗的成份有過敏者，不予接種。二、過去注射曾經發生嚴重不良反應者，不予接種。接種注意事項一、 發燒或正患有急性中重疾病者，宜待病情穩定後再接種。二、 出生未滿6個月，因無使用效益及安全性等臨床資料，故不予接種。三、 先前接種本疫苗6週內曾發生Guillain-Barr? 症候群(GBS)者，宜請醫師評估。四、已知對「蛋」之蛋白質有嚴重過敏者，可在門/住診由熟悉處理過敏症狀之醫事人員提供接種，並於接種後觀察190分鐘，無不適症狀再離開。五、 其他經醫師評估不適合接種者，不予' \u0006",
        "twd97x": 301829.45,
        "twd97y": 2766251.58,
        "經度": 121.513477,
        "緯度": 25.003393
      }
    },
    {
      "type": "Feature",
      "geometry": {
        "type": "Point",
        "coordinates": [
          121.507883,
          24.99888
        ]
      },
      "properties": {
        "no": 3530000000.0,
        "name": "王曜庭診所",
        "tel": "8943-2226",
        "address": "新北市中和區景安路27號",
        "type": "診所",
        "remark": "如要接種，請先致電詢問疫苗庫存",
        "reservation": "現場",
        "own_expense": "是",
        "division": "耳鼻喉科科",
        "notice": "接種禁忌一、已知對疫苗的成份有過敏者，不予接種。二、過去注射曾經發生嚴重不良反應者，不予接種。接種注意事項一、 發燒或正患有急性中重疾病者，宜待病情穩定後再接種。二、 出生未滿6個月，因無使用效益及安全性等臨床資料，故不予接種。三、 先前接種本疫苗6週內曾發生Guillain-Barr? 症候群(GBS)者，宜請醫師評估。四、已知對「蛋」之蛋白質有嚴重過敏者，可在門/住診由熟悉處理過敏症狀之醫事人員提供接種，並於接種後觀察191分鐘，無不適症狀再離開。五、 其他經醫師評估不適合接種者，不予' \u0006",
        "twd97x": 301266.61,
        "twd97y": 2765749.56,
        "經度": 121.507883,
        "緯度": 24.99888
      }
    },
    {
      "type": "Feature",
      "geometry": {
        "type": "Point",
        "coordinates": [
          121.499758,
          24.993858
        ]
      },
      "properties": {
        "no": 3530000000.0,
        "name": "正生婦幼聯合診所",
        "tel": "2244-6969",
        "address": "新北市中和區中正路122號1樓",
        "type": "診所",
        "remark": "如要接種，請先致電詢問疫苗庫存",
        "reservation": "現場",
        "own_expense": "否",
        "division": "婦產科",
        "notice": "接種禁忌一、已知對疫苗的成份有過敏者，不予接種。二、過去注射曾經發生嚴重不良反應者，不予接種。接種注意事項一、 發燒或正患有急性中重疾病者，宜待病情穩定後再接種。二、 出生未滿6個月，因無使用效益及安全性等臨床資料，故不予接種。三、 先前接種本疫苗6週內曾發生Guillain-Barr? 症候群(GBS)者，宜請醫師評估。四、已知對「蛋」之蛋白質有嚴重過敏者，可在門/住診由熟悉處理過敏症狀之醫事人員提供接種，並於接種後觀察192分鐘，無不適症狀再離開。五、 其他經醫師評估不適合接種者，不予' \u0006",
        "twd97x": 300448.49,
        "twd97y": 2765190.25,
        "經度": 121.499758,
        "緯度": 24.993858
      }
    },
    {
      "type": "Feature",
      "geometry": {
        "type": "Point",
        "coordinates": [
          121.507221,
          24.982257
        ]
      },
      "properties": {
        "no": 3530000000.0,
        "name": "正倫診所",
        "tel": "2949-8199",
        "address": "新北市中和區華新街176號",
        "type": "診所",
        "remark": "如要接種，請先致電詢問疫苗庫存",
        "reservation": "現場",
        "own_expense": "是",
        "division": "小兒科",
        "notice": "接種禁忌一、已知對疫苗的成份有過敏者，不予接種。二、過去注射曾經發生嚴重不良反應者，不予接種。接種注意事項一、 發燒或正患有急性中重疾病者，宜待病情穩定後再接種。二、 出生未滿6個月，因無使用效益及安全性等臨床資料，故不予接種。三、 先前接種本疫苗6週內曾發生Guillain-Barr? 症候群(GBS)者，宜請醫師評估。四、已知對「蛋」之蛋白質有嚴重過敏者，可在門/住診由熟悉處理過敏症狀之醫事人員提供接種，並於接種後觀察193分鐘，無不適症狀再離開。五、 其他經醫師評估不適合接種者，不予' \u0006",
        "twd97x": 301206.7,
        "twd97y": 2763908.07,
        "經度": 121.507221,
        "緯度": 24.982257
      }
    },
    {
      "type": "Feature",
      "geometry": {
        "type": "Point",
        "coordinates": [
          121.465356,
          25.012172
        ]
      },
      "properties": {
        "no": 3530000000.0,
        "name": "民治診所",
        "tel": "2222-7598",
        "address": "新北市中和中山路3段156號",
        "type": "診所",
        "remark": "如要接種，請先致電詢問疫苗庫存",
        "reservation": "現場",
        "own_expense": "是",
        "division": "一般科",
        "notice": "接種禁忌一、已知對疫苗的成份有過敏者，不予接種。二、過去注射曾經發生嚴重不良反應者，不予接種。接種注意事項一、 發燒或正患有急性中重疾病者，宜待病情穩定後再接種。二、 出生未滿6個月，因無使用效益及安全性等臨床資料，故不予接種。三、 先前接種本疫苗6週內曾發生Guillain-Barr? 症候群(GBS)者，宜請醫師評估。四、已知對「蛋」之蛋白質有嚴重過敏者，可在門/住診由熟悉處理過敏症狀之醫事人員提供接種，並於接種後觀察194分鐘，無不適症狀再離開。五、 其他經醫師評估不適合接種者，不予' \u0006",
        "twd97x": 296968.74,
        "twd97y": 2767206.41,
        "經度": 121.465356,
        "緯度": 25.012172
      }
    },
    {
      "type": "Feature",
      "geometry": {
        "type": "Point",
        "coordinates": [
          121.474008,
          25.00631
        ]
      },
      "properties": {
        "no": 3530000000.0,
        "name": "民揚診所",
        "tel": "2226-7611",
        "address": "新北市中和區中山路三段132號",
        "type": "診所",
        "remark": "如要接種，請先致電詢問疫苗庫存",
        "reservation": "電話",
        "own_expense": "是",
        "division": "耳鼻喉科",
        "notice": "接種禁忌一、已知對疫苗的成份有過敏者，不予接種。二、過去注射曾經發生嚴重不良反應者，不予接種。接種注意事項一、 發燒或正患有急性中重疾病者，宜待病情穩定後再接種。二、 出生未滿6個月，因無使用效益及安全性等臨床資料，故不予接種。三、 先前接種本疫苗6週內曾發生Guillain-Barr? 症候群(GBS)者，宜請醫師評估。四、已知對「蛋」之蛋白質有嚴重過敏者，可在門/住診由熟悉處理過敏症狀之醫事人員提供接種，並於接種後觀察195分鐘，無不適症狀再離開。五、 其他經醫師評估不適合接種者，不予' \u0006",
        "twd97x": 297844.33,
        "twd97y": 2766560.18,
        "經度": 121.474008,
        "緯度": 25.00631
      }
    },
    {
      "type": "Feature",
      "geometry": {
        "type": "Point",
        "coordinates": [
          121.482614,
          25.001082
        ]
      },
      "properties": {
        "no": 3530000000.0,
        "name": "民樂耳鼻喉科診所",
        "tel": "2225-6896",
        "address": "新北市中和區民樂路28號1樓",
        "type": "診所",
        "remark": "如要接種，請先致電詢問疫苗庫存",
        "reservation": "現場",
        "own_expense": "否",
        "division": "耳鼻喉科",
        "notice": "接種禁忌一、已知對疫苗的成份有過敏者，不予接種。二、過去注射曾經發生嚴重不良反應者，不予接種。接種注意事項一、 發燒或正患有急性中重疾病者，宜待病情穩定後再接種。二、 出生未滿6個月，因無使用效益及安全性等臨床資料，故不予接種。三、 先前接種本疫苗6週內曾發生Guillain-Barr? 症候群(GBS)者，宜請醫師評估。四、已知對「蛋」之蛋白質有嚴重過敏者，可在門/住診由熟悉處理過敏症狀之醫事人員提供接種，並於接種後觀察196分鐘，無不適症狀再離開。五、 其他經醫師評估不適合接種者，不予' \u0006",
        "twd97x": 298715.04,
        "twd97y": 2765984.14,
        "經度": 121.482614,
        "緯度": 25.001082
      }
    },
    {
      "type": "Feature",
      "geometry": {
        "type": "Point",
        "coordinates": [
          121.522184,
          24.995092
        ]
      },
      "properties": {
        "no": 3530000000.0,
        "name": "立翔診所",
        "tel": "3151-1667",
        "address": "新北市中和區自立路43號1樓",
        "type": "診所",
        "remark": "如要接種，請先致電詢問疫苗庫存",
        "reservation": "現場",
        "own_expense": "是",
        "division": "肝膽腸胃科",
        "notice": "接種禁忌一、已知對疫苗的成份有過敏者，不予接種。二、過去注射曾經發生嚴重不良反應者，不予接種。接種注意事項一、 發燒或正患有急性中重疾病者，宜待病情穩定後再接種。二、 出生未滿6個月，因無使用效益及安全性等臨床資料，故不予接種。三、 先前接種本疫苗6週內曾發生Guillain-Barr? 症候群(GBS)者，宜請醫師評估。四、已知對「蛋」之蛋白質有嚴重過敏者，可在門/住診由熟悉處理過敏症狀之醫事人員提供接種，並於接種後觀察197分鐘，無不適症狀再離開。五、 其他經醫師評估不適合接種者，不予' \u0006",
        "twd97x": 302711.89,
        "twd97y": 2765335.48,
        "經度": 121.522184,
        "緯度": 24.995092
      }
    },
    {
      "type": "Feature",
      "geometry": {
        "type": "Point",
        "coordinates": [
          121.484845,
          24.998483
        ]
      },
      "properties": {
        "no": 3530000000.0,
        "name": "合慶診所",
        "tel": "2221-2217、2225-2937",
        "address": "新北市中和區中正路705、707號",
        "type": "診所",
        "remark": "如要接種，請先致電詢問疫苗庫存",
        "reservation": "電話",
        "own_expense": "否",
        "division": "一般科",
        "notice": "接種禁忌一、已知對疫苗的成份有過敏者，不予接種。二、過去注射曾經發生嚴重不良反應者，不予接種。接種注意事項一、 發燒或正患有急性中重疾病者，宜待病情穩定後再接種。二、 出生未滿6個月，因無使用效益及安全性等臨床資料，故不予接種。三、 先前接種本疫苗6週內曾發生Guillain-Barr? 症候群(GBS)者，宜請醫師評估。四、已知對「蛋」之蛋白質有嚴重過敏者，可在門/住診由熟悉處理過敏症狀之醫事人員提供接種，並於接種後觀察198分鐘，無不適症狀再離開。五、 其他經醫師評估不適合接種者，不予' \u0006",
        "twd97x": 298941.27,
        "twd97y": 2765697.06,
        "經度": 121.484845,
        "緯度": 24.998483
      }
    },
    {
      "type": "Feature",
      "geometry": {
        "type": "Point",
        "coordinates": [
          121.510726,
          24.996488
        ]
      },
      "properties": {
        "no": 3530000000.0,
        "name": "安平家診所",
        "tel": "2946-1010",
        "address": "新北市中和區安平路89號",
        "type": "診所",
        "remark": "如要接種，請先致電詢問疫苗庫存",
        "reservation": "現場",
        "own_expense": "是",
        "division": "兒科",
        "notice": "接種禁忌一、已知對疫苗的成份有過敏者，不予接種。二、過去注射曾經發生嚴重不良反應者，不予接種。接種注意事項一、 發燒或正患有急性中重疾病者，宜待病情穩定後再接種。二、 出生未滿6個月，因無使用效益及安全性等臨床資料，故不予接種。三、 先前接種本疫苗6週內曾發生Guillain-Barr? 症候群(GBS)者，宜請醫師評估。四、已知對「蛋」之蛋白質有嚴重過敏者，可在門/住診由熟悉處理過敏症狀之醫事人員提供接種，並於接種後觀察199分鐘，無不適症狀再離開。五、 其他經醫師評估不適合接種者，不予' \u0006",
        "twd97x": 301554.62,
        "twd97y": 2765485.69,
        "經度": 121.510726,
        "緯度": 24.996488
      }
    },
    {
      "type": "Feature",
      "geometry": {
        "type": "Point",
        "coordinates": [
          121.494891,
          24.992363
        ]
      },
      "properties": {
        "no": 3530000000.0,
        "name": "西華診所",
        "tel": "2247-1966",
        "address": "新北市中和區圓通路293-2號",
        "type": "診所",
        "remark": "如要接種，請先致電詢問疫苗庫存",
        "reservation": "電話、現場",
        "own_expense": "是",
        "division": "外科",
        "notice": "接種禁忌一、已知對疫苗的成份有過敏者，不予接種。二、過去注射曾經發生嚴重不良反應者，不予接種。接種注意事項一、 發燒或正患有急性中重疾病者，宜待病情穩定後再接種。二、 出生未滿6個月，因無使用效益及安全性等臨床資料，故不予接種。三、 先前接種本疫苗6週內曾發生Guillain-Barr? 症候群(GBS)者，宜請醫師評估。四、已知對「蛋」之蛋白質有嚴重過敏者，可在門/住診由熟悉處理過敏症狀之醫事人員提供接種，並於接種後觀察200分鐘，無不適症狀再離開。五、 其他經醫師評估不適合接種者，不予' \u0006",
        "twd97x": 299957.81,
        "twd97y": 2765022.91,
        "經度": 121.494891,
        "緯度": 24.992363
      }
    },
    {
      "type": "Feature",
      "geometry": {
        "type": "Point",
        "coordinates": [
          121.500737,
          24.998521
        ]
      },
      "properties": {
        "no": 3530000000.0,
        "name": "佑欣診所",
        "tel": "8668-5811",
        "address": "新北市中和區中和區興南路一段90號",
        "type": "診所",
        "remark": "如要接種，請先致電詢問疫苗庫存",
        "reservation": "現場",
        "own_expense": "是",
        "division": "小兒科",
        "notice": "接種禁忌一、已知對疫苗的成份有過敏者，不予接種。二、過去注射曾經發生嚴重不良反應者，不予接種。接種注意事項一、 發燒或正患有急性中重疾病者，宜待病情穩定後再接種。二、 出生未滿6個月，因無使用效益及安全性等臨床資料，故不予接種。三、 先前接種本疫苗6週內曾發生Guillain-Barr? 症候群(GBS)者，宜請醫師評估。四、已知對「蛋」之蛋白質有嚴重過敏者，可在門/住診由熟悉處理過敏症狀之醫事人員提供接種，並於接種後觀察201分鐘，無不適症狀再離開。五、 其他經醫師評估不適合接種者，不予' \u0006",
        "twd97x": 300545.41,
        "twd97y": 2765707.09,
        "經度": 121.500737,
        "緯度": 24.998521
      }
    },
    {
      "type": "Feature",
      "geometry": {
        "type": "Point",
        "coordinates": [
          121.509751,
          24.998477
        ]
      },
      "properties": {
        "no": 3530000000.0,
        "name": "余泰昌小兒科診所",
        "tel": "2923-0336",
        "address": "新北市中和區宜安路134-1號",
        "type": "診所",
        "remark": "如要接種，請先致電詢問疫苗庫存",
        "reservation": "現場",
        "own_expense": "是",
        "division": "小兒科",
        "notice": "接種禁忌一、已知對疫苗的成份有過敏者，不予接種。二、過去注射曾經發生嚴重不良反應者，不予接種。接種注意事項一、 發燒或正患有急性中重疾病者，宜待病情穩定後再接種。二、 出生未滿6個月，因無使用效益及安全性等臨床資料，故不予接種。三、 先前接種本疫苗6週內曾發生Guillain-Barr? 症候群(GBS)者，宜請醫師評估。四、已知對「蛋」之蛋白質有嚴重過敏者，可在門/住診由熟悉處理過敏症狀之醫事人員提供接種，並於接種後觀察202分鐘，無不適症狀再離開。五、 其他經醫師評估不適合接種者，不予' \u0006",
        "twd97x": 301455.38,
        "twd97y": 2765705.7,
        "經度": 121.509751,
        "緯度": 24.998477
      }
    },
    {
      "type": "Feature",
      "geometry": {
        "type": "Point",
        "coordinates": [
          121.504467,
          24.991562
        ]
      },
      "properties": {
        "no": 3530000000.0,
        "name": "快樂小兒科診所",
        "tel": "8943-2999",
        "address": "新北市中和區景安路215號1樓",
        "type": "診所",
        "remark": "如要接種，請先致電詢問疫苗庫存",
        "reservation": "現場",
        "own_expense": "是",
        "division": "小兒科",
        "notice": "接種禁忌一、已知對疫苗的成份有過敏者，不予接種。二、過去注射曾經發生嚴重不良反應者，不予接種。接種注意事項一、 發燒或正患有急性中重疾病者，宜待病情穩定後再接種。二、 出生未滿6個月，因無使用效益及安全性等臨床資料，故不予接種。三、 先前接種本疫苗6週內曾發生Guillain-Barr? 症候群(GBS)者，宜請醫師評估。四、已知對「蛋」之蛋白質有嚴重過敏者，可在門/住診由熟悉處理過敏症狀之醫事人員提供接種，並於接種後觀察203分鐘，無不適症狀再離開。五、 其他經醫師評估不適合接種者，不予' \u0006",
        "twd97x": 300924.82,
        "twd97y": 2764937.76,
        "經度": 121.504467,
        "緯度": 24.991562
      }
    },
    {
      "type": "Feature",
      "geometry": {
        "type": "Point",
        "coordinates": [
          121.51279,
          25.002993
        ]
      },
      "properties": {
        "no": 3530000000.0,
        "name": "育家聯合診所",
        "tel": "8921-7377",
        "address": "新北市中和區中安街40巷2號",
        "type": "診所",
        "remark": "如要接種，請先致電詢問疫苗庫存",
        "reservation": "現場",
        "own_expense": "是",
        "division": "內科",
        "notice": "接種禁忌一、已知對疫苗的成份有過敏者，不予接種。二、過去注射曾經發生嚴重不良反應者，不予接種。接種注意事項一、 發燒或正患有急性中重疾病者，宜待病情穩定後再接種。二、 出生未滿6個月，因無使用效益及安全性等臨床資料，故不予接種。三、 先前接種本疫苗6週內曾發生Guillain-Barr? 症候群(GBS)者，宜請醫師評估。四、已知對「蛋」之蛋白質有嚴重過敏者，可在門/住診由熟悉處理過敏症狀之醫事人員提供接種，並於接種後觀察204分鐘，無不適症狀再離開。五、 其他經醫師評估不適合接種者，不予' \u0006",
        "twd97x": 301760.26,
        "twd97y": 2766207.0,
        "經度": 121.51279,
        "緯度": 25.002993
      }
    },
    {
      "type": "Feature",
      "geometry": {
        "type": "Point",
        "coordinates": [
          121.52223,
          24.995352
        ]
      },
      "properties": {
        "no": 3530000000.0,
        "name": "育晨診所",
        "tel": "2945-9393",
        "address": "新北市中和區自立路37號",
        "type": "診所",
        "remark": "如要接種，請先致電詢問疫苗庫存",
        "reservation": "現場",
        "own_expense": "是",
        "division": "小兒科",
        "notice": "接種禁忌一、已知對疫苗的成份有過敏者，不予接種。二、過去注射曾經發生嚴重不良反應者，不予接種。接種注意事項一、 發燒或正患有急性中重疾病者，宜待病情穩定後再接種。二、 出生未滿6個月，因無使用效益及安全性等臨床資料，故不予接種。三、 先前接種本疫苗6週內曾發生Guillain-Barr? 症候群(GBS)者，宜請醫師評估。四、已知對「蛋」之蛋白質有嚴重過敏者，可在門/住診由熟悉處理過敏症狀之醫事人員提供接種，並於接種後觀察205分鐘，無不適症狀再離開。五、 其他經醫師評估不適合接種者，不予' \u0006",
        "twd97x": 302716.39,
        "twd97y": 2765364.32,
        "經度": 121.52223,
        "緯度": 24.995352
      }
    },
    {
      "type": "Feature",
      "geometry": {
        "type": "Point",
        "coordinates": [
          121.481154,
          25.000548
        ]
      },
      "properties": {
        "no": 3530000000.0,
        "name": "辰安耳鼻喉科診所",
        "tel": "2221-1211",
        "address": "新北市中和區員山路317號1樓",
        "type": "診所",
        "remark": "如要接種，請先致電詢問疫苗庫存",
        "reservation": "現場",
        "own_expense": "是",
        "division": "耳鼻喉科",
        "notice": "接種禁忌一、已知對疫苗的成份有過敏者，不予接種。二、過去注射曾經發生嚴重不良反應者，不予接種。接種注意事項一、 發燒或正患有急性中重疾病者，宜待病情穩定後再接種。二、 出生未滿6個月，因無使用效益及安全性等臨床資料，故不予接種。三、 先前接種本疫苗6週內曾發生Guillain-Barr? 症候群(GBS)者，宜請醫師評估。四、已知對「蛋」之蛋白質有嚴重過敏者，可在門/住診由熟悉處理過敏症狀之醫事人員提供接種，並於接種後觀察206分鐘，無不適症狀再離開。五、 其他經醫師評估不適合接種者，不予' \u0006",
        "twd97x": 298567.93,
        "twd97y": 2765924.53,
        "經度": 121.481154,
        "緯度": 25.000548
      }
    },
    {
      "type": "Feature",
      "geometry": {
        "type": "Point",
        "coordinates": [
          121.504423,
          25.004409
        ]
      },
      "properties": {
        "no": 3530000000.0,
        "name": "佳和診所",
        "tel": "2247-5588",
        "address": "新北市中和區光華街7號1樓",
        "type": "診所",
        "remark": "如要接種，請先致電詢問疫苗庫存",
        "reservation": "電話",
        "own_expense": "否",
        "division": "外科",
        "notice": "接種禁忌一、已知對疫苗的成份有過敏者，不予接種。二、過去注射曾經發生嚴重不良反應者，不予接種。接種注意事項一、 發燒或正患有急性中重疾病者，宜待病情穩定後再接種。二、 出生未滿6個月，因無使用效益及安全性等臨床資料，故不予接種。三、 先前接種本疫苗6週內曾發生Guillain-Barr? 症候群(GBS)者，宜請醫師評估。四、已知對「蛋」之蛋白質有嚴重過敏者，可在門/住診由熟悉處理過敏症狀之醫事人員提供接種，並於接種後觀察207分鐘，無不適症狀再離開。五、 其他經醫師評估不適合接種者，不予' \u0006",
        "twd97x": 300915.14,
        "twd97y": 2766360.66,
        "經度": 121.504423,
        "緯度": 25.004409
      }
    },
    {
      "type": "Feature",
      "geometry": {
        "type": "Point",
        "coordinates": [
          121.517103,
          24.992938
        ]
      },
      "properties": {
        "no": 3530000000.0,
        "name": "佳新小兒科診所",
        "tel": "2941-8101",
        "address": "新北市中和區大勇街23號",
        "type": "診所",
        "remark": "如要接種，請先致電詢問疫苗庫存",
        "reservation": "現場",
        "own_expense": "是",
        "division": "小兒科",
        "notice": "接種禁忌一、已知對疫苗的成份有過敏者，不予接種。二、過去注射曾經發生嚴重不良反應者，不予接種。接種注意事項一、 發燒或正患有急性中重疾病者，宜待病情穩定後再接種。二、 出生未滿6個月，因無使用效益及安全性等臨床資料，故不予接種。三、 先前接種本疫苗6週內曾發生Guillain-Barr? 症候群(GBS)者，宜請醫師評估。四、已知對「蛋」之蛋白質有嚴重過敏者，可在門/住診由熟悉處理過敏症狀之醫事人員提供接種，並於接種後觀察208分鐘，無不適症狀再離開。五、 其他經醫師評估不適合接種者，不予' \u0006",
        "twd97x": 302199.84,
        "twd97y": 2765094.96,
        "經度": 121.517103,
        "緯度": 24.992938
      }
    },
    {
      "type": "Feature",
      "geometry": {
        "type": "Point",
        "coordinates": [
          121.477481,
          25.005787
        ]
      },
      "properties": {
        "no": 3530000000.0,
        "name": "坤暉小兒專科診所",
        "tel": "2226-9381",
        "address": "新北市中和區中山路三段94號1樓",
        "type": "診所",
        "remark": "如要接種，請先致電詢問疫苗庫存",
        "reservation": "現場",
        "own_expense": "是",
        "division": "小兒科",
        "notice": "接種禁忌一、已知對疫苗的成份有過敏者，不予接種。二、過去注射曾經發生嚴重不良反應者，不予接種。接種注意事項一、 發燒或正患有急性中重疾病者，宜待病情穩定後再接種。二、 出生未滿6個月，因無使用效益及安全性等臨床資料，故不予接種。三、 先前接種本疫苗6週內曾發生Guillain-Barr? 症候群(GBS)者，宜請醫師評估。四、已知對「蛋」之蛋白質有嚴重過敏者，可在門/住診由熟悉處理過敏症狀之醫事人員提供接種，並於接種後觀察209分鐘，無不適症狀再離開。五、 其他經醫師評估不適合接種者，不予' \u0006",
        "twd97x": 298195.12,
        "twd97y": 2766503.46,
        "經度": 121.477481,
        "緯度": 25.005787
      }
    },
    {
      "type": "Feature",
      "geometry": {
        "type": "Point",
        "coordinates": [
          121.472511,
          25.00061
        ]
      },
      "properties": {
        "no": 3530000000.0,
        "name": "尚安診所",
        "tel": "2957-1200",
        "address": "新北市中和區莒光路154號",
        "type": "診所",
        "remark": "如要接種，請先致電詢問疫苗庫存",
        "reservation": "電話",
        "own_expense": "是",
        "division": "小兒科",
        "notice": "接種禁忌一、已知對疫苗的成份有過敏者，不予接種。二、過去注射曾經發生嚴重不良反應者，不予接種。接種注意事項一、 發燒或正患有急性中重疾病者，宜待病情穩定後再接種。二、 出生未滿6個月，因無使用效益及安全性等臨床資料，故不予接種。三、 先前接種本疫苗6週內曾發生Guillain-Barr? 症候群(GBS)者，宜請醫師評估。四、已知對「蛋」之蛋白質有嚴重過敏者，可在門/住診由熟悉處理過敏症狀之醫事人員提供接種，並於接種後觀察210分鐘，無不適症狀再離開。五、 其他經醫師評估不適合接種者，不予' \u0006",
        "twd97x": 297695.38,
        "twd97y": 2765928.26,
        "經度": 121.472511,
        "緯度": 25.00061
      }
    },
    {
      "type": "Feature",
      "geometry": {
        "type": "Point",
        "coordinates": [
          121.526577,
          24.993819
        ]
      },
      "properties": {
        "no": 3530000000.0,
        "name": "延生診所",
        "tel": "8668-0896",
        "address": "新北市中和區成功路15號",
        "type": "診所",
        "remark": "如要接種，請先致電詢問疫苗庫存",
        "reservation": "現場",
        "own_expense": "否",
        "division": "內科",
        "notice": "接種禁忌一、已知對疫苗的成份有過敏者，不予接種。二、過去注射曾經發生嚴重不良反應者，不予接種。接種注意事項一、 發燒或正患有急性中重疾病者，宜待病情穩定後再接種。二、 出生未滿6個月，因無使用效益及安全性等臨床資料，故不予接種。三、 先前接種本疫苗6週內曾發生Guillain-Barr? 症候群(GBS)者，宜請醫師評估。四、已知對「蛋」之蛋白質有嚴重過敏者，可在門/住診由熟悉處理過敏症狀之醫事人員提供接種，並於接種後觀察211分鐘，無不適症狀再離開。五、 其他經醫師評估不適合接種者，不予' \u0006",
        "twd97x": 303155.9,
        "twd97y": 2765196.16,
        "經度": 121.526577,
        "緯度": 24.993819
      }
    },
    {
      "type": "Feature",
      "geometry": {
        "type": "Point",
        "coordinates": [
          121.498506,
          25.001882
        ]
      },
      "properties": {
        "no": 1530000000.0,
        "name": "怡和醫院",
        "tel": "2245-0009",
        "address": "新北市中和區連城路49號",
        "type": "地區醫院",
        "remark": "如要接種，請先致電詢問疫苗庫存",
        "reservation": "現場",
        "own_expense": "否",
        "division": "內科",
        "notice": "接種禁忌一、已知對疫苗的成份有過敏者，不予接種。二、過去注射曾經發生嚴重不良反應者，不予接種。接種注意事項一、 發燒或正患有急性中重疾病者，宜待病情穩定後再接種。二、 出生未滿6個月，因無使用效益及安全性等臨床資料，故不予接種。三、 先前接種本疫苗6週內曾發生Guillain-Barr? 症候群(GBS)者，宜請醫師評估。四、已知對「蛋」之蛋白質有嚴重過敏者，可在門/住診由熟悉處理過敏症狀之醫事人員提供接種，並於接種後觀察212分鐘，無不適症狀再離開。五、 其他經醫師評估不適合接種者，不予' \u0006",
        "twd97x": 300318.84,
        "twd97y": 2766078.58,
        "經度": 121.498506,
        "緯度": 25.001882
      }
    },
    {
      "type": "Feature",
      "geometry": {
        "type": "Point",
        "coordinates": [
          121.512917,
          25.004212
        ]
      },
      "properties": {
        "no": 3530000000.0,
        "name": "承安聯合診所",
        "tel": "3233-4601",
        "address": "新北市中和區永貞路288號",
        "type": "診所",
        "remark": "如要接種，請先致電詢問疫苗庫存",
        "reservation": "現場",
        "own_expense": "否",
        "division": "內科",
        "notice": "接種禁忌一、已知對疫苗的成份有過敏者，不予接種。二、過去注射曾經發生嚴重不良反應者，不予接種。接種注意事項一、 發燒或正患有急性中重疾病者，宜待病情穩定後再接種。二、 出生未滿6個月，因無使用效益及安全性等臨床資料，故不予接種。三、 先前接種本疫苗6週內曾發生Guillain-Barr? 症候群(GBS)者，宜請醫師評估。四、已知對「蛋」之蛋白質有嚴重過敏者，可在門/住診由熟悉處理過敏症狀之醫事人員提供接種，並於接種後觀察213分鐘，無不適症狀再離開。五、 其他經醫師評估不適合接種者，不予' \u0006",
        "twd97x": 301772.56,
        "twd97y": 2766342.06,
        "經度": 121.512917,
        "緯度": 25.004212
      }
    },
    {
      "type": "Feature",
      "geometry": {
        "type": "Point",
        "coordinates": [
          121.510708,
          24.99066
        ]
      },
      "properties": {
        "no": 3530000000.0,
        "name": "南勢角德祐診所",
        "tel": "2940-6035",
        "address": "新北市中和區興南路一段56巷1弄1號",
        "type": "診所",
        "remark": "如要接種，請先致電詢問疫苗庫存",
        "reservation": "電話",
        "own_expense": "是",
        "division": "一般科",
        "notice": "接種禁忌一、已知對疫苗的成份有過敏者，不予接種。二、過去注射曾經發生嚴重不良反應者，不予接種。接種注意事項一、 發燒或正患有急性中重疾病者，宜待病情穩定後再接種。二、 出生未滿6個月，因無使用效益及安全性等臨床資料，故不予接種。三、 先前接種本疫苗6週內曾發生Guillain-Barr? 症候群(GBS)者，宜請醫師評估。四、已知對「蛋」之蛋白質有嚴重過敏者，可在門/住診由熟悉處理過敏症狀之醫事人員提供接種，並於接種後觀察214分鐘，無不適症狀再離開。五、 其他經醫師評估不適合接種者，不予' \u0006",
        "twd97x": 301555.27,
        "twd97y": 2764840.17,
        "經度": 121.510708,
        "緯度": 24.99066
      }
    },
    {
      "type": "Feature",
      "geometry": {
        "type": "Point",
        "coordinates": [
          121.497777,
          25.002657
        ]
      },
      "properties": {
        "no": 3530000000.0,
        "name": "家安診所",
        "tel": "2247-5531",
        "address": "新北市中和區中山路二段248號",
        "type": "診所",
        "remark": "如要接種，請先致電詢問疫苗庫存",
        "reservation": "現場",
        "own_expense": "是",
        "division": "家醫科",
        "notice": "接種禁忌一、已知對疫苗的成份有過敏者，不予接種。二、過去注射曾經發生嚴重不良反應者，不予接種。接種注意事項一、 發燒或正患有急性中重疾病者，宜待病情穩定後再接種。二、 出生未滿6個月，因無使用效益及安全性等臨床資料，故不予接種。三、 先前接種本疫苗6週內曾發生Guillain-Barr? 症候群(GBS)者，宜請醫師評估。四、已知對「蛋」之蛋白質有嚴重過敏者，可在門/住診由熟悉處理過敏症狀之醫事人員提供接種，並於接種後觀察215分鐘，無不適症狀再離開。五、 其他經醫師評估不適合接種者，不予' \u0006",
        "twd97x": 300244.99,
        "twd97y": 2766164.12,
        "經度": 121.497777,
        "緯度": 25.002657
      }
    },
    {
      "type": "Feature",
      "geometry": {
        "type": "Point",
        "coordinates": [
          121.510251,
          24.998208
        ]
      },
      "properties": {
        "no": 3530000000.0,
        "name": "晟恩診所",
        "tel": "8660-9911",
        "address": "新北市中和區宜安路120號",
        "type": "診所",
        "remark": "如要接種，請先致電詢問疫苗庫存",
        "reservation": "現場",
        "own_expense": "是",
        "division": "一般科",
        "notice": "接種禁忌一、已知對疫苗的成份有過敏者，不予接種。二、過去注射曾經發生嚴重不良反應者，不予接種。接種注意事項一、 發燒或正患有急性中重疾病者，宜待病情穩定後再接種。二、 出生未滿6個月，因無使用效益及安全性等臨床資料，故不予接種。三、 先前接種本疫苗6週內曾發生Guillain-Barr? 症候群(GBS)者，宜請醫師評估。四、已知對「蛋」之蛋白質有嚴重過敏者，可在門/住診由熟悉處理過敏症狀之醫事人員提供接種，並於接種後觀察216分鐘，無不適症狀再離開。五、 其他經醫師評估不適合接種者，不予' \u0006",
        "twd97x": 301505.92,
        "twd97y": 2765676.07,
        "經度": 121.510251,
        "緯度": 24.998208
      }
    },
    {
      "type": "Feature",
      "geometry": {
        "type": "Point",
        "coordinates": [
          121.504633,
          24.993784
        ]
      },
      "properties": {
        "no": 3530000000.0,
        "name": "晟新診所",
        "tel": "2249-6388",
        "address": "新北市中和區景平路488號5樓",
        "type": "診所",
        "remark": "如要接種，請先致電詢問疫苗庫存",
        "reservation": "電話",
        "own_expense": "否",
        "division": "內科",
        "notice": "接種禁忌一、已知對疫苗的成份有過敏者，不予接種。二、過去注射曾經發生嚴重不良反應者，不予接種。接種注意事項一、 發燒或正患有急性中重疾病者，宜待病情穩定後再接種。二、 出生未滿6個月，因無使用效益及安全性等臨床資料，故不予接種。三、 先前接種本疫苗6週內曾發生Guillain-Barr? 症候群(GBS)者，宜請醫師評估。四、已知對「蛋」之蛋白質有嚴重過敏者，可在門/住診由熟悉處理過敏症狀之醫事人員提供接種，並於接種後觀察217分鐘，無不適症狀再離開。五、 其他經醫師評估不適合接種者，不予' \u0006",
        "twd97x": 300940.69,
        "twd97y": 2765183.9,
        "經度": 121.504633,
        "緯度": 24.993784
      }
    },
    {
      "type": "Feature",
      "geometry": {
        "type": "Point",
        "coordinates": [
          121.511962,
          24.985091
        ]
      },
      "properties": {
        "no": 3530000000.0,
        "name": "益德診所",
        "tel": "8668-8421",
        "address": "新北市中和區忠孝街75號1樓",
        "type": "診所",
        "remark": "如要接種，請先致電詢問疫苗庫存",
        "reservation": "現場",
        "own_expense": "是",
        "division": "家醫科",
        "notice": "接種禁忌一、已知對疫苗的成份有過敏者，不予接種。二、過去注射曾經發生嚴重不良反應者，不予接種。接種注意事項一、 發燒或正患有急性中重疾病者，宜待病情穩定後再接種。二、 出生未滿6個月，因無使用效益及安全性等臨床資料，故不予接種。三、 先前接種本疫苗6週內曾發生Guillain-Barr? 症候群(GBS)者，宜請醫師評估。四、已知對「蛋」之蛋白質有嚴重過敏者，可在門/住診由熟悉處理過敏症狀之醫事人員提供接種，並於接種後觀察218分鐘，無不適症狀再離開。五、 其他經醫師評估不適合接種者，不予' \u0006",
        "twd97x": 301684.13,
        "twd97y": 2764223.85,
        "經度": 121.511962,
        "緯度": 24.985091
      }
    },
    {
      "type": "Feature",
      "geometry": {
        "type": "Point",
        "coordinates": [
          121.503085,
          24.99577
        ]
      },
      "properties": {
        "no": 3530000000.0,
        "name": "祐嘉骨科診所",
        "tel": "8245-5795",
        "address": "新北市中和區南華路22號",
        "type": "診所",
        "remark": "如要接種，請先致電詢問疫苗庫存",
        "reservation": "現場",
        "own_expense": "否",
        "division": "家醫科",
        "notice": "接種禁忌一、已知對疫苗的成份有過敏者，不予接種。二、過去注射曾經發生嚴重不良反應者，不予接種。接種注意事項一、 發燒或正患有急性中重疾病者，宜待病情穩定後再接種。二、 出生未滿6個月，因無使用效益及安全性等臨床資料，故不予接種。三、 先前接種本疫苗6週內曾發生Guillain-Barr? 症候群(GBS)者，宜請醫師評估。四、已知對「蛋」之蛋白質有嚴重過敏者，可在門/住診由熟悉處理過敏症狀之醫事人員提供接種，並於接種後觀察219分鐘，無不適症狀再離開。五、 其他經醫師評估不適合接種者，不予' \u0006",
        "twd97x": 300783.57,
        "twd97y": 2765403.31,
        "經度": 121.503085,
        "緯度": 24.99577
      }
    },
    {
      "type": "Feature",
      "geometry": {
        "type": "Point",
        "coordinates": [
          121.511923,
          24.990736
        ]
      },
      "properties": {
        "no": 3530000000.0,
        "name": "健新診所",
        "tel": "2941-6178",
        "address": "新北市中和區景新街338號5樓",
        "type": "診所",
        "remark": "如要接種，請先致電詢問疫苗庫存",
        "reservation": "現場",
        "own_expense": "否",
        "division": "腎臟科",
        "notice": "接種禁忌一、已知對疫苗的成份有過敏者，不予接種。二、過去注射曾經發生嚴重不良反應者，不予接種。接種注意事項一、 發燒或正患有急性中重疾病者，宜待病情穩定後再接種。二、 出生未滿6個月，因無使用效益及安全性等臨床資料，故不予接種。三、 先前接種本疫苗6週內曾發生Guillain-Barr? 症候群(GBS)者，宜請醫師評估。四、已知對「蛋」之蛋白質有嚴重過敏者，可在門/住診由熟悉處理過敏症狀之醫事人員提供接種，並於接種後觀察220分鐘，無不適症狀再離開。五、 其他經醫師評估不適合接種者，不予' \u0006",
        "twd97x": 301677.89,
        "twd97y": 2764849.06,
        "經度": 121.511923,
        "緯度": 24.990736
      }
    },
    {
      "type": "Feature",
      "geometry": {
        "type": "Point",
        "coordinates": [
          121.513292,
          24.988436
        ]
      },
      "properties": {
        "no": 3530000000.0,
        "name": "唯安診所",
        "tel": "2947-9165",
        "address": "新北市中和區景新街455號",
        "type": "診所",
        "remark": "如要接種，請先致電詢問疫苗庫存",
        "reservation": "現場",
        "own_expense": "是",
        "division": "內科",
        "notice": "接種禁忌一、已知對疫苗的成份有過敏者，不予接種。二、過去注射曾經發生嚴重不良反應者，不予接種。接種注意事項一、 發燒或正患有急性中重疾病者，宜待病情穩定後再接種。二、 出生未滿6個月，因無使用效益及安全性等臨床資料，故不予接種。三、 先前接種本疫苗6週內曾發生Guillain-Barr? 症候群(GBS)者，宜請醫師評估。四、已知對「蛋」之蛋白質有嚴重過敏者，可在門/住診由熟悉處理過敏症狀之醫事人員提供接種，並於接種後觀察221分鐘，無不適症狀再離開。五、 其他經醫師評估不適合接種者，不予' \u0006",
        "twd97x": 301817.01,
        "twd97y": 2764594.87,
        "經度": 121.513292,
        "緯度": 24.988436
      }
    },
    {
      "type": "Feature",
      "geometry": {
        "type": "Point",
        "coordinates": [
          121.474486,
          25.005964
        ]
      },
      "properties": {
        "no": 3530000000.0,
        "name": "康祐診所",
        "tel": "2223-9293",
        "address": "新北市中和區中山路三段121號",
        "type": "診所",
        "remark": "如要接種，請先致電詢問疫苗庫存",
        "reservation": "現場",
        "own_expense": "否",
        "division": "內科 復健科",
        "notice": "接種禁忌一、已知對疫苗的成份有過敏者，不予接種。二、過去注射曾經發生嚴重不良反應者，不予接種。接種注意事項一、 發燒或正患有急性中重疾病者，宜待病情穩定後再接種。二、 出生未滿6個月，因無使用效益及安全性等臨床資料，故不予接種。三、 先前接種本疫苗6週內曾發生Guillain-Barr? 症候群(GBS)者，宜請醫師評估。四、已知對「蛋」之蛋白質有嚴重過敏者，可在門/住診由熟悉處理過敏症狀之醫事人員提供接種，並於接種後觀察222分鐘，無不適症狀再離開。五、 其他經醫師評估不適合接種者，不予' \u0006",
        "twd97x": 297892.71,
        "twd97y": 2766522.07,
        "經度": 121.474486,
        "緯度": 25.005964
      }
    },
    {
      "type": "Feature",
      "geometry": {
        "type": "Point",
        "coordinates": [
          121.513144,
          24.988762
        ]
      },
      "properties": {
        "no": 3530000000.0,
        "name": "張榮欽診所",
        "tel": "2946-5045",
        "address": "新北市中和區景新街445號",
        "type": "診所",
        "remark": "如要接種，請先致電詢問疫苗庫存",
        "reservation": "現場",
        "own_expense": "否",
        "division": "家醫科",
        "notice": "接種禁忌一、已知對疫苗的成份有過敏者，不予接種。二、過去注射曾經發生嚴重不良反應者，不予接種。接種注意事項一、 發燒或正患有急性中重疾病者，宜待病情穩定後再接種。二、 出生未滿6個月，因無使用效益及安全性等臨床資料，故不予接種。三、 先前接種本疫苗6週內曾發生Guillain-Barr? 症候群(GBS)者，宜請醫師評估。四、已知對「蛋」之蛋白質有嚴重過敏者，可在門/住診由熟悉處理過敏症狀之醫事人員提供接種，並於接種後觀察223分鐘，無不適症狀再離開。五、 其他經醫師評估不適合接種者，不予' \u0006",
        "twd97x": 301801.93,
        "twd97y": 2764630.85,
        "經度": 121.513144,
        "緯度": 24.988762
      }
    },
    {
      "type": "Feature",
      "geometry": {
        "type": "Point",
        "coordinates": [
          121.512178,
          25.003729
        ]
      },
      "properties": {
        "no": 3530000000.0,
        "name": "捷安診所",
        "tel": "2233-1117",
        "address": "新北市中和區中和路456號",
        "type": "診所",
        "remark": "如要接種，請先致電詢問疫苗庫存",
        "reservation": "現場",
        "own_expense": "是",
        "division": "一般科",
        "notice": "接種禁忌一、已知對疫苗的成份有過敏者，不予接種。二、過去注射曾經發生嚴重不良反應者，不予接種。接種注意事項一、 發燒或正患有急性中重疾病者，宜待病情穩定後再接種。二、 出生未滿6個月，因無使用效益及安全性等臨床資料，故不予接種。三、 先前接種本疫苗6週內曾發生Guillain-Barr? 症候群(GBS)者，宜請醫師評估。四、已知對「蛋」之蛋白質有嚴重過敏者，可在門/住診由熟悉處理過敏症狀之醫事人員提供接種，並於接種後觀察224分鐘，無不適症狀再離開。五、 其他經醫師評估不適合接種者，不予' \u0006",
        "twd97x": 301698.22,
        "twd97y": 2766288.35,
        "經度": 121.512178,
        "緯度": 25.003729
      }
    },
    {
      "type": "Feature",
      "geometry": {
        "type": "Point",
        "coordinates": [
          121.508248,
          24.993305
        ]
      },
      "properties": {
        "no": 1530000000.0,
        "name": "祥顥醫院",
        "tel": "2946-8795",
        "address": "新北市中和區景平路412號",
        "type": "地區醫院",
        "remark": "如要接種，請先致電詢問疫苗庫存",
        "reservation": "電話",
        "own_expense": "否",
        "division": "內科",
        "notice": "接種禁忌一、已知對疫苗的成份有過敏者，不予接種。二、過去注射曾經發生嚴重不良反應者，不予接種。接種注意事項一、 發燒或正患有急性中重疾病者，宜待病情穩定後再接種。二、 出生未滿6個月，因無使用效益及安全性等臨床資料，故不予接種。三、 先前接種本疫苗6週內曾發生Guillain-Barr? 症候群(GBS)者，宜請醫師評估。四、已知對「蛋」之蛋白質有嚴重過敏者，可在門/住診由熟悉處理過敏症狀之醫事人員提供接種，並於接種後觀察225分鐘，無不適症狀再離開。五、 其他經醫師評估不適合接種者，不予' \u0006",
        "twd97x": 301305.79,
        "twd97y": 2765132.22,
        "經度": 121.508248,
        "緯度": 24.993305
      }
    },
    {
      "type": "Feature",
      "geometry": {
        "type": "Point",
        "coordinates": [
          121.508386,
          24.987075
        ]
      },
      "properties": {
        "no": 3530000000.0,
        "name": "莊福仁內科診所",
        "tel": "2945-7550",
        "address": "新北市中和區興南路一段142-6號",
        "type": "診所",
        "remark": "如要接種，請先致電詢問疫苗庫存",
        "reservation": "現場",
        "own_expense": "否",
        "division": "內科",
        "notice": "接種禁忌一、已知對疫苗的成份有過敏者，不予接種。二、過去注射曾經發生嚴重不良反應者，不予接種。接種注意事項一、 發燒或正患有急性中重疾病者，宜待病情穩定後再接種。二、 出生未滿6個月，因無使用效益及安全性等臨床資料，故不予接種。三、 先前接種本疫苗6週內曾發生Guillain-Barr? 症候群(GBS)者，宜請醫師評估。四、已知對「蛋」之蛋白質有嚴重過敏者，可在門/住診由熟悉處理過敏症狀之醫事人員提供接種，並於接種後觀察226分鐘，無不適症狀再離開。五、 其他經醫師評估不適合接種者，不予' \u0006",
        "twd97x": 301322.34,
        "twd97y": 2764442.22,
        "經度": 121.508386,
        "緯度": 24.987075
      }
    },
    {
      "type": "Feature",
      "geometry": {
        "type": "Point",
        "coordinates": [
          121.502135,
          24.998654
        ]
      },
      "properties": {
        "no": 3530000000.0,
        "name": "通安診所",
        "tel": "2243-3160",
        "address": "新北市中和區南山路45號",
        "type": "診所",
        "remark": "如要接種，請先致電詢問疫苗庫存",
        "reservation": "現場",
        "own_expense": "是",
        "division": "內科",
        "notice": "接種禁忌一、已知對疫苗的成份有過敏者，不予接種。二、過去注射曾經發生嚴重不良反應者，不予接種。接種注意事項一、 發燒或正患有急性中重疾病者，宜待病情穩定後再接種。二、 出生未滿6個月，因無使用效益及安全性等臨床資料，故不予接種。三、 先前接種本疫苗6週內曾發生Guillain-Barr? 症候群(GBS)者，宜請醫師評估。四、已知對「蛋」之蛋白質有嚴重過敏者，可在門/住診由熟悉處理過敏症狀之醫事人員提供接種，並於接種後觀察227分鐘，無不適症狀再離開。五、 其他經醫師評估不適合接種者，不予' \u0006",
        "twd97x": 300686.52,
        "twd97y": 2765722.41,
        "經度": 121.502135,
        "緯度": 24.998654
      }
    },
    {
      "type": "Feature",
      "geometry": {
        "type": "Point",
        "coordinates": [
          121.513388,
          24.988245
        ]
      },
      "properties": {
        "no": 3530000000.0,
        "name": "陳建良耳鼻喉科診所",
        "tel": "8941-3009",
        "address": "新北市中和區景新街465號",
        "type": "診所",
        "remark": "如要接種，請先致電詢問疫苗庫存",
        "reservation": "電話、現場",
        "own_expense": "是",
        "division": "耳鼻喉科",
        "notice": "接種禁忌一、已知對疫苗的成份有過敏者，不予接種。二、過去注射曾經發生嚴重不良反應者，不予接種。接種注意事項一、 發燒或正患有急性中重疾病者，宜待病情穩定後再接種。二、 出生未滿6個月，因無使用效益及安全性等臨床資料，故不予接種。三、 先前接種本疫苗6週內曾發生Guillain-Barr? 症候群(GBS)者，宜請醫師評估。四、已知對「蛋」之蛋白質有嚴重過敏者，可在門/住診由熟悉處理過敏症狀之醫事人員提供接種，並於接種後觀察228分鐘，無不適症狀再離開。五、 其他經醫師評估不適合接種者，不予' \u0006",
        "twd97x": 301826.8,
        "twd97y": 2764573.7,
        "經度": 121.513388,
        "緯度": 24.988245
      }
    },
    {
      "type": "Feature",
      "geometry": {
        "type": "Point",
        "coordinates": [
          121.481362,
          24.997481
        ]
      },
      "properties": {
        "no": 3530000000.0,
        "name": "凱程診所",
        "tel": "2223-1868",
        "address": "新北市中和區員山路150-8號",
        "type": "診所",
        "remark": "如要接種，請先致電詢問疫苗庫存",
        "reservation": "網路",
        "own_expense": "是",
        "division": "家醫科",
        "notice": "接種禁忌一、已知對疫苗的成份有過敏者，不予接種。二、過去注射曾經發生嚴重不良反應者，不予接種。接種注意事項一、 發燒或正患有急性中重疾病者，宜待病情穩定後再接種。二、 出生未滿6個月，因無使用效益及安全性等臨床資料，故不予接種。三、 先前接種本疫苗6週內曾發生Guillain-Barr? 症候群(GBS)者，宜請醫師評估。四、已知對「蛋」之蛋白質有嚴重過敏者，可在門/住診由熟悉處理過敏症狀之醫事人員提供接種，並於接種後觀察229分鐘，無不適症狀再離開。五、 其他經醫師評估不適合接種者，不予' \u0006",
        "twd97x": 298590.09,
        "twd97y": 2765584.81,
        "經度": 121.481362,
        "緯度": 24.997481
      }
    },
    {
      "type": "Feature",
      "geometry": {
        "type": "Point",
        "coordinates": [
          121.504282,
          24.991174
        ]
      },
      "properties": {
        "no": 3530000000.0,
        "name": "曾咸統小兒科診所",
        "tel": "3151-6343",
        "address": "新北市中和區景安路229號",
        "type": "診所",
        "remark": "如要接種，請先致電詢問疫苗庫存",
        "reservation": "現場",
        "own_expense": "是",
        "division": "小兒科",
        "notice": "接種禁忌一、已知對疫苗的成份有過敏者，不予接種。二、過去注射曾經發生嚴重不良反應者，不予接種。接種注意事項一、 發燒或正患有急性中重疾病者，宜待病情穩定後再接種。二、 出生未滿6個月，因無使用效益及安全性等臨床資料，故不予接種。三、 先前接種本疫苗6週內曾發生Guillain-Barr? 症候群(GBS)者，宜請醫師評估。四、已知對「蛋」之蛋白質有嚴重過敏者，可在門/住診由熟悉處理過敏症狀之醫事人員提供接種，並於接種後觀察230分鐘，無不適症狀再離開。五、 其他經醫師評估不適合接種者，不予' \u0006",
        "twd97x": 300906.3,
        "twd97y": 2764894.63,
        "經度": 121.504282,
        "緯度": 24.991174
      }
    },
    {
      "type": "Feature",
      "geometry": {
        "type": "Point",
        "coordinates": [
          121.50816,
          24.98373
        ]
      },
      "properties": {
        "no": 3530000000.0,
        "name": "華欣診所",
        "tel": "2943-7540",
        "address": "新北市中和區華新街70號",
        "type": "診所",
        "remark": "如要接種，請先致電詢問疫苗庫存",
        "reservation": "現場",
        "own_expense": "否",
        "division": "內科",
        "notice": "接種禁忌一、已知對疫苗的成份有過敏者，不予接種。二、過去注射曾經發生嚴重不良反應者，不予接種。接種注意事項一、 發燒或正患有急性中重疾病者，宜待病情穩定後再接種。二、 出生未滿6個月，因無使用效益及安全性等臨床資料，故不予接種。三、 先前接種本疫苗6週內曾發生Guillain-Barr? 症候群(GBS)者，宜請醫師評估。四、已知對「蛋」之蛋白質有嚴重過敏者，可在門/住診由熟悉處理過敏症狀之醫事人員提供接種，並於接種後觀察231分鐘，無不適症狀再離開。五、 其他經醫師評估不適合接種者，不予' \u0006",
        "twd97x": 301300.89,
        "twd97y": 2764071.58,
        "經度": 121.50816,
        "緯度": 24.98373
      }
    },
    {
      "type": "Feature",
      "geometry": {
        "type": "Point",
        "coordinates": [
          121.513089,
          24.988881
        ]
      },
      "properties": {
        "no": 3530000000.0,
        "name": "順安耳鼻喉科診所",
        "tel": "2942-9600",
        "address": "新北市中和區景新街439號",
        "type": "診所",
        "remark": "如要接種，請先致電詢問疫苗庫存",
        "reservation": "現場",
        "own_expense": "是",
        "division": "耳鼻喉科",
        "notice": "接種禁忌一、已知對疫苗的成份有過敏者，不予接種。二、過去注射曾經發生嚴重不良反應者，不予接種。接種注意事項一、 發燒或正患有急性中重疾病者，宜待病情穩定後再接種。二、 出生未滿6個月，因無使用效益及安全性等臨床資料，故不予接種。三、 先前接種本疫苗6週內曾發生Guillain-Barr? 症候群(GBS)者，宜請醫師評估。四、已知對「蛋」之蛋白質有嚴重過敏者，可在門/住診由熟悉處理過敏症狀之醫事人員提供接種，並於接種後觀察232分鐘，無不適症狀再離開。五、 其他經醫師評估不適合接種者，不予' \u0006",
        "twd97x": 301796.37,
        "twd97y": 2764644.08,
        "經度": 121.513089,
        "緯度": 24.988881
      }
    },
    {
      "type": "Feature",
      "geometry": {
        "type": "Point",
        "coordinates": [
          121.502744,
          24.995857
        ]
      },
      "properties": {
        "no": 3530000000.0,
        "name": "馮泰龍小兒科診所",
        "tel": "8242-1606",
        "address": "新北市中和區南華路21號",
        "type": "診所",
        "remark": "如要接種，請先致電詢問疫苗庫存",
        "reservation": "電話",
        "own_expense": "是",
        "division": "小兒科",
        "notice": "接種禁忌一、已知對疫苗的成份有過敏者，不予接種。二、過去注射曾經發生嚴重不良反應者，不予接種。接種注意事項一、 發燒或正患有急性中重疾病者，宜待病情穩定後再接種。二、 出生未滿6個月，因無使用效益及安全性等臨床資料，故不予接種。三、 先前接種本疫苗6週內曾發生Guillain-Barr? 症候群(GBS)者，宜請醫師評估。四、已知對「蛋」之蛋白質有嚴重過敏者，可在門/住診由熟悉處理過敏症狀之醫事人員提供接種，並於接種後觀察233分鐘，無不適症狀再離開。五、 其他經醫師評估不適合接種者，不予' \u0006",
        "twd97x": 300749.18,
        "twd97y": 2765412.84,
        "經度": 121.502744,
        "緯度": 24.995857
      }
    },
    {
      "type": "Feature",
      "geometry": {
        "type": "Point",
        "coordinates": [
          121.509403,
          24.988476
        ]
      },
      "properties": {
        "no": 3530000000.0,
        "name": "黃呈鵬小兒科診所",
        "tel": "2948-0203",
        "address": "新北市中和區興南路一段124號1樓",
        "type": "診所",
        "remark": "如要接種，請先致電詢問疫苗庫存",
        "reservation": "現場",
        "own_expense": "是",
        "division": "小兒科",
        "notice": "接種禁忌一、已知對疫苗的成份有過敏者，不予接種。二、過去注射曾經發生嚴重不良反應者，不予接種。接種注意事項一、 發燒或正患有急性中重疾病者，宜待病情穩定後再接種。二、 出生未滿6個月，因無使用效益及安全性等臨床資料，故不予接種。三、 先前接種本疫苗6週內曾發生Guillain-Barr? 症候群(GBS)者，宜請醫師評估。四、已知對「蛋」之蛋白質有嚴重過敏者，可在門/住診由熟悉處理過敏症狀之醫事人員提供接種，並於接種後觀察234分鐘，無不適症狀再離開。五、 其他經醫師評估不適合接種者，不予' \u0006",
        "twd97x": 301424.47,
        "twd97y": 2764597.79,
        "經度": 121.509403,
        "緯度": 24.988476
      }
    },
    {
      "type": "Feature",
      "geometry": {
        "type": "Point",
        "coordinates": [
          121.500177,
          24.997544
        ]
      },
      "properties": {
        "no": 3530000000.0,
        "name": "黃基家小兒科診所",
        "tel": "2248-5433",
        "address": "新北市中和區景平路485號",
        "type": "診所",
        "remark": "如要接種，請先致電詢問疫苗庫存",
        "reservation": "電話",
        "own_expense": "是",
        "division": "小兒科",
        "notice": "接種禁忌一、已知對疫苗的成份有過敏者，不予接種。二、過去注射曾經發生嚴重不良反應者，不予接種。接種注意事項一、 發燒或正患有急性中重疾病者，宜待病情穩定後再接種。二、 出生未滿6個月，因無使用效益及安全性等臨床資料，故不予接種。三、 先前接種本疫苗6週內曾發生Guillain-Barr? 症候群(GBS)者，宜請醫師評估。四、已知對「蛋」之蛋白質有嚴重過敏者，可在門/住診由熟悉處理過敏症狀之醫事人員提供接種，並於接種後觀察235分鐘，無不適症狀再離開。五、 其他經醫師評估不適合接種者，不予' \u0006",
        "twd97x": 300489.31,
        "twd97y": 2765598.71,
        "經度": 121.500177,
        "緯度": 24.997544
      }
    },
    {
      "type": "Feature",
      "geometry": {
        "type": "Point",
        "coordinates": [
          121.485708,
          25.000637
        ]
      },
      "properties": {
        "no": 3530000000.0,
        "name": "新福星診所",
        "tel": "2222-1327、2222-0882 ",
        "address": "新北市中和區中正路780-1號(遠東巨門企業總部內1樓)",
        "type": "診所",
        "remark": "如要接種，請先致電詢問疫苗庫存",
        "reservation": "電話、現場",
        "own_expense": "是",
        "division": "腎臟內科",
        "notice": "接種禁忌一、已知對疫苗的成份有過敏者，不予接種。二、過去注射曾經發生嚴重不良反應者，不予接種。接種注意事項一、 發燒或正患有急性中重疾病者，宜待病情穩定後再接種。二、 出生未滿6個月，因無使用效益及安全性等臨床資料，故不予接種。三、 先前接種本疫苗6週內曾發生Guillain-Barr? 症候群(GBS)者，宜請醫師評估。四、已知對「蛋」之蛋白質有嚴重過敏者，可在門/住診由熟悉處理過敏症狀之醫事人員提供接種，並於接種後觀察236分鐘，無不適症狀再離開。五、 其他經醫師評估不適合接種者，不予' \u0006",
        "twd97x": 299027.52,
        "twd97y": 2765935.98,
        "經度": 121.485708,
        "緯度": 25.000637
      }
    },
    {
      "type": "Feature",
      "geometry": {
        "type": "Point",
        "coordinates": [
          121.46492,
          24.996272
        ]
      },
      "properties": {
        "no": 3530000000.0,
        "name": "嘉仁診所",
        "tel": "2952-1878",
        "address": "新北市中和區華順街132號",
        "type": "診所",
        "remark": "如要接種，請先致電詢問疫苗庫存",
        "reservation": "現場",
        "own_expense": "是",
        "division": "家醫科",
        "notice": "接種禁忌一、已知對疫苗的成份有過敏者，不予接種。二、過去注射曾經發生嚴重不良反應者，不予接種。接種注意事項一、 發燒或正患有急性中重疾病者，宜待病情穩定後再接種。二、 出生未滿6個月，因無使用效益及安全性等臨床資料，故不予接種。三、 先前接種本疫苗6週內曾發生Guillain-Barr? 症候群(GBS)者，宜請醫師評估。四、已知對「蛋」之蛋白質有嚴重過敏者，可在門/住診由熟悉處理過敏症狀之醫事人員提供接種，並於接種後觀察237分鐘，無不適症狀再離開。五、 其他經醫師評估不適合接種者，不予' \u0006",
        "twd97x": 296930.8,
        "twd97y": 2765445.15,
        "經度": 121.46492,
        "緯度": 24.996272
      }
    },
    {
      "type": "Feature",
      "geometry": {
        "type": "Point",
        "coordinates": [
          121.482125,
          24.995553
        ]
      },
      "properties": {
        "no": 3530000000.0,
        "name": "嘉櫻診所",
        "tel": "2225-9710",
        "address": "新北市中和區連城路356號1樓",
        "type": "診所",
        "remark": "如要接種，請先致電詢問疫苗庫存",
        "reservation": "現場",
        "own_expense": "是",
        "division": "一般科",
        "notice": "接種禁忌一、已知對疫苗的成份有過敏者，不予接種。二、過去注射曾經發生嚴重不良反應者，不予接種。接種注意事項一、 發燒或正患有急性中重疾病者，宜待病情穩定後再接種。二、 出生未滿6個月，因無使用效益及安全性等臨床資料，故不予接種。三、 先前接種本疫苗6週內曾發生Guillain-Barr? 症候群(GBS)者，宜請醫師評估。四、已知對「蛋」之蛋白質有嚴重過敏者，可在門/住診由熟悉處理過敏症狀之醫事人員提供接種，並於接種後觀察238分鐘，無不適症狀再離開。五、 其他經醫師評估不適合接種者，不予' \u0006",
        "twd97x": 298667.82,
        "twd97y": 2765371.6,
        "經度": 121.482125,
        "緯度": 24.995553
      }
    },
    {
      "type": "Feature",
      "geometry": {
        "type": "Point",
        "coordinates": [
          121.500518,
          25.001199
        ]
      },
      "properties": {
        "no": 3530000000.0,
        "name": "漳怡內科診所",
        "tel": "2244-5222",
        "address": "新北市中和區中和路59號3樓",
        "type": "診所",
        "remark": "如要接種，請先致電詢問疫苗庫存",
        "reservation": "現場",
        "own_expense": "否",
        "division": "內科",
        "notice": "接種禁忌一、已知對疫苗的成份有過敏者，不予接種。二、過去注射曾經發生嚴重不良反應者，不予接種。接種注意事項一、 發燒或正患有急性中重疾病者，宜待病情穩定後再接種。二、 出生未滿6個月，因無使用效益及安全性等臨床資料，故不予接種。三、 先前接種本疫苗6週內曾發生Guillain-Barr? 症候群(GBS)者，宜請醫師評估。四、已知對「蛋」之蛋白質有嚴重過敏者，可在門/住診由熟悉處理過敏症狀之醫事人員提供接種，並於接種後觀察239分鐘，無不適症狀再離開。五、 其他經醫師評估不適合接種者，不予' \u0006",
        "twd97x": 300522.25,
        "twd97y": 2766003.64,
        "經度": 121.500518,
        "緯度": 25.001199
      }
    },
    {
      "type": "Feature",
      "geometry": {
        "type": "Point",
        "coordinates": [
          121.507867,
          24.98582
        ]
      },
      "properties": {
        "no": 3530000000.0,
        "name": "廣祥診所",
        "tel": "8668-3090",
        "address": "新北市中和區興南路二段29號",
        "type": "診所",
        "remark": "如要接種，請先致電詢問疫苗庫存",
        "reservation": "電話",
        "own_expense": "是",
        "division": "小兒科",
        "notice": "接種禁忌一、已知對疫苗的成份有過敏者，不予接種。二、過去注射曾經發生嚴重不良反應者，不予接種。接種注意事項一、 發燒或正患有急性中重疾病者，宜待病情穩定後再接種。二、 出生未滿6個月，因無使用效益及安全性等臨床資料，故不予接種。三、 先前接種本疫苗6週內曾發生Guillain-Barr? 症候群(GBS)者，宜請醫師評估。四、已知對「蛋」之蛋白質有嚴重過敏者，可在門/住診由熟悉處理過敏症狀之醫事人員提供接種，並於接種後觀察240分鐘，無不適症狀再離開。五、 其他經醫師評估不適合接種者，不予' \u0006",
        "twd97x": 301270.43,
        "twd97y": 2764303.0,
        "經度": 121.507867,
        "緯度": 24.98582
      }
    },
    {
      "type": "Feature",
      "geometry": {
        "type": "Point",
        "coordinates": [
          121.498976,
          24.999649
        ]
      },
      "properties": {
        "no": 3530000000.0,
        "name": "德泰診所",
        "tel": "2242-7700",
        "address": "新北市中和區泰和街48號",
        "type": "診所",
        "remark": "如要接種，請先致電詢問疫苗庫存",
        "reservation": "現場",
        "own_expense": "是",
        "division": "復健科.神經科.",
        "notice": "接種禁忌一、已知對疫苗的成份有過敏者，不予接種。二、過去注射曾經發生嚴重不良反應者，不予接種。接種注意事項一、 發燒或正患有急性中重疾病者，宜待病情穩定後再接種。二、 出生未滿6個月，因無使用效益及安全性等臨床資料，故不予接種。三、 先前接種本疫苗6週內曾發生Guillain-Barr? 症候群(GBS)者，宜請醫師評估。四、已知對「蛋」之蛋白質有嚴重過敏者，可在門/住診由熟悉處理過敏症狀之醫事人員提供接種，並於接種後觀察241分鐘，無不適症狀再離開。五、 其他經醫師評估不適合接種者，不予' \u0006",
        "twd97x": 300367.25,
        "twd97y": 2765831.46,
        "經度": 121.498976,
        "緯度": 24.999649
      }
    },
    {
      "type": "Feature",
      "geometry": {
        "type": "Point",
        "coordinates": [
          121.506757,
          24.985504
        ]
      },
      "properties": {
        "no": 3530000000.0,
        "name": "德祐診所",
        "tel": "2940-1710",
        "address": "新北市中和區興南路二段34巷1號",
        "type": "診所",
        "remark": "如要接種，請先致電詢問疫苗庫存",
        "reservation": "現場",
        "own_expense": "是",
        "division": "家醫科",
        "notice": "接種禁忌一、已知對疫苗的成份有過敏者，不予接種。二、過去注射曾經發生嚴重不良反應者，不予接種。接種注意事項一、 發燒或正患有急性中重疾病者，宜待病情穩定後再接種。二、 出生未滿6個月，因無使用效益及安全性等臨床資料，故不予接種。三、 先前接種本疫苗6週內曾發生Guillain-Barr? 症候群(GBS)者，宜請醫師評估。四、已知對「蛋」之蛋白質有嚴重過敏者，可在門/住診由熟悉處理過敏症狀之醫事人員提供接種，並於接種後觀察242分鐘，無不適症狀再離開。五、 其他經醫師評估不適合接種者，不予' \u0006",
        "twd97x": 301158.56,
        "twd97y": 2764267.59,
        "經度": 121.506757,
        "緯度": 24.985504
      }
    },
    {
      "type": "Feature",
      "geometry": {
        "type": "Point",
        "coordinates": [
          121.522864,
          24.992691
        ]
      },
      "properties": {
        "no": 3530000000.0,
        "name": "慧禮診所",
        "tel": "8942-1028",
        "address": "新北市中和區自立路159號",
        "type": "診所",
        "remark": "如要接種，請先致電詢問疫苗庫存",
        "reservation": "電話",
        "own_expense": "是",
        "division": "內科、家醫科",
        "notice": "接種禁忌一、已知對疫苗的成份有過敏者，不予接種。二、過去注射曾經發生嚴重不良反應者，不予接種。接種注意事項一、 發燒或正患有急性中重疾病者，宜待病情穩定後再接種。二、 出生未滿6個月，因無使用效益及安全性等臨床資料，故不予接種。三、 先前接種本疫苗6週內曾發生Guillain-Barr? 症候群(GBS)者，宜請醫師評估。四、已知對「蛋」之蛋白質有嚴重過敏者，可在門/住診由熟悉處理過敏症狀之醫事人員提供接種，並於接種後觀察243分鐘，無不適症狀再離開。五、 其他經醫師評估不適合接種者，不予' \u0006",
        "twd97x": 302781.56,
        "twd97y": 2765069.79,
        "經度": 121.522864,
        "緯度": 24.992691
      }
    },
    {
      "type": "Feature",
      "geometry": {
        "type": "Point",
        "coordinates": [
          121.494081,
          24.993745
        ]
      },
      "properties": {
        "no": 1330000000.0,
        "name": "衛生福利部雙和醫院",
        "tel": "2249-0088#1755、#8832",
        "address": "新北市中和區中正路291號",
        "type": "地區醫院",
        "remark": "如要接種，請先致電詢問疫苗庫存",
        "reservation": "網路、電話、現場",
        "own_expense": "是",
        "division": "內科、家醫科、兒科、耳鼻喉科、婦產科、骨科、外科",
        "notice": "接種禁忌一、已知對疫苗的成份有過敏者，不予接種。二、過去注射曾經發生嚴重不良反應者，不予接種。接種注意事項一、 發燒或正患有急性中重疾病者，宜待病情穩定後再接種。二、 出生未滿6個月，因無使用效益及安全性等臨床資料，故不予接種。三、 先前接種本疫苗6週內曾發生Guillain-Barr? 症候群(GBS)者，宜請醫師評估。四、已知對「蛋」之蛋白質有嚴重過敏者，可在門/住診由熟悉處理過敏症狀之醫事人員提供接種，並於接種後觀察244分鐘，無不適症狀再離開。五、 其他經醫師評估不適合接種者，不予' \u0006",
        "twd97x": 299875.54,
        "twd97y": 2765175.7,
        "經度": 121.494081,
        "緯度": 24.993745
      }
    },
    {
      "type": "Feature",
      "geometry": {
        "type": "Point",
        "coordinates": [
          121.504029,
          24.991225
        ]
      },
      "properties": {
        "no": 3530000000.0,
        "name": "翰霖耳鼻喉科診所",
        "tel": "2246-2238",
        "address": "新北市中和區景安路202號",
        "type": "診所",
        "remark": "如要接種，請先致電詢問疫苗庫存",
        "reservation": "現場",
        "own_expense": "是",
        "division": "耳鼻喉科",
        "notice": "接種禁忌一、已知對疫苗的成份有過敏者，不予接種。二、過去注射曾經發生嚴重不良反應者，不予接種。接種注意事項一、 發燒或正患有急性中重疾病者，宜待病情穩定後再接種。二、 出生未滿6個月，因無使用效益及安全性等臨床資料，故不予接種。三、 先前接種本疫苗6週內曾發生Guillain-Barr? 症候群(GBS)者，宜請醫師評估。四、已知對「蛋」之蛋白質有嚴重過敏者，可在門/住診由熟悉處理過敏症狀之醫事人員提供接種，並於接種後觀察245分鐘，無不適症狀再離開。五、 其他經醫師評估不適合接種者，不予' \u0006",
        "twd97x": 300880.76,
        "twd97y": 2764900.19,
        "經度": 121.504029,
        "緯度": 24.991225
      }
    },
    {
      "type": "Feature",
      "geometry": {
        "type": "Point",
        "coordinates": [
          121.480923,
          25.005441
        ]
      },
      "properties": {
        "no": 1530000000.0,
        "name": "蕙生醫院",
        "tel": "2223-6339",
        "address": "新北市中和區中山路二段551號",
        "type": "地區醫院",
        "remark": "如要接種，請先致電詢問疫苗庫存",
        "reservation": "網路",
        "own_expense": "是",
        "division": "兒科、婦產科",
        "notice": "接種禁忌一、已知對疫苗的成份有過敏者，不予接種。二、過去注射曾經發生嚴重不良反應者，不予接種。接種注意事項一、 發燒或正患有急性中重疾病者，宜待病情穩定後再接種。二、 出生未滿6個月，因無使用效益及安全性等臨床資料，故不予接種。三、 先前接種本疫苗6週內曾發生Guillain-Barr? 症候群(GBS)者，宜請醫師評估。四、已知對「蛋」之蛋白質有嚴重過敏者，可在門/住診由熟悉處理過敏症狀之醫事人員提供接種，並於接種後觀察246分鐘，無不適症狀再離開。五、 其他經醫師評估不適合接種者，不予' \u0006",
        "twd97x": 298542.69,
        "twd97y": 2766466.36,
        "經度": 121.480923,
        "緯度": 25.005441
      }
    },
    {
      "type": "Feature",
      "geometry": {
        "type": "Point",
        "coordinates": [
          121.507868,
          24.984546
        ]
      },
      "properties": {
        "no": 3530000000.0,
        "name": "雙怡診所",
        "tel": "2949-2399",
        "address": "新北市中和區華新街49號",
        "type": "診所",
        "remark": "如要接種，請先致電詢問疫苗庫存",
        "reservation": "電話、現場",
        "own_expense": "是",
        "division": "家醫科",
        "notice": "接種禁忌一、已知對疫苗的成份有過敏者，不予接種。二、過去注射曾經發生嚴重不良反應者，不予接種。接種注意事項一、 發燒或正患有急性中重疾病者，宜待病情穩定後再接種。二、 出生未滿6個月，因無使用效益及安全性等臨床資料，故不予接種。三、 先前接種本疫苗6週內曾發生Guillain-Barr? 症候群(GBS)者，宜請醫師評估。四、已知對「蛋」之蛋白質有嚴重過敏者，可在門/住診由熟悉處理過敏症狀之醫事人員提供接種，並於接種後觀察247分鐘，無不適症狀再離開。五、 其他經醫師評估不適合接種者，不予' \u0006",
        "twd97x": 301271.09,
        "twd97y": 2764161.87,
        "經度": 121.507868,
        "緯度": 24.984546
      }
    },
    {
      "type": "Feature",
      "geometry": {
        "type": "Point",
        "coordinates": [
          121.447638,
          25.094236
        ]
      },
      "properties": {
        "no": 2330000000.0,
        "name": "五股區衛生所",
        "tel": "2291-7717",
        "address": "新北市五股區新城三路11號",
        "type": "衛生所",
        "remark": "如要接種，請先致電詢問疫苗庫存",
        "reservation": "現場",
        "own_expense": "否",
        "division": "家醫科",
        "notice": "接種禁忌一、已知對疫苗的成份有過敏者，不予接種。二、過去注射曾經發生嚴重不良反應者，不予接種。接種注意事項一、 發燒或正患有急性中重疾病者，宜待病情穩定後再接種。二、 出生未滿6個月，因無使用效益及安全性等臨床資料，故不予接種。三、 先前接種本疫苗6週內曾發生Guillain-Barr? 症候群(GBS)者，宜請醫師評估。四、已知對「蛋」之蛋白質有嚴重過敏者，可在門/住診由熟悉處理過敏症狀之醫事人員提供接種，並於接種後觀察248分鐘，無不適症狀再離開。五、 其他經醫師評估不適合接種者，不予' \u0006",
        "twd97x": 295150.4,
        "twd97y": 2776290.27,
        "經度": 121.447638,
        "緯度": 25.094236
      }
    },
    {
      "type": "Feature",
      "geometry": {
        "type": "Point",
        "coordinates": [
          121.43384,
          25.074088
        ]
      },
      "properties": {
        "no": 3530000000.0,
        "name": "五股水碓診所",
        "tel": "2292-1516",
        "address": "新北市五股區自強路36號1樓",
        "type": "診所",
        "remark": "如要接種，請先致電詢問疫苗庫存",
        "reservation": "現場",
        "own_expense": "是",
        "division": "不分科",
        "notice": "接種禁忌一、已知對疫苗的成份有過敏者，不予接種。二、過去注射曾經發生嚴重不良反應者，不予接種。接種注意事項一、 發燒或正患有急性中重疾病者，宜待病情穩定後再接種。二、 出生未滿6個月，因無使用效益及安全性等臨床資料，故不予接種。三、 先前接種本疫苗6週內曾發生Guillain-Barr? 症候群(GBS)者，宜請醫師評估。四、已知對「蛋」之蛋白質有嚴重過敏者，可在門/住診由熟悉處理過敏症狀之醫事人員提供接種，並於接種後觀察249分鐘，無不適症狀再離開。五、 其他經醫師評估不適合接種者，不予' \u0006",
        "twd97x": 293765.8,
        "twd97y": 2774053.96,
        "經度": 121.43384,
        "緯度": 25.074088
      }
    },
    {
      "type": "Feature",
      "geometry": {
        "type": "Point",
        "coordinates": [
          121.450996,
          25.101107
        ]
      },
      "properties": {
        "no": 3530000000.0,
        "name": "成洲診所",
        "tel": "2291-9463",
        "address": "新北市五股區凌雲路一段73號",
        "type": "診所",
        "remark": "如要接種，請先致電詢問疫苗庫存",
        "reservation": "現場",
        "own_expense": "是",
        "division": "不分科",
        "notice": "接種禁忌一、已知對疫苗的成份有過敏者，不予接種。二、過去注射曾經發生嚴重不良反應者，不予接種。接種注意事項一、 發燒或正患有急性中重疾病者，宜待病情穩定後再接種。二、 出生未滿6個月，因無使用效益及安全性等臨床資料，故不予接種。三、 先前接種本疫苗6週內曾發生Guillain-Barr? 症候群(GBS)者，宜請醫師評估。四、已知對「蛋」之蛋白質有嚴重過敏者，可在門/住診由熟悉處理過敏症狀之醫事人員提供接種，並於接種後觀察250分鐘，無不適症狀再離開。五、 其他經醫師評估不適合接種者，不予' \u0006",
        "twd97x": 295486.58,
        "twd97y": 2777052.48,
        "經度": 121.450996,
        "緯度": 25.101107
      }
    },
    {
      "type": "Feature",
      "geometry": {
        "type": "Point",
        "coordinates": [
          121.434045,
          25.08919
        ]
      },
      "properties": {
        "no": 3530000000.0,
        "name": "祐聖小兒科診所",
        "tel": "8292-1336",
        "address": "新北市五股區五福路34號1樓",
        "type": "診所",
        "remark": "如要接種，請先致電詢問疫苗庫存",
        "reservation": "現場",
        "own_expense": "是",
        "division": "兒科",
        "notice": "接種禁忌一、已知對疫苗的成份有過敏者，不予接種。二、過去注射曾經發生嚴重不良反應者，不予接種。接種注意事項一、 發燒或正患有急性中重疾病者，宜待病情穩定後再接種。二、 出生未滿6個月，因無使用效益及安全性等臨床資料，故不予接種。三、 先前接種本疫苗6週內曾發生Guillain-Barr? 症候群(GBS)者，宜請醫師評估。四、已知對「蛋」之蛋白質有嚴重過敏者，可在門/住診由熟悉處理過敏症狀之醫事人員提供接種，並於接種後觀察251分鐘，無不適症狀再離開。五、 其他經醫師評估不適合接種者，不予' \u0006",
        "twd97x": 293781.12,
        "twd97y": 2775726.83,
        "經度": 121.434045,
        "緯度": 25.08919
      }
    },
    {
      "type": "Feature",
      "geometry": {
        "type": "Point",
        "coordinates": [
          121.437956,
          25.083722
        ]
      },
      "properties": {
        "no": 3530000000.0,
        "name": "黃志勳診所",
        "tel": "2291-0978",
        "address": "新北市五股區成泰路二段69號1樓",
        "type": "診所",
        "remark": "如要接種，請先致電詢問疫苗庫存",
        "reservation": "現場",
        "own_expense": "是",
        "division": "不分科",
        "notice": "接種禁忌一、已知對疫苗的成份有過敏者，不予接種。二、過去注射曾經發生嚴重不良反應者，不予接種。接種注意事項一、 發燒或正患有急性中重疾病者，宜待病情穩定後再接種。二、 出生未滿6個月，因無使用效益及安全性等臨床資料，故不予接種。三、 先前接種本疫苗6週內曾發生Guillain-Barr? 症候群(GBS)者，宜請醫師評估。四、已知對「蛋」之蛋白質有嚴重過敏者，可在門/住診由熟悉處理過敏症狀之醫事人員提供接種，並於接種後觀察252分鐘，無不適症狀再離開。五、 其他經醫師評估不適合接種者，不予' \u0006",
        "twd97x": 294177.55,
        "twd97y": 2775122.4,
        "經度": 121.437956,
        "緯度": 25.083722
      }
    },
    {
      "type": "Feature",
      "geometry": {
        "type": "Point",
        "coordinates": [
          121.451047,
          25.101249
        ]
      },
      "properties": {
        "no": 3530000000.0,
        "name": "嘉安小兒科診所",
        "tel": "2293-5100",
        "address": "新北市五股區凌雲路一段72號",
        "type": "診所",
        "remark": "如要接種，請先致電詢問疫苗庫存",
        "reservation": "現場",
        "own_expense": "是",
        "division": "兒科",
        "notice": "接種禁忌一、已知對疫苗的成份有過敏者，不予接種。二、過去注射曾經發生嚴重不良反應者，不予接種。接種注意事項一、 發燒或正患有急性中重疾病者，宜待病情穩定後再接種。二、 出生未滿6個月，因無使用效益及安全性等臨床資料，故不予接種。三、 先前接種本疫苗6週內曾發生Guillain-Barr? 症候群(GBS)者，宜請醫師評估。四、已知對「蛋」之蛋白質有嚴重過敏者，可在門/住診由熟悉處理過敏症狀之醫事人員提供接種，並於接種後觀察253分鐘，無不適症狀再離開。五、 其他經醫師評估不適合接種者，不予' \u0006",
        "twd97x": 295491.68,
        "twd97y": 2777068.2,
        "經度": 121.451047,
        "緯度": 25.101249
      }
    },
    {
      "type": "Feature",
      "geometry": {
        "type": "Point",
        "coordinates": [
          121.437889,
          25.083605
        ]
      },
      "properties": {
        "no": 3530000000.0,
        "name": "鴻佑診所",
        "tel": "8295-0772",
        "address": "新北市五股區成泰路二段61號1樓",
        "type": "診所",
        "remark": "如要接種，請先致電詢問疫苗庫存",
        "reservation": "現場",
        "own_expense": "是",
        "division": "不分科",
        "notice": "接種禁忌一、已知對疫苗的成份有過敏者，不予接種。二、過去注射曾經發生嚴重不良反應者，不予接種。接種注意事項一、 發燒或正患有急性中重疾病者，宜待病情穩定後再接種。二、 出生未滿6個月，因無使用效益及安全性等臨床資料，故不予接種。三、 先前接種本疫苗6週內曾發生Guillain-Barr? 症候群(GBS)者，宜請醫師評估。四、已知對「蛋」之蛋白質有嚴重過敏者，可在門/住診由熟悉處理過敏症狀之醫事人員提供接種，並於接種後觀察254分鐘，無不適症狀再離開。五、 其他經醫師評估不適合接種者，不予' \u0006",
        "twd97x": 294170.9,
        "twd97y": 2775109.44,
        "經度": 121.437889,
        "緯度": 25.083605
      }
    },
    {
      "type": "Feature",
      "geometry": {
        "type": "Point",
        "coordinates": [
          121.737184,
          25.02468
        ]
      },
      "properties": {
        "no": 2330000000.0,
        "name": "平溪區衛生所",
        "tel": "2495-1015",
        "address": "新北市平溪區公園街17號",
        "type": "衛生所",
        "remark": "如要接種，請先致電詢問疫苗庫存",
        "reservation": "現場",
        "own_expense": "否",
        "division": "神經內科",
        "notice": "接種禁忌一、已知對疫苗的成份有過敏者，不予接種。二、過去注射曾經發生嚴重不良反應者，不予接種。接種注意事項一、 發燒或正患有急性中重疾病者，宜待病情穩定後再接種。二、 出生未滿6個月，因無使用效益及安全性等臨床資料，故不予接種。三、 先前接種本疫苗6週內曾發生Guillain-Barr? 症候群(GBS)者，宜請醫師評估。四、已知對「蛋」之蛋白質有嚴重過敏者，可在門/住診由熟悉處理過敏症狀之醫事人員提供接種，並於接種後觀察255分鐘，無不適症狀再離開。五、 其他經醫師評估不適合接種者，不予' \u0006",
        "twd97x": 324397.88,
        "twd97y": 2768713.69,
        "經度": 121.737184,
        "緯度": 25.02468
      }
    },
    {
      "type": "Feature",
      "geometry": {
        "type": "Point",
        "coordinates": [
          121.516231,
          25.00497
        ]
      },
      "properties": {
        "no": 2330000000.0,
        "name": "永和區衛生所",
        "tel": "3233-2780",
        "address": "新北市永和區秀朗路一段137號",
        "type": "衛生所",
        "remark": "如要接種，請先致電詢問疫苗庫存",
        "reservation": "現場",
        "own_expense": "否",
        "division": "家醫科",
        "notice": "接種禁忌一、已知對疫苗的成份有過敏者，不予接種。二、過去注射曾經發生嚴重不良反應者，不予接種。接種注意事項一、 發燒或正患有急性中重疾病者，宜待病情穩定後再接種。二、 出生未滿6個月，因無使用效益及安全性等臨床資料，故不予接種。三、 先前接種本疫苗6週內曾發生Guillain-Barr? 症候群(GBS)者，宜請醫師評估。四、已知對「蛋」之蛋白質有嚴重過敏者，可在門/住診由熟悉處理過敏症狀之醫事人員提供接種，並於接種後觀察256分鐘，無不適症狀再離開。五、 其他經醫師評估不適合接種者，不予' \u0006",
        "twd97x": 302106.8,
        "twd97y": 2766427.37,
        "經度": 121.516231,
        "緯度": 25.00497
      }
    },
    {
      "type": "Feature",
      "geometry": {
        "type": "Point",
        "coordinates": [
          121.520293,
          25.010884
        ]
      },
      "properties": {
        "no": 3530000000.0,
        "name": "友友小兒科診所",
        "tel": "8928-4686",
        "address": "新北市永和區竹林路133之1號",
        "type": "診所",
        "remark": "如要接種，請先致電詢問疫苗庫存",
        "reservation": "現場",
        "own_expense": "是",
        "division": "兒科",
        "notice": "接種禁忌一、已知對疫苗的成份有過敏者，不予接種。二、過去注射曾經發生嚴重不良反應者，不予接種。接種注意事項一、 發燒或正患有急性中重疾病者，宜待病情穩定後再接種。二、 出生未滿6個月，因無使用效益及安全性等臨床資料，故不予接種。三、 先前接種本疫苗6週內曾發生Guillain-Barr? 症候群(GBS)者，宜請醫師評估。四、已知對「蛋」之蛋白質有嚴重過敏者，可在門/住診由熟悉處理過敏症狀之醫事人員提供接種，並於接種後觀察257分鐘，無不適症狀再離開。五、 其他經醫師評估不適合接種者，不予' \u0006",
        "twd97x": 302514.3,
        "twd97y": 2767083.98,
        "經度": 121.520293,
        "緯度": 25.010884
      }
    },
    {
      "type": "Feature",
      "geometry": {
        "type": "Point",
        "coordinates": [
          121.514804,
          25.01342
        ]
      },
      "properties": {
        "no": 3530000000.0,
        "name": "文林診所",
        "tel": "2232-3300",
        "address": "新北市永和區仁愛路15號",
        "type": "診所",
        "remark": "如要接種，請先致電詢問疫苗庫存",
        "reservation": "現場",
        "own_expense": "是",
        "division": "家醫科",
        "notice": "接種禁忌一、已知對疫苗的成份有過敏者，不予接種。二、過去注射曾經發生嚴重不良反應者，不予接種。接種注意事項一、 發燒或正患有急性中重疾病者，宜待病情穩定後再接種。二、 出生未滿6個月，因無使用效益及安全性等臨床資料，故不予接種。三、 先前接種本疫苗6週內曾發生Guillain-Barr? 症候群(GBS)者，宜請醫師評估。四、已知對「蛋」之蛋白質有嚴重過敏者，可在門/住診由熟悉處理過敏症狀之醫事人員提供接種，並於接種後觀察258分鐘，無不適症狀再離開。五、 其他經醫師評估不適合接種者，不予' \u0006",
        "twd97x": 301959.19,
        "twd97y": 2767362.79,
        "經度": 121.514804,
        "緯度": 25.01342
      }
    },
    {
      "type": "Feature",
      "geometry": {
        "type": "Point",
        "coordinates": [
          121.522247,
          24.999834
        ]
      },
      "properties": {
        "no": 3530000000.0,
        "name": "王杰凱小兒科診所",
        "tel": "2929-7717",
        "address": "新北市永和區得和路275號",
        "type": "診所",
        "remark": "如要接種，請先致電詢問疫苗庫存",
        "reservation": "電話、現場",
        "own_expense": "是",
        "division": "兒科",
        "notice": "接種禁忌一、已知對疫苗的成份有過敏者，不予接種。二、過去注射曾經發生嚴重不良反應者，不予接種。接種注意事項一、 發燒或正患有急性中重疾病者，宜待病情穩定後再接種。二、 出生未滿6個月，因無使用效益及安全性等臨床資料，故不予接種。三、 先前接種本疫苗6週內曾發生Guillain-Barr? 症候群(GBS)者，宜請醫師評估。四、已知對「蛋」之蛋白質有嚴重過敏者，可在門/住診由熟悉處理過敏症狀之醫事人員提供接種，並於接種後觀察259分鐘，無不適症狀再離開。五、 其他經醫師評估不適合接種者，不予' \u0006",
        "twd97x": 302716.15,
        "twd97y": 2765860.76,
        "經度": 121.522247,
        "緯度": 24.999834
      }
    },
    {
      "type": "Feature",
      "geometry": {
        "type": "Point",
        "coordinates": [
          121.5096,
          25.009436
        ]
      },
      "properties": {
        "no": 3530000000.0,
        "name": "王英傑小兒科診所",
        "tel": "2927-9600",
        "address": "新北市永和區中山路一段158號",
        "type": "診所",
        "remark": "如要接種，請先致電詢問疫苗庫存",
        "reservation": "電話、現場",
        "own_expense": "是",
        "division": "兒科",
        "notice": "接種禁忌一、已知對疫苗的成份有過敏者，不予接種。二、過去注射曾經發生嚴重不良反應者，不予接種。接種注意事項一、 發燒或正患有急性中重疾病者，宜待病情穩定後再接種。二、 出生未滿6個月，因無使用效益及安全性等臨床資料，故不予接種。三、 先前接種本疫苗6週內曾發生Guillain-Barr? 症候群(GBS)者，宜請醫師評估。四、已知對「蛋」之蛋白質有嚴重過敏者，可在門/住診由熟悉處理過敏症狀之醫事人員提供接種，並於接種後觀察260分鐘，無不適症狀再離開。五、 其他經醫師評估不適合接種者，不予' \u0006",
        "twd97x": 301435.61,
        "twd97y": 2766919.5,
        "經度": 121.5096,
        "緯度": 25.009436
      }
    },
    {
      "type": "Feature",
      "geometry": {
        "type": "Point",
        "coordinates": [
          121.517869,
          25.011874
        ]
      },
      "properties": {
        "no": 1230000000.0,
        "name": "永和耕莘醫院",
        "tel": "2928-6060",
        "address": "新北市永和區中興街80號",
        "type": "地區醫院",
        "remark": "如要接種，請先致電詢問疫苗庫存",
        "reservation": "網路、電話、現場",
        "own_expense": "是",
        "division": "內外婦兒骨等科",
        "notice": "接種禁忌一、已知對疫苗的成份有過敏者，不予接種。二、過去注射曾經發生嚴重不良反應者，不予接種。接種注意事項一、 發燒或正患有急性中重疾病者，宜待病情穩定後再接種。二、 出生未滿6個月，因無使用效益及安全性等臨床資料，故不予接種。三、 先前接種本疫苗6週內曾發生Guillain-Barr? 症候群(GBS)者，宜請醫師評估。四、已知對「蛋」之蛋白質有嚴重過敏者，可在門/住診由熟悉處理過敏症狀之醫事人員提供接種，並於接種後觀察261分鐘，無不適症狀再離開。五、 其他經醫師評估不適合接種者，不予' \u0006",
        "twd97x": 302269.18,
        "twd97y": 2767192.65,
        "經度": 121.517869,
        "緯度": 25.011874
      }
    },
    {
      "type": "Feature",
      "geometry": {
        "type": "Point",
        "coordinates": [
          121.511943,
          25.003844
        ]
      },
      "properties": {
        "no": 1530000000.0,
        "name": "永和復康醫院",
        "tel": "2924-0925",
        "address": "新北市永和區中和路575號",
        "type": "地區醫院",
        "remark": "如要接種，請先致電詢問疫苗庫存",
        "reservation": "現場",
        "own_expense": "是",
        "division": "內科",
        "notice": "接種禁忌一、已知對疫苗的成份有過敏者，不予接種。二、過去注射曾經發生嚴重不良反應者，不予接種。接種注意事項一、 發燒或正患有急性中重疾病者，宜待病情穩定後再接種。二、 出生未滿6個月，因無使用效益及安全性等臨床資料，故不予接種。三、 先前接種本疫苗6週內曾發生Guillain-Barr? 症候群(GBS)者，宜請醫師評估。四、已知對「蛋」之蛋白質有嚴重過敏者，可在門/住診由熟悉處理過敏症狀之醫事人員提供接種，並於接種後觀察262分鐘，無不適症狀再離開。五、 其他經醫師評估不適合接種者，不予' \u0006",
        "twd97x": 301674.45,
        "twd97y": 2766300.91,
        "經度": 121.511943,
        "緯度": 25.003844
      }
    },
    {
      "type": "Feature",
      "geometry": {
        "type": "Point",
        "coordinates": [
          121.507827,
          25.011949
        ]
      },
      "properties": {
        "no": 3530000000.0,
        "name": "永愛診所",
        "tel": "2925-8680",
        "address": "新北市永和區永平路282之1號",
        "type": "診所",
        "remark": "如要接種，請先致電詢問疫苗庫存",
        "reservation": "電話、現場",
        "own_expense": "是",
        "division": "兒科",
        "notice": "接種禁忌一、已知對疫苗的成份有過敏者，不予接種。二、過去注射曾經發生嚴重不良反應者，不予接種。接種注意事項一、 發燒或正患有急性中重疾病者，宜待病情穩定後再接種。二、 出生未滿6個月，因無使用效益及安全性等臨床資料，故不予接種。三、 先前接種本疫苗6週內曾發生Guillain-Barr? 症候群(GBS)者，宜請醫師評估。四、已知對「蛋」之蛋白質有嚴重過敏者，可在門/住診由熟悉處理過敏症狀之醫事人員提供接種，並於接種後觀察263分鐘，無不適症狀再離開。五、 其他經醫師評估不適合接種者，不予' \u0006",
        "twd97x": 301255.61,
        "twd97y": 2767197.14,
        "經度": 121.507827,
        "緯度": 25.011949
      }
    },
    {
      "type": "Feature",
      "geometry": {
        "type": "Point",
        "coordinates": [
          121.518087,
          25.007595
        ]
      },
      "properties": {
        "no": 3530000000.0,
        "name": "仲信耳鼻喉科診所",
        "tel": "2924-6523",
        "address": "新北市永和區福和路268號",
        "type": "診所",
        "remark": "如要接種，請先致電詢問疫苗庫存",
        "reservation": "電話",
        "own_expense": "是",
        "division": "耳鼻喉科",
        "notice": "接種禁忌一、已知對疫苗的成份有過敏者，不予接種。二、過去注射曾經發生嚴重不良反應者，不予接種。接種注意事項一、 發燒或正患有急性中重疾病者，宜待病情穩定後再接種。二、 出生未滿6個月，因無使用效益及安全性等臨床資料，故不予接種。三、 先前接種本疫苗6週內曾發生Guillain-Barr? 症候群(GBS)者，宜請醫師評估。四、已知對「蛋」之蛋白質有嚴重過敏者，可在門/住診由熟悉處理過敏症狀之醫事人員提供接種，並於接種後觀察264分鐘，無不適症狀再離開。五、 其他經醫師評估不適合接種者，不予' \u0006",
        "twd97x": 302293.02,
        "twd97y": 2766718.79,
        "經度": 121.518087,
        "緯度": 25.007595
      }
    },
    {
      "type": "Feature",
      "geometry": {
        "type": "Point",
        "coordinates": [
          121.509243,
          25.009146
        ]
      },
      "properties": {
        "no": 3530000000.0,
        "name": "旭恩小兒科診所",
        "tel": "2922-0217",
        "address": "新北市永和區中山路一段172號",
        "type": "診所",
        "remark": "如要接種，請先致電詢問疫苗庫存",
        "reservation": "網路、電話、現場",
        "own_expense": "是",
        "division": "兒科",
        "notice": "接種禁忌一、已知對疫苗的成份有過敏者，不予接種。二、過去注射曾經發生嚴重不良反應者，不予接種。接種注意事項一、 發燒或正患有急性中重疾病者，宜待病情穩定後再接種。二、 出生未滿6個月，因無使用效益及安全性等臨床資料，故不予接種。三、 先前接種本疫苗6週內曾發生Guillain-Barr? 症候群(GBS)者，宜請醫師評估。四、已知對「蛋」之蛋白質有嚴重過敏者，可在門/住診由熟悉處理過敏症狀之醫事人員提供接種，並於接種後觀察265分鐘，無不適症狀再離開。五、 其他經醫師評估不適合接種者，不予' \u0006",
        "twd97x": 301399.63,
        "twd97y": 2766887.22,
        "經度": 121.509243,
        "緯度": 25.009146
      }
    },
    {
      "type": "Feature",
      "geometry": {
        "type": "Point",
        "coordinates": [
          121.511305,
          25.012913
        ]
      },
      "properties": {
        "no": 3530000000.0,
        "name": "吳志仁診所",
        "tel": "8660-2338",
        "address": "新北市永和區仁愛路147號",
        "type": "診所",
        "remark": "如要接種，請先致電詢問疫苗庫存",
        "reservation": "電話、現場",
        "own_expense": "是",
        "division": "兒科",
        "notice": "接種禁忌一、已知對疫苗的成份有過敏者，不予接種。二、過去注射曾經發生嚴重不良反應者，不予接種。接種注意事項一、 發燒或正患有急性中重疾病者，宜待病情穩定後再接種。二、 出生未滿6個月，因無使用效益及安全性等臨床資料，故不予接種。三、 先前接種本疫苗6週內曾發生Guillain-Barr? 症候群(GBS)者，宜請醫師評估。四、已知對「蛋」之蛋白質有嚴重過敏者，可在門/住診由熟悉處理過敏症狀之醫事人員提供接種，並於接種後觀察266分鐘，無不適症狀再離開。五、 其他經醫師評估不適合接種者，不予' \u0006",
        "twd97x": 301606.2,
        "twd97y": 2767305.27,
        "經度": 121.511305,
        "緯度": 25.012913
      }
    },
    {
      "type": "Feature",
      "geometry": {
        "type": "Point",
        "coordinates": [
          121.524964,
          24.999425
        ]
      },
      "properties": {
        "no": 3530000000.0,
        "name": "吳宗坡耳鼻喉科診所",
        "tel": "8660-3386",
        "address": "新北市永和區得和路381號",
        "type": "診所",
        "remark": "如要接種，請先致電詢問疫苗庫存",
        "reservation": "現場",
        "own_expense": "是",
        "division": "耳鼻喉科",
        "notice": "接種禁忌一、已知對疫苗的成份有過敏者，不予接種。二、過去注射曾經發生嚴重不良反應者，不予接種。接種注意事項一、 發燒或正患有急性中重疾病者，宜待病情穩定後再接種。二、 出生未滿6個月，因無使用效益及安全性等臨床資料，故不予接種。三、 先前接種本疫苗6週內曾發生Guillain-Barr? 症候群(GBS)者，宜請醫師評估。四、已知對「蛋」之蛋白質有嚴重過敏者，可在門/住診由熟悉處理過敏症狀之醫事人員提供接種，並於接種後觀察267分鐘，無不適症狀再離開。五、 其他經醫師評估不適合接種者，不予' \u0006",
        "twd97x": 302990.65,
        "twd97y": 2765816.56,
        "經度": 121.524964,
        "緯度": 24.999425
      }
    },
    {
      "type": "Feature",
      "geometry": {
        "type": "Point",
        "coordinates": [
          121.51816,
          25.01395
        ]
      },
      "properties": {
        "no": 3530000000.0,
        "name": "呂適存小兒科診所",
        "tel": "8925-5155",
        "address": "新北市永和區竹林路51號",
        "type": "診所",
        "remark": "如要接種，請先致電詢問疫苗庫存",
        "reservation": "電話、現場",
        "own_expense": "是",
        "division": "兒科",
        "notice": "接種禁忌一、已知對疫苗的成份有過敏者，不予接種。二、過去注射曾經發生嚴重不良反應者，不予接種。接種注意事項一、 發燒或正患有急性中重疾病者，宜待病情穩定後再接種。二、 出生未滿6個月，因無使用效益及安全性等臨床資料，故不予接種。三、 先前接種本疫苗6週內曾發生Guillain-Barr? 症候群(GBS)者，宜請醫師評估。四、已知對「蛋」之蛋白質有嚴重過敏者，可在門/住診由熟悉處理過敏症狀之醫事人員提供接種，並於接種後觀察268分鐘，無不適症狀再離開。五、 其他經醫師評估不適合接種者，不予' \u0006",
        "twd97x": 302297.63,
        "twd97y": 2767422.78,
        "經度": 121.51816,
        "緯度": 25.01395
      }
    },
    {
      "type": "Feature",
      "geometry": {
        "type": "Point",
        "coordinates": [
          121.515621,
          24.997615
        ]
      },
      "properties": {
        "no": 3530000000.0,
        "name": "杏日診所",
        "tel": "2942-5936",
        "address": "新北市永和區中正路111號",
        "type": "診所",
        "remark": "如要接種，請先致電詢問疫苗庫存",
        "reservation": "電話、現場",
        "own_expense": "是",
        "division": "兒科家醫科",
        "notice": "接種禁忌一、已知對疫苗的成份有過敏者，不予接種。二、過去注射曾經發生嚴重不良反應者，不予接種。接種注意事項一、 發燒或正患有急性中重疾病者，宜待病情穩定後再接種。二、 出生未滿6個月，因無使用效益及安全性等臨床資料，故不予接種。三、 先前接種本疫苗6週內曾發生Guillain-Barr? 症候群(GBS)者，宜請醫師評估。四、已知對「蛋」之蛋白質有嚴重過敏者，可在門/住診由熟悉處理過敏症狀之醫事人員提供接種，並於接種後觀察269分鐘，無不適症狀再離開。五、 其他經醫師評估不適合接種者，不予' \u0006",
        "twd97x": 302048.28,
        "twd97y": 2765612.45,
        "經度": 121.515621,
        "緯度": 24.997615
      }
    },
    {
      "type": "Feature",
      "geometry": {
        "type": "Point",
        "coordinates": [
          121.508451,
          25.008109
        ]
      },
      "properties": {
        "no": 3530000000.0,
        "name": "佳永診所",
        "tel": "2923-6069",
        "address": "新北市永和區中山路一段213號二樓",
        "type": "診所",
        "remark": "如要接種，請先致電詢問疫苗庫存",
        "reservation": "電話",
        "own_expense": "否",
        "division": "內科",
        "notice": "接種禁忌一、已知對疫苗的成份有過敏者，不予接種。二、過去注射曾經發生嚴重不良反應者，不予接種。接種注意事項一、 發燒或正患有急性中重疾病者，宜待病情穩定後再接種。二、 出生未滿6個月，因無使用效益及安全性等臨床資料，故不予接種。三、 先前接種本疫苗6週內曾發生Guillain-Barr? 症候群(GBS)者，宜請醫師評估。四、已知對「蛋」之蛋白質有嚴重過敏者，可在門/住診由熟悉處理過敏症狀之醫事人員提供接種，並於接種後觀察270分鐘，無不適症狀再離開。五、 其他經醫師評估不適合接種者，不予' \u0006",
        "twd97x": 301320.17,
        "twd97y": 2766772.1,
        "經度": 121.508451,
        "緯度": 25.008109
      }
    },
    {
      "type": "Feature",
      "geometry": {
        "type": "Point",
        "coordinates": [
          121.514084,
          25.015227
        ]
      },
      "properties": {
        "no": 3530000000.0,
        "name": "長欣診所",
        "tel": "2231-1663",
        "address": "新北市永和區文化路78號",
        "type": "診所",
        "remark": "如要接種，請先致電詢問疫苗庫存",
        "reservation": "現場",
        "own_expense": "是",
        "division": "內科",
        "notice": "接種禁忌一、已知對疫苗的成份有過敏者，不予接種。二、過去注射曾經發生嚴重不良反應者，不予接種。接種注意事項一、 發燒或正患有急性中重疾病者，宜待病情穩定後再接種。二、 出生未滿6個月，因無使用效益及安全性等臨床資料，故不予接種。三、 先前接種本疫苗6週內曾發生Guillain-Barr? 症候群(GBS)者，宜請醫師評估。四、已知對「蛋」之蛋白質有嚴重過敏者，可在門/住診由熟悉處理過敏症狀之醫事人員提供接種，並於接種後觀察271分鐘，無不適症狀再離開。五、 其他經醫師評估不適合接種者，不予' \u0006",
        "twd97x": 301885.77,
        "twd97y": 2767562.66,
        "經度": 121.514084,
        "緯度": 25.015227
      }
    },
    {
      "type": "Feature",
      "geometry": {
        "type": "Point",
        "coordinates": [
          121.511972,
          25.013221
        ]
      },
      "properties": {
        "no": 3530000000.0,
        "name": "信心診所",
        "tel": "2929-1689",
        "address": "新北市永和區仁愛路108號",
        "type": "診所",
        "remark": "如要接種，請先致電詢問疫苗庫存",
        "reservation": "電話、現場",
        "own_expense": "否",
        "division": "內科",
        "notice": "接種禁忌一、已知對疫苗的成份有過敏者，不予接種。二、過去注射曾經發生嚴重不良反應者，不予接種。接種注意事項一、 發燒或正患有急性中重疾病者，宜待病情穩定後再接種。二、 出生未滿6個月，因無使用效益及安全性等臨床資料，故不予接種。三、 先前接種本疫苗6週內曾發生Guillain-Barr? 症候群(GBS)者，宜請醫師評估。四、已知對「蛋」之蛋白質有嚴重過敏者，可在門/住診由熟悉處理過敏症狀之醫事人員提供接種，並於接種後觀察272分鐘，無不適症狀再離開。五、 其他經醫師評估不適合接種者，不予' \u0006",
        "twd97x": 301673.44,
        "twd97y": 2767339.67,
        "經度": 121.511972,
        "緯度": 25.013221
      }
    },
    {
      "type": "Feature",
      "geometry": {
        "type": "Point",
        "coordinates": [
          121.518527,
          25.007634
        ]
      },
      "properties": {
        "no": 3530000000.0,
        "name": "冠宏骨科診所",
        "tel": "2920-5237",
        "address": "新北市永和區福和路250號",
        "type": "診所",
        "remark": "如要接種，請先致電詢問疫苗庫存",
        "reservation": "網路、電話、現場",
        "own_expense": "否",
        "division": "家醫科",
        "notice": "接種禁忌一、已知對疫苗的成份有過敏者，不予接種。二、過去注射曾經發生嚴重不良反應者，不予接種。接種注意事項一、 發燒或正患有急性中重疾病者，宜待病情穩定後再接種。二、 出生未滿6個月，因無使用效益及安全性等臨床資料，故不予接種。三、 先前接種本疫苗6週內曾發生Guillain-Barr? 症候群(GBS)者，宜請醫師評估。四、已知對「蛋」之蛋白質有嚴重過敏者，可在門/住診由熟悉處理過敏症狀之醫事人員提供接種，並於接種後觀察273分鐘，無不適症狀再離開。五、 其他經醫師評估不適合接種者，不予' \u0006",
        "twd97x": 302337.4,
        "twd97y": 2766723.25,
        "經度": 121.518527,
        "緯度": 25.007634
      }
    },
    {
      "type": "Feature",
      "geometry": {
        "type": "Point",
        "coordinates": [
          121.520648,
          25.00969
        ]
      },
      "properties": {
        "no": 3530000000.0,
        "name": "洪源裕小兒科診所",
        "tel": "8925-2926",
        "address": "新北市永和區竹林路181號",
        "type": "診所",
        "remark": "如要接種，請先致電詢問疫苗庫存",
        "reservation": "電話、現場",
        "own_expense": "是",
        "division": "兒科",
        "notice": "接種禁忌一、已知對疫苗的成份有過敏者，不予接種。二、過去注射曾經發生嚴重不良反應者，不予接種。接種注意事項一、 發燒或正患有急性中重疾病者，宜待病情穩定後再接種。二、 出生未滿6個月，因無使用效益及安全性等臨床資料，故不予接種。三、 先前接種本疫苗6週內曾發生Guillain-Barr? 症候群(GBS)者，宜請醫師評估。四、已知對「蛋」之蛋白質有嚴重過敏者，可在門/住診由熟悉處理過敏症狀之醫事人員提供接種，並於接種後觀察274分鐘，無不適症狀再離開。五、 其他經醫師評估不適合接種者，不予' \u0006",
        "twd97x": 302550.6,
        "twd97y": 2766951.84,
        "經度": 121.520648,
        "緯度": 25.00969
      }
    },
    {
      "type": "Feature",
      "geometry": {
        "type": "Point",
        "coordinates": [
          121.516397,
          24.998475
        ]
      },
      "properties": {
        "no": 3530000000.0,
        "name": "洪碩壎小兒科診所",
        "tel": "2946-1171",
        "address": "新北市永和區中正路157號",
        "type": "診所",
        "remark": "如要接種，請先致電詢問疫苗庫存",
        "reservation": "電話、現場",
        "own_expense": "是",
        "division": "兒科",
        "notice": "接種禁忌一、已知對疫苗的成份有過敏者，不予接種。二、過去注射曾經發生嚴重不良反應者，不予接種。接種注意事項一、 發燒或正患有急性中重疾病者，宜待病情穩定後再接種。二、 出生未滿6個月，因無使用效益及安全性等臨床資料，故不予接種。三、 先前接種本疫苗6週內曾發生Guillain-Barr? 症候群(GBS)者，宜請醫師評估。四、已知對「蛋」之蛋白質有嚴重過敏者，可在門/住診由熟悉處理過敏症狀之醫事人員提供接種，並於接種後觀察275分鐘，無不適症狀再離開。五、 其他經醫師評估不適合接種者，不予' \u0006",
        "twd97x": 302126.22,
        "twd97y": 2765707.94,
        "經度": 121.516397,
        "緯度": 24.998475
      }
    },
    {
      "type": "Feature",
      "geometry": {
        "type": "Point",
        "coordinates": [
          121.517878,
          25.007582
        ]
      },
      "properties": {
        "no": 3530000000.0,
        "name": "美加婦產科診所",
        "tel": "2923-5133",
        "address": "新北市永和區福和路278號",
        "type": "診所",
        "remark": "如要接種，請先致電詢問疫苗庫存",
        "reservation": "電話、現場",
        "own_expense": "是",
        "division": "婦產科",
        "notice": "接種禁忌一、已知對疫苗的成份有過敏者，不予接種。二、過去注射曾經發生嚴重不良反應者，不予接種。接種注意事項一、 發燒或正患有急性中重疾病者，宜待病情穩定後再接種。二、 出生未滿6個月，因無使用效益及安全性等臨床資料，故不予接種。三、 先前接種本疫苗6週內曾發生Guillain-Barr? 症候群(GBS)者，宜請醫師評估。四、已知對「蛋」之蛋白質有嚴重過敏者，可在門/住診由熟悉處理過敏症狀之醫事人員提供接種，並於接種後觀察276分鐘，無不適症狀再離開。五、 其他經醫師評估不適合接種者，不予' \u0006",
        "twd97x": 302271.9,
        "twd97y": 2766717.31,
        "經度": 121.517878,
        "緯度": 25.007582
      }
    },
    {
      "type": "Feature",
      "geometry": {
        "type": "Point",
        "coordinates": [
          121.51084,
          25.005598
        ]
      },
      "properties": {
        "no": 3530000000.0,
        "name": "健新耳鼻喉科診所",
        "tel": "8921-0657",
        "address": "新北市永和區永貞路297號",
        "type": "診所",
        "remark": "如要接種，請先致電詢問疫苗庫存",
        "reservation": "電話、現場",
        "own_expense": "是",
        "division": "耳鼻喉科",
        "notice": "接種禁忌一、已知對疫苗的成份有過敏者，不予接種。二、過去注射曾經發生嚴重不良反應者，不予接種。接種注意事項一、 發燒或正患有急性中重疾病者，宜待病情穩定後再接種。二、 出生未滿6個月，因無使用效益及安全性等臨床資料，故不予接種。三、 先前接種本疫苗6週內曾發生Guillain-Barr? 症候群(GBS)者，宜請醫師評估。四、已知對「蛋」之蛋白質有嚴重過敏者，可在門/住診由熟悉處理過敏症狀之醫事人員提供接種，並於接種後觀察277分鐘，無不適症狀再離開。五、 其他經醫師評估不適合接種者，不予' \u0006",
        "twd97x": 301562.34,
        "twd97y": 2766494.78,
        "經度": 121.51084,
        "緯度": 25.005598
      }
    },
    {
      "type": "Feature",
      "geometry": {
        "type": "Point",
        "coordinates": [
          121.526739,
          24.998144
        ]
      },
      "properties": {
        "no": 3530000000.0,
        "name": "崇恩診所",
        "tel": "8921-0079",
        "address": "新北市永和區成功路二段133號",
        "type": "診所",
        "remark": "如要接種，請先致電詢問疫苗庫存",
        "reservation": "現場",
        "own_expense": "是",
        "division": "家醫科",
        "notice": "接種禁忌一、已知對疫苗的成份有過敏者，不予接種。二、過去注射曾經發生嚴重不良反應者，不予接種。接種注意事項一、 發燒或正患有急性中重疾病者，宜待病情穩定後再接種。二、 出生未滿6個月，因無使用效益及安全性等臨床資料，故不予接種。三、 先前接種本疫苗6週內曾發生Guillain-Barr? 症候群(GBS)者，宜請醫師評估。四、已知對「蛋」之蛋白質有嚴重過敏者，可在門/住診由熟悉處理過敏症狀之醫事人員提供接種，並於接種後觀察278分鐘，無不適症狀再離開。五、 其他經醫師評估不適合接種者，不予' \u0006",
        "twd97x": 303170.4,
        "twd97y": 2765675.33,
        "經度": 121.526739,
        "緯度": 24.998144
      }
    },
    {
      "type": "Feature",
      "geometry": {
        "type": "Point",
        "coordinates": [
          121.507147,
          25.007093
        ]
      },
      "properties": {
        "no": 3530000000.0,
        "name": "御生婦幼診所",
        "tel": "2923-1818",
        "address": "新北市永和區中山路一段277號",
        "type": "診所",
        "remark": "如要接種，請先致電詢問疫苗庫存",
        "reservation": "電話、現場",
        "own_expense": "是",
        "division": "婦產科兒科",
        "notice": "接種禁忌一、已知對疫苗的成份有過敏者，不予接種。二、過去注射曾經發生嚴重不良反應者，不予接種。接種注意事項一、 發燒或正患有急性中重疾病者，宜待病情穩定後再接種。二、 出生未滿6個月，因無使用效益及安全性等臨床資料，故不予接種。三、 先前接種本疫苗6週內曾發生Guillain-Barr? 症候群(GBS)者，宜請醫師評估。四、已知對「蛋」之蛋白質有嚴重過敏者，可在門/住診由熟悉處理過敏症狀之醫事人員提供接種，並於接種後觀察279分鐘，無不適症狀再離開。五、 其他經醫師評估不適合接種者，不予' \u0006",
        "twd97x": 301188.94,
        "twd97y": 2766658.99,
        "經度": 121.507147,
        "緯度": 25.007093
      }
    },
    {
      "type": "Feature",
      "geometry": {
        "type": "Point",
        "coordinates": [
          121.521636,
          25.002998
        ]
      },
      "properties": {
        "no": 3530000000.0,
        "name": "清池診所",
        "tel": "2924-1364",
        "address": "新北市永和區永利路122號",
        "type": "診所",
        "remark": "如要接種，請先致電詢問疫苗庫存",
        "reservation": "現場",
        "own_expense": "否",
        "division": "內科",
        "notice": "接種禁忌一、已知對疫苗的成份有過敏者，不予接種。二、過去注射曾經發生嚴重不良反應者，不予接種。接種注意事項一、 發燒或正患有急性中重疾病者，宜待病情穩定後再接種。二、 出生未滿6個月，因無使用效益及安全性等臨床資料，故不予接種。三、 先前接種本疫苗6週內曾發生Guillain-Barr? 症候群(GBS)者，宜請醫師評估。四、已知對「蛋」之蛋白質有嚴重過敏者，可在門/住診由熟悉處理過敏症狀之醫事人員提供接種，並於接種後觀察280分鐘，無不適症狀再離開。五、 其他經醫師評估不適合接種者，不予' \u0006",
        "twd97x": 302653.18,
        "twd97y": 2766211.0,
        "經度": 121.521636,
        "緯度": 25.002998
      }
    },
    {
      "type": "Feature",
      "geometry": {
        "type": "Point",
        "coordinates": [
          121.519634,
          25.007552
        ]
      },
      "properties": {
        "no": 3530000000.0,
        "name": "章志平小兒科診所",
        "tel": "8921-9112",
        "address": "新北市永和區福和路195號",
        "type": "診所",
        "remark": "如要接種，請先致電詢問疫苗庫存",
        "reservation": "電話、現場",
        "own_expense": "是",
        "division": "兒科",
        "notice": "接種禁忌一、已知對疫苗的成份有過敏者，不予接種。二、過去注射曾經發生嚴重不良反應者，不予接種。接種注意事項一、 發燒或正患有急性中重疾病者，宜待病情穩定後再接種。二、 出生未滿6個月，因無使用效益及安全性等臨床資料，故不予接種。三、 先前接種本疫苗6週內曾發生Guillain-Barr? 症候群(GBS)者，宜請醫師評估。四、已知對「蛋」之蛋白質有嚴重過敏者，可在門/住診由熟悉處理過敏症狀之醫事人員提供接種，並於接種後觀察281分鐘，無不適症狀再離開。五、 其他經醫師評估不適合接種者，不予' \u0006",
        "twd97x": 302449.2,
        "twd97y": 2766714.64,
        "經度": 121.519634,
        "緯度": 25.007552
      }
    },
    {
      "type": "Feature",
      "geometry": {
        "type": "Point",
        "coordinates": [
          121.514723,
          25.013599
        ]
      },
      "properties": {
        "no": 3530000000.0,
        "name": "博新小兒科家庭醫學科診所",
        "tel": "3233-4150",
        "address": "新北市永和區仁愛路24號",
        "type": "診所",
        "remark": "如要接種，請先致電詢問疫苗庫存",
        "reservation": "電話、現場",
        "own_expense": "是",
        "division": "兒科家醫科",
        "notice": "接種禁忌一、已知對疫苗的成份有過敏者，不予接種。二、過去注射曾經發生嚴重不良反應者，不予接種。接種注意事項一、 發燒或正患有急性中重疾病者，宜待病情穩定後再接種。二、 出生未滿6個月，因無使用效益及安全性等臨床資料，故不予接種。三、 先前接種本疫苗6週內曾發生Guillain-Barr? 症候群(GBS)者，宜請醫師評估。四、已知對「蛋」之蛋白質有嚴重過敏者，可在門/住診由熟悉處理過敏症狀之醫事人員提供接種，並於接種後觀察282分鐘，無不適症狀再離開。五、 其他經醫師評估不適合接種者，不予' \u0006",
        "twd97x": 301950.94,
        "twd97y": 2767382.57,
        "經度": 121.514723,
        "緯度": 25.013599
      }
    },
    {
      "type": "Feature",
      "geometry": {
        "type": "Point",
        "coordinates": [
          121.516812,
          25.01496
        ]
      },
      "properties": {
        "no": 3530000000.0,
        "name": "惠生聯合診所",
        "tel": "8925-5951",
        "address": "新北市永和區竹林路13號",
        "type": "診所",
        "remark": "如要接種，請先致電詢問疫苗庫存",
        "reservation": "電話、現場",
        "own_expense": "否",
        "division": "內科",
        "notice": "接種禁忌一、已知對疫苗的成份有過敏者，不予接種。二、過去注射曾經發生嚴重不良反應者，不予接種。接種注意事項一、 發燒或正患有急性中重疾病者，宜待病情穩定後再接種。二、 出生未滿6個月，因無使用效益及安全性等臨床資料，故不予接種。三、 先前接種本疫苗6週內曾發生Guillain-Barr? 症候群(GBS)者，宜請醫師評估。四、已知對「蛋」之蛋白質有嚴重過敏者，可在門/住診由熟悉處理過敏症狀之醫事人員提供接種，並於接種後觀察283分鐘，無不適症狀再離開。五、 其他經醫師評估不適合接種者，不予' \u0006",
        "twd97x": 302161.21,
        "twd97y": 2767534.09,
        "經度": 121.516812,
        "緯度": 25.01496
      }
    },
    {
      "type": "Feature",
      "geometry": {
        "type": "Point",
        "coordinates": [
          121.507476,
          25.013858
        ]
      },
      "properties": {
        "no": 3530000000.0,
        "name": "惠恩診所",
        "tel": "2924-9333",
        "address": "新北市永和區保安路212之1號",
        "type": "診所",
        "remark": "如要接種，請先致電詢問疫苗庫存",
        "reservation": "現場",
        "own_expense": "是",
        "division": "內科家醫科",
        "notice": "接種禁忌一、已知對疫苗的成份有過敏者，不予接種。二、過去注射曾經發生嚴重不良反應者，不予接種。接種注意事項一、 發燒或正患有急性中重疾病者，宜待病情穩定後再接種。二、 出生未滿6個月，因無使用效益及安全性等臨床資料，故不予接種。三、 先前接種本疫苗6週內曾發生Guillain-Barr? 症候群(GBS)者，宜請醫師評估。四、已知對「蛋」之蛋白質有嚴重過敏者，可在門/住診由熟悉處理過敏症狀之醫事人員提供接種，並於接種後觀察284分鐘，無不適症狀再離開。五、 其他經醫師評估不適合接種者，不予' \u0006",
        "twd97x": 301219.31,
        "twd97y": 2767408.52,
        "經度": 121.507476,
        "緯度": 25.013858
      }
    },
    {
      "type": "Feature",
      "geometry": {
        "type": "Point",
        "coordinates": [
          121.52351,
          24.999438
        ]
      },
      "properties": {
        "no": 3530000000.0,
        "name": "曾怡仁診所",
        "tel": "2940-8626",
        "address": "新北市永和區得和路340號",
        "type": "診所",
        "remark": "如要接種，請先致電詢問疫苗庫存",
        "reservation": "現場",
        "own_expense": "是",
        "division": "兒科",
        "notice": "接種禁忌一、已知對疫苗的成份有過敏者，不予接種。二、過去注射曾經發生嚴重不良反應者，不予接種。接種注意事項一、 發燒或正患有急性中重疾病者，宜待病情穩定後再接種。二、 出生未滿6個月，因無使用效益及安全性等臨床資料，故不予接種。三、 先前接種本疫苗6週內曾發生Guillain-Barr? 症候群(GBS)者，宜請醫師評估。四、已知對「蛋」之蛋白質有嚴重過敏者，可在門/住診由熟悉處理過敏症狀之醫事人員提供接種，並於接種後觀察285分鐘，無不適症狀再離開。五、 其他經醫師評估不適合接種者，不予' \u0006",
        "twd97x": 302843.9,
        "twd97y": 2765817.41,
        "經度": 121.52351,
        "緯度": 24.999438
      }
    },
    {
      "type": "Feature",
      "geometry": {
        "type": "Point",
        "coordinates": [
          121.517581,
          25.000293
        ]
      },
      "properties": {
        "no": 3530000000.0,
        "name": "逸全診所",
        "tel": "2929-5111",
        "address": "新北市永和區中正路253號六樓",
        "type": "診所",
        "remark": "如要接種，請先致電詢問疫苗庫存",
        "reservation": "電話",
        "own_expense": "否",
        "division": "內科",
        "notice": "接種禁忌一、已知對疫苗的成份有過敏者，不予接種。二、過去注射曾經發生嚴重不良反應者，不予接種。接種注意事項一、 發燒或正患有急性中重疾病者，宜待病情穩定後再接種。二、 出生未滿6個月，因無使用效益及安全性等臨床資料，故不予接種。三、 先前接種本疫苗6週內曾發生Guillain-Barr? 症候群(GBS)者，宜請醫師評估。四、已知對「蛋」之蛋白質有嚴重過敏者，可在門/住診由熟悉處理過敏症狀之醫事人員提供接種，並於接種後觀察286分鐘，無不適症狀再離開。五、 其他經醫師評估不適合接種者，不予' \u0006",
        "twd97x": 302245.01,
        "twd97y": 2765909.82,
        "經度": 121.517581,
        "緯度": 25.000293
      }
    },
    {
      "type": "Feature",
      "geometry": {
        "type": "Point",
        "coordinates": [
          121.513165,
          25.007228
        ]
      },
      "properties": {
        "no": 3530000000.0,
        "name": "逸原診所",
        "tel": "2925-3300   2925-5500",
        "address": "新北市永和區永和路一段69號",
        "type": "診所",
        "remark": "如要接種，請先致電詢問疫苗庫存",
        "reservation": "電話、現場",
        "own_expense": "是",
        "division": "內科",
        "notice": "接種禁忌一、已知對疫苗的成份有過敏者，不予接種。二、過去注射曾經發生嚴重不良反應者，不予接種。接種注意事項一、 發燒或正患有急性中重疾病者，宜待病情穩定後再接種。二、 出生未滿6個月，因無使用效益及安全性等臨床資料，故不予接種。三、 先前接種本疫苗6週內曾發生Guillain-Barr? 症候群(GBS)者，宜請醫師評估。四、已知對「蛋」之蛋白質有嚴重過敏者，可在門/住診由熟悉處理過敏症狀之醫事人員提供接種，並於接種後觀察287分鐘，無不適症狀再離開。五、 其他經醫師評估不適合接種者，不予' \u0006",
        "twd97x": 301796.29,
        "twd97y": 2766676.22,
        "經度": 121.513165,
        "緯度": 25.007228
      }
    },
    {
      "type": "Feature",
      "geometry": {
        "type": "Point",
        "coordinates": [
          121.514931,
          24.996875
        ]
      },
      "properties": {
        "no": 3530000000.0,
        "name": "順誠耳鼻喉科診所",
        "tel": "8668-0361",
        "address": "新北市永和區中正路75號",
        "type": "診所",
        "remark": "如要接種，請先致電詢問疫苗庫存",
        "reservation": "網路、現場",
        "own_expense": "是",
        "division": "耳鼻喉科",
        "notice": "接種禁忌一、已知對疫苗的成份有過敏者，不予接種。二、過去注射曾經發生嚴重不良反應者，不予接種。接種注意事項一、 發燒或正患有急性中重疾病者，宜待病情穩定後再接種。二、 出生未滿6個月，因無使用效益及安全性等臨床資料，故不予接種。三、 先前接種本疫苗6週內曾發生Guillain-Barr? 症候群(GBS)者，宜請醫師評估。四、已知對「蛋」之蛋白質有嚴重過敏者，可在門/住診由熟悉處理過敏症狀之醫事人員提供接種，並於接種後觀察288分鐘，無不適症狀再離開。五、 其他經醫師評估不適合接種者，不予' \u0006",
        "twd97x": 301978.96,
        "twd97y": 2765530.17,
        "經度": 121.514931,
        "緯度": 24.996875
      }
    },
    {
      "type": "Feature",
      "geometry": {
        "type": "Point",
        "coordinates": [
          121.526801,
          24.998949
        ]
      },
      "properties": {
        "no": 3530000000.0,
        "name": "黃濂輝診所",
        "tel": "2926-6264",
        "address": "新北市永和區成功路二段105號",
        "type": "診所",
        "remark": "如要接種，請先致電詢問疫苗庫存",
        "reservation": "電話、現場",
        "own_expense": "否",
        "division": "內科",
        "notice": "接種禁忌一、已知對疫苗的成份有過敏者，不予接種。二、過去注射曾經發生嚴重不良反應者，不予接種。接種注意事項一、 發燒或正患有急性中重疾病者，宜待病情穩定後再接種。二、 出生未滿6個月，因無使用效益及安全性等臨床資料，故不予接種。三、 先前接種本疫苗6週內曾發生Guillain-Barr? 症候群(GBS)者，宜請醫師評估。四、已知對「蛋」之蛋白質有嚴重過敏者，可在門/住診由熟悉處理過敏症狀之醫事人員提供接種，並於接種後觀察289分鐘，無不適症狀再離開。五、 其他經醫師評估不適合接種者，不予' \u0006",
        "twd97x": 303176.26,
        "twd97y": 2765764.57,
        "經度": 121.526801,
        "緯度": 24.998949
      }
    },
    {
      "type": "Feature",
      "geometry": {
        "type": "Point",
        "coordinates": [
          121.519508,
          25.007535
        ]
      },
      "properties": {
        "no": 3530000000.0,
        "name": "愛兒小兒科診所",
        "tel": "2923-3317",
        "address": "新北市永和區福和路199號",
        "type": "診所",
        "remark": "如要接種，請先致電詢問疫苗庫存",
        "reservation": "電話、現場",
        "own_expense": "是",
        "division": "兒科",
        "notice": "接種禁忌一、已知對疫苗的成份有過敏者，不予接種。二、過去注射曾經發生嚴重不良反應者，不予接種。接種注意事項一、 發燒或正患有急性中重疾病者，宜待病情穩定後再接種。二、 出生未滿6個月，因無使用效益及安全性等臨床資料，故不予接種。三、 先前接種本疫苗6週內曾發生Guillain-Barr? 症候群(GBS)者，宜請醫師評估。四、已知對「蛋」之蛋白質有嚴重過敏者，可在門/住診由熟悉處理過敏症狀之醫事人員提供接種，並於接種後觀察290分鐘，無不適症狀再離開。五、 其他經醫師評估不適合接種者，不予' \u0006",
        "twd97x": 302436.47,
        "twd97y": 2766712.68,
        "經度": 121.519508,
        "緯度": 25.007535
      }
    },
    {
      "type": "Feature",
      "geometry": {
        "type": "Point",
        "coordinates": [
          121.526807,
          24.999059
        ]
      },
      "properties": {
        "no": 3530000000.0,
        "name": "愛鄰診所",
        "tel": "2929-6465",
        "address": "新北市永和區成功路二段99號",
        "type": "診所",
        "remark": "如要接種，請先致電詢問疫苗庫存",
        "reservation": "網路、電話、現場",
        "own_expense": "是",
        "division": "婦產科",
        "notice": "接種禁忌一、已知對疫苗的成份有過敏者，不予接種。二、過去注射曾經發生嚴重不良反應者，不予接種。接種注意事項一、 發燒或正患有急性中重疾病者，宜待病情穩定後再接種。二、 出生未滿6個月，因無使用效益及安全性等臨床資料，故不予接種。三、 先前接種本疫苗6週內曾發生Guillain-Barr? 症候群(GBS)者，宜請醫師評估。四、已知對「蛋」之蛋白質有嚴重過敏者，可在門/住診由熟悉處理過敏症狀之醫事人員提供接種，並於接種後觀察291分鐘，無不適症狀再離開。五、 其他經醫師評估不適合接種者，不予' \u0006",
        "twd97x": 303176.79,
        "twd97y": 2765776.74,
        "經度": 121.526807,
        "緯度": 24.999059
      }
    },
    {
      "type": "Feature",
      "geometry": {
        "type": "Point",
        "coordinates": [
          121.503743,
          25.007946
        ]
      },
      "properties": {
        "no": 3530000000.0,
        "name": "楊安診所",
        "tel": "2927-2369",
        "address": "新北市永和區仁愛路303號",
        "type": "診所",
        "remark": "如要接種，請先致電詢問疫苗庫存",
        "reservation": "現場",
        "own_expense": "是",
        "division": "兒科",
        "notice": "接種禁忌一、已知對疫苗的成份有過敏者，不予接種。二、過去注射曾經發生嚴重不良反應者，不予接種。接種注意事項一、 發燒或正患有急性中重疾病者，宜待病情穩定後再接種。二、 出生未滿6個月，因無使用效益及安全性等臨床資料，故不予接種。三、 先前接種本疫苗6週內曾發生Guillain-Barr? 症候群(GBS)者，宜請醫師評估。四、已知對「蛋」之蛋白質有嚴重過敏者，可在門/住診由熟悉處理過敏症狀之醫事人員提供接種，並於接種後觀察292分鐘，無不適症狀再離開。五、 其他經醫師評估不適合接種者，不予' \u0006",
        "twd97x": 300844.97,
        "twd97y": 2766752.27,
        "經度": 121.503743,
        "緯度": 25.007946
      }
    },
    {
      "type": "Feature",
      "geometry": {
        "type": "Point",
        "coordinates": [
          121.515224,
          25.013207
        ]
      },
      "properties": {
        "no": 3530000000.0,
        "name": "誠新耳鼻喉科診所",
        "tel": "2231-8000",
        "address": "新北市永和區永和路二段173號",
        "type": "診所",
        "remark": "如要接種，請先致電詢問疫苗庫存",
        "reservation": "現場",
        "own_expense": "是",
        "division": "耳鼻喉科",
        "notice": "接種禁忌一、已知對疫苗的成份有過敏者，不予接種。二、過去注射曾經發生嚴重不良反應者，不予接種。接種注意事項一、 發燒或正患有急性中重疾病者，宜待病情穩定後再接種。二、 出生未滿6個月，因無使用效益及安全性等臨床資料，故不予接種。三、 先前接種本疫苗6週內曾發生Guillain-Barr? 症候群(GBS)者，宜請醫師評估。四、已知對「蛋」之蛋白質有嚴重過敏者，可在門/住診由熟悉處理過敏症狀之醫事人員提供接種，並於接種後觀察293分鐘，無不適症狀再離開。五、 其他經醫師評估不適合接種者，不予' \u0006",
        "twd97x": 302001.62,
        "twd97y": 2767339.27,
        "經度": 121.515224,
        "緯度": 25.013207
      }
    },
    {
      "type": "Feature",
      "geometry": {
        "type": "Point",
        "coordinates": [
          121.524036,
          24.99956
        ]
      },
      "properties": {
        "no": 3530000000.0,
        "name": "劉宗健小兒科診所",
        "tel": "2925-3128",
        "address": "新北市永和區得和路347號",
        "type": "診所",
        "remark": "如要接種，請先致電詢問疫苗庫存",
        "reservation": "電話、現場",
        "own_expense": "否",
        "division": "兒科",
        "notice": "接種禁忌一、已知對疫苗的成份有過敏者，不予接種。二、過去注射曾經發生嚴重不良反應者，不予接種。接種注意事項一、 發燒或正患有急性中重疾病者，宜待病情穩定後再接種。二、 出生未滿6個月，因無使用效益及安全性等臨床資料，故不予接種。三、 先前接種本疫苗6週內曾發生Guillain-Barr? 症候群(GBS)者，宜請醫師評估。四、已知對「蛋」之蛋白質有嚴重過敏者，可在門/住診由熟悉處理過敏症狀之醫事人員提供接種，並於接種後觀察294分鐘，無不適症狀再離開。五、 其他經醫師評估不適合接種者，不予' \u0006",
        "twd97x": 302896.86,
        "twd97y": 2765831.12,
        "經度": 121.524036,
        "緯度": 24.99956
      }
    },
    {
      "type": "Feature",
      "geometry": {
        "type": "Point",
        "coordinates": [
          121.514465,
          24.995903
        ]
      },
      "properties": {
        "no": 3530000000.0,
        "name": "德上診所",
        "tel": "2940-3938",
        "address": "新北市永和區中正路106號",
        "type": "診所",
        "remark": "如要接種，請先致電詢問疫苗庫存",
        "reservation": "現場",
        "own_expense": "是",
        "division": "內科",
        "notice": "接種禁忌一、已知對疫苗的成份有過敏者，不予接種。二、過去注射曾經發生嚴重不良反應者，不予接種。接種注意事項一、 發燒或正患有急性中重疾病者，宜待病情穩定後再接種。二、 出生未滿6個月，因無使用效益及安全性等臨床資料，故不予接種。三、 先前接種本疫苗6週內曾發生Guillain-Barr? 症候群(GBS)者，宜請醫師評估。四、已知對「蛋」之蛋白質有嚴重過敏者，可在門/住診由熟悉處理過敏症狀之醫事人員提供接種，並於接種後觀察295分鐘，無不適症狀再離開。五、 其他經醫師評估不適合接種者，不予' \u0006",
        "twd97x": 301932.29,
        "twd97y": 2765422.38,
        "經度": 121.514465,
        "緯度": 24.995903
      }
    },
    {
      "type": "Feature",
      "geometry": {
        "type": "Point",
        "coordinates": [
          121.516994,
          25.005608
        ]
      },
      "properties": {
        "no": 3530000000.0,
        "name": "德美診所",
        "tel": "2927-3001",
        "address": "新北市永和區中正路455之1號",
        "type": "診所",
        "remark": "如要接種，請先致電詢問疫苗庫存",
        "reservation": "現場",
        "own_expense": "是",
        "division": "家醫科",
        "notice": "接種禁忌一、已知對疫苗的成份有過敏者，不予接種。二、過去注射曾經發生嚴重不良反應者，不予接種。接種注意事項一、 發燒或正患有急性中重疾病者，宜待病情穩定後再接種。二、 出生未滿6個月，因無使用效益及安全性等臨床資料，故不予接種。三、 先前接種本疫苗6週內曾發生Guillain-Barr? 症候群(GBS)者，宜請醫師評估。四、已知對「蛋」之蛋白質有嚴重過敏者，可在門/住診由熟悉處理過敏症狀之醫事人員提供接種，並於接種後觀察296分鐘，無不適症狀再離開。五、 其他經醫師評估不適合接種者，不予' \u0006",
        "twd97x": 302183.53,
        "twd97y": 2766498.28,
        "經度": 121.516994,
        "緯度": 25.005608
      }
    },
    {
      "type": "Feature",
      "geometry": {
        "type": "Point",
        "coordinates": [
          121.520707,
          25.008102
        ]
      },
      "properties": {
        "no": 3530000000.0,
        "name": "德謙耳鼻喉科診所",
        "tel": "2926-5690",
        "address": "新北市永和區竹林路216號",
        "type": "診所",
        "remark": "如要接種，請先致電詢問疫苗庫存",
        "reservation": "電話、現場",
        "own_expense": "是",
        "division": "耳鼻喉科",
        "notice": "接種禁忌一、已知對疫苗的成份有過敏者，不予接種。二、過去注射曾經發生嚴重不良反應者，不予接種。接種注意事項一、 發燒或正患有急性中重疾病者，宜待病情穩定後再接種。二、 出生未滿6個月，因無使用效益及安全性等臨床資料，故不予接種。三、 先前接種本疫苗6週內曾發生Guillain-Barr? 症候群(GBS)者，宜請醫師評估。四、已知對「蛋」之蛋白質有嚴重過敏者，可在門/住診由熟悉處理過敏症狀之醫事人員提供接種，並於接種後觀察297分鐘，無不適症狀再離開。五、 其他經醫師評估不適合接種者，不予' \u0006",
        "twd97x": 302557.26,
        "twd97y": 2766776.0,
        "經度": 121.520707,
        "緯度": 25.008102
      }
    },
    {
      "type": "Feature",
      "geometry": {
        "type": "Point",
        "coordinates": [
          121.520229,
          24.999944
        ]
      },
      "properties": {
        "no": 3530000000.0,
        "name": "蕭正貴小兒科家庭醫學科診所",
        "tel": "2942-8333",
        "address": "新北市永和區得和路198號",
        "type": "診所",
        "remark": "如要接種，請先致電詢問疫苗庫存",
        "reservation": "電話、現場",
        "own_expense": "是",
        "division": "兒科家醫科",
        "notice": "接種禁忌一、已知對疫苗的成份有過敏者，不予接種。二、過去注射曾經發生嚴重不良反應者，不予接種。接種注意事項一、 發燒或正患有急性中重疾病者，宜待病情穩定後再接種。二、 出生未滿6個月，因無使用效益及安全性等臨床資料，故不予接種。三、 先前接種本疫苗6週內曾發生Guillain-Barr? 症候群(GBS)者，宜請醫師評估。四、已知對「蛋」之蛋白質有嚴重過敏者，可在門/住診由熟悉處理過敏症狀之醫事人員提供接種，並於接種後觀察298分鐘，無不適症狀再離開。五、 其他經醫師評估不適合接種者，不予' \u0006",
        "twd97x": 302512.43,
        "twd97y": 2765872.22,
        "經度": 121.520229,
        "緯度": 24.999944
      }
    },
    {
      "type": "Feature",
      "geometry": {
        "type": "Point",
        "coordinates": [
          121.518315,
          25.00762
        ]
      },
      "properties": {
        "no": 3530000000.0,
        "name": "蕭佩宏小兒科診所",
        "tel": "8660-7115",
        "address": "新北市永和區福和路258號",
        "type": "診所",
        "remark": "如要接種，請先致電詢問疫苗庫存",
        "reservation": "電話、現場",
        "own_expense": "是",
        "division": "兒科",
        "notice": "接種禁忌一、已知對疫苗的成份有過敏者，不予接種。二、過去注射曾經發生嚴重不良反應者，不予接種。接種注意事項一、 發燒或正患有急性中重疾病者，宜待病情穩定後再接種。二、 出生未滿6個月，因無使用效益及安全性等臨床資料，故不予接種。三、 先前接種本疫苗6週內曾發生Guillain-Barr? 症候群(GBS)者，宜請醫師評估。四、已知對「蛋」之蛋白質有嚴重過敏者，可在門/住診由熟悉處理過敏症狀之醫事人員提供接種，並於接種後觀察299分鐘，無不適症狀再離開。五、 其他經醫師評估不適合接種者，不予' \u0006",
        "twd97x": 302315.95,
        "twd97y": 2766721.67,
        "經度": 121.518315,
        "緯度": 25.00762
      }
    },
    {
      "type": "Feature",
      "geometry": {
        "type": "Point",
        "coordinates": [
          121.519618,
          25.012456
        ]
      },
      "properties": {
        "no": 3530000000.0,
        "name": "謝璧光小兒科診所",
        "tel": "8926-2388",
        "address": "新北市永和區竹林路81號",
        "type": "診所",
        "remark": "如要接種，請先致電詢問疫苗庫存",
        "reservation": "電話、現場",
        "own_expense": "是",
        "division": "兒科",
        "notice": "接種禁忌一、已知對疫苗的成份有過敏者，不予接種。二、過去注射曾經發生嚴重不良反應者，不予接種。接種注意事項一、 發燒或正患有急性中重疾病者，宜待病情穩定後再接種。二、 出生未滿6個月，因無使用效益及安全性等臨床資料，故不予接種。三、 先前接種本疫苗6週內曾發生Guillain-Barr? 症候群(GBS)者，宜請醫師評估。四、已知對「蛋」之蛋白質有嚴重過敏者，可在門/住診由熟悉處理過敏症狀之醫事人員提供接種，並於接種後觀察300分鐘，無不適症狀再離開。五、 其他經醫師評估不適合接種者，不予' \u0006",
        "twd97x": 302445.46,
        "twd97y": 2767257.88,
        "經度": 121.519618,
        "緯度": 25.012456
      }
    },
    {
      "type": "Feature",
      "geometry": {
        "type": "Point",
        "coordinates": [
          121.522732,
          25.008087
        ]
      },
      "properties": {
        "no": 3530000000.0,
        "name": "鍾婦產科診所",
        "tel": "8928-8899",
        "address": "新北市永和區福和路84號",
        "type": "診所",
        "remark": "如要接種，請先致電詢問疫苗庫存",
        "reservation": "網路、電話",
        "own_expense": "是",
        "division": "婦產科",
        "notice": "接種禁忌一、已知對疫苗的成份有過敏者，不予接種。二、過去注射曾經發生嚴重不良反應者，不予接種。接種注意事項一、 發燒或正患有急性中重疾病者，宜待病情穩定後再接種。二、 出生未滿6個月，因無使用效益及安全性等臨床資料，故不予接種。三、 先前接種本疫苗6週內曾發生Guillain-Barr? 症候群(GBS)者，宜請醫師評估。四、已知對「蛋」之蛋白質有嚴重過敏者，可在門/住診由熟悉處理過敏症狀之醫事人員提供接種，並於接種後觀察301分鐘，無不適症狀再離開。五、 其他經醫師評估不適合接種者，不予' \u0006",
        "twd97x": 302761.62,
        "twd97y": 2766775.15,
        "經度": 121.522732,
        "緯度": 25.008087
      }
    },
    {
      "type": "Feature",
      "geometry": {
        "type": "Point",
        "coordinates": [
          121.507539,
          25.007383
        ]
      },
      "properties": {
        "no": 3530000000.0,
        "name": "醫憲診所",
        "tel": "2926-8666",
        "address": "新北市永和區中山路一段259號",
        "type": "診所",
        "remark": "如要接種，請先致電詢問疫苗庫存",
        "reservation": "電話、現場",
        "own_expense": "是",
        "division": "內科",
        "notice": "接種禁忌一、已知對疫苗的成份有過敏者，不予接種。二、過去注射曾經發生嚴重不良反應者，不予接種。接種注意事項一、 發燒或正患有急性中重疾病者，宜待病情穩定後再接種。二、 出生未滿6個月，因無使用效益及安全性等臨床資料，故不予接種。三、 先前接種本疫苗6週內曾發生Guillain-Barr? 症候群(GBS)者，宜請醫師評估。四、已知對「蛋」之蛋白質有嚴重過敏者，可在門/住診由熟悉處理過敏症狀之醫事人員提供接種，並於接種後觀察302分鐘，無不適症狀再離開。五、 其他經醫師評估不適合接種者，不予' \u0006",
        "twd97x": 301228.36,
        "twd97y": 2766691.27,
        "經度": 121.507539,
        "緯度": 25.007383
      }
    },
    {
      "type": "Feature",
      "geometry": {
        "type": "Point",
        "coordinates": [
          121.520229,
          24.999944
        ]
      },
      "properties": {
        "no": 3530000000.0,
        "name": "羅廣石診所",
        "tel": "2942-8333",
        "address": "新北市永和區得和路198號",
        "type": "診所",
        "remark": "如要接種，請先致電詢問疫苗庫存",
        "reservation": "電話、現場",
        "own_expense": "是",
        "division": "兒科家醫科",
        "notice": "接種禁忌一、已知對疫苗的成份有過敏者，不予接種。二、過去注射曾經發生嚴重不良反應者，不予接種。接種注意事項一、 發燒或正患有急性中重疾病者，宜待病情穩定後再接種。二、 出生未滿6個月，因無使用效益及安全性等臨床資料，故不予接種。三、 先前接種本疫苗6週內曾發生Guillain-Barr? 症候群(GBS)者，宜請醫師評估。四、已知對「蛋」之蛋白質有嚴重過敏者，可在門/住診由熟悉處理過敏症狀之醫事人員提供接種，並於接種後觀察303分鐘，無不適症狀再離開。五、 其他經醫師評估不適合接種者，不予' \u0006",
        "twd97x": 302512.43,
        "twd97y": 2765872.22,
        "經度": 121.520229,
        "緯度": 24.999944
      }
    },
    {
      "type": "Feature",
      "geometry": {
        "type": "Point",
        "coordinates": [
          121.565975,
          25.290164
        ]
      },
      "properties": {
        "no": 2330000000.0,
        "name": "石門區衛生所",
        "tel": "2638-1007",
        "address": "新北市石門區中山路28之1號",
        "type": "衛生所",
        "remark": "如要接種，請先致電詢問疫苗庫存",
        "reservation": "現場",
        "own_expense": "否",
        "division": "不分科(家醫科)",
        "notice": "接種禁忌一、已知對疫苗的成份有過敏者，不予接種。二、過去注射曾經發生嚴重不良反應者，不予接種。接種注意事項一、 發燒或正患有急性中重疾病者，宜待病情穩定後再接種。二、 出生未滿6個月，因無使用效益及安全性等臨床資料，故不予接種。三、 先前接種本疫苗6週內曾發生Guillain-Barr? 症候群(GBS)者，宜請醫師評估。四、已知對「蛋」之蛋白質有嚴重過敏者，可在門/住診由熟悉處理過敏症狀之醫事人員提供接種，並於接種後觀察304分鐘，無不適症狀再離開。五、 其他經醫師評估不適合接種者，不予' \u0006",
        "twd97x": 306995.23,
        "twd97y": 2798037.55,
        "經度": 121.565975,
        "緯度": 25.290164
      }
    },
    {
      "type": "Feature",
      "geometry": {
        "type": "Point",
        "coordinates": [
          121.65761,
          24.991348
        ]
      },
      "properties": {
        "no": 2330000000.0,
        "name": "石碇區衛生所",
        "tel": "2663-1325",
        "address": "新北市石碇區碇坪路一段82號",
        "type": "衛生所",
        "remark": "如要接種，請先致電詢問疫苗庫存",
        "reservation": "現場",
        "own_expense": "否",
        "division": "家醫科",
        "notice": "接種禁忌一、已知對疫苗的成份有過敏者，不予接種。二、過去注射曾經發生嚴重不良反應者，不予接種。接種注意事項一、 發燒或正患有急性中重疾病者，宜待病情穩定後再接種。二、 出生未滿6個月，因無使用效益及安全性等臨床資料，故不予接種。三、 先前接種本疫苗6週內曾發生Guillain-Barr? 症候群(GBS)者，宜請醫師評估。四、已知對「蛋」之蛋白質有嚴重過敏者，可在門/住診由熟悉處理過敏症狀之醫事人員提供接種，並於接種後觀察305分鐘，無不適症狀再離開。五、 其他經醫師評估不適合接種者，不予' \u0006",
        "twd97x": 316384.74,
        "twd97y": 2764980.3,
        "經度": 121.65761,
        "緯度": 24.991348
      }
    },
    {
      "type": "Feature",
      "geometry": {
        "type": "Point",
        "coordinates": [
          121.658534,
          25.063512
        ]
      },
      "properties": {
        "no": 2330000000.0,
        "name": "汐止區衛生所",
        "tel": "2641-2030",
        "address": "新北市汐止區新台五路一段266號",
        "type": "衛生所",
        "remark": "如要接種，請先致電詢問疫苗庫存",
        "reservation": "現場",
        "own_expense": "否",
        "division": "家醫科",
        "notice": "接種禁忌一、已知對疫苗的成份有過敏者，不予接種。二、過去注射曾經發生嚴重不良反應者，不予接種。接種注意事項一、 發燒或正患有急性中重疾病者，宜待病情穩定後再接種。二、 出生未滿6個月，因無使用效益及安全性等臨床資料，故不予接種。三、 先前接種本疫苗6週內曾發生Guillain-Barr? 症候群(GBS)者，宜請醫師評估。四、已知對「蛋」之蛋白質有嚴重過敏者，可在門/住診由熟悉處理過敏症狀之醫事人員提供接種，並於接種後觀察306分鐘，無不適症狀再離開。五、 其他經醫師評估不適合接種者，不予' \u0006",
        "twd97x": 316439.17,
        "twd97y": 2772974.14,
        "經度": 121.658534,
        "緯度": 25.063512
      }
    },
    {
      "type": "Feature",
      "geometry": {
        "type": "Point",
        "coordinates": [
          121.664325,
          25.065471
        ]
      },
      "properties": {
        "no": 3530000000.0,
        "name": "三益診所",
        "tel": "8691-5631",
        "address": "新北市汐止區仁愛路187號1樓",
        "type": "診所",
        "remark": "如要接種，請先致電詢問疫苗庫存",
        "reservation": "現場",
        "own_expense": "是",
        "division": "小兒科",
        "notice": "接種禁忌一、已知對疫苗的成份有過敏者，不予接種。二、過去注射曾經發生嚴重不良反應者，不予接種。接種注意事項一、 發燒或正患有急性中重疾病者，宜待病情穩定後再接種。二、 出生未滿6個月，因無使用效益及安全性等臨床資料，故不予接種。三、 先前接種本疫苗6週內曾發生Guillain-Barr? 症候群(GBS)者，宜請醫師評估。四、已知對「蛋」之蛋白質有嚴重過敏者，可在門/住診由熟悉處理過敏症狀之醫事人員提供接種，並於接種後觀察307分鐘，無不適症狀再離開。五、 其他經醫師評估不適合接種者，不予' \u0006",
        "twd97x": 317022.41,
        "twd97y": 2773193.96,
        "經度": 121.664325,
        "緯度": 25.065471
      }
    },
    {
      "type": "Feature",
      "geometry": {
        "type": "Point",
        "coordinates": [
          121.655361,
          25.066471
        ]
      },
      "properties": {
        "no": 3530000000.0,
        "name": "大同耳鼻喉科診所",
        "tel": "2691-9292",
        "address": "新北市汐止區大同路二段300號",
        "type": "診所",
        "remark": "如要接種，請先致電詢問疫苗庫存",
        "reservation": "現場",
        "own_expense": "是",
        "division": "耳鼻喉科",
        "notice": "接種禁忌一、已知對疫苗的成份有過敏者，不予接種。二、過去注射曾經發生嚴重不良反應者，不予接種。接種注意事項一、 發燒或正患有急性中重疾病者，宜待病情穩定後再接種。二、 出生未滿6個月，因無使用效益及安全性等臨床資料，故不予接種。三、 先前接種本疫苗6週內曾發生Guillain-Barr? 症候群(GBS)者，宜請醫師評估。四、已知對「蛋」之蛋白質有嚴重過敏者，可在門/住診由熟悉處理過敏症狀之醫事人員提供接種，並於接種後觀察308分鐘，無不適症狀再離開。五、 其他經醫師評估不適合接種者，不予' \u0006",
        "twd97x": 316117.49,
        "twd97y": 2773300.27,
        "經度": 121.655361,
        "緯度": 25.066471
      }
    },
    {
      "type": "Feature",
      "geometry": {
        "type": "Point",
        "coordinates": [
          121.631383,
          25.066035
        ]
      },
      "properties": {
        "no": 3530000000.0,
        "name": "中欣診所",
        "tel": "2694-1000",
        "address": "新北市汐止區中興路202號",
        "type": "診所",
        "remark": "如要接種，請先致電詢問疫苗庫存",
        "reservation": "現場",
        "own_expense": "否",
        "division": "一般科",
        "notice": "接種禁忌一、已知對疫苗的成份有過敏者，不予接種。二、過去注射曾經發生嚴重不良反應者，不予接種。接種注意事項一、 發燒或正患有急性中重疾病者，宜待病情穩定後再接種。二、 出生未滿6個月，因無使用效益及安全性等臨床資料，故不予接種。三、 先前接種本疫苗6週內曾發生Guillain-Barr? 症候群(GBS)者，宜請醫師評估。四、已知對「蛋」之蛋白質有嚴重過敏者，可在門/住診由熟悉處理過敏症狀之醫事人員提供接種，並於接種後觀察309分鐘，無不適症狀再離開。五、 其他經醫師評估不適合接種者，不予' \u0006",
        "twd97x": 313698.62,
        "twd97y": 2773240.55,
        "經度": 121.631383,
        "緯度": 25.066035
      }
    },
    {
      "type": "Feature",
      "geometry": {
        "type": "Point",
        "coordinates": [
          121.630427,
          25.065153
        ]
      },
      "properties": {
        "no": 3530000000.0,
        "name": "弘人小兒科診所",
        "tel": "2693-2439",
        "address": "新北市汐止區福德二路152號",
        "type": "診所",
        "remark": "如要接種，請先致電詢問疫苗庫存",
        "reservation": "現場",
        "own_expense": "是",
        "division": "小兒科",
        "notice": "接種禁忌一、已知對疫苗的成份有過敏者，不予接種。二、過去注射曾經發生嚴重不良反應者，不予接種。接種注意事項一、 發燒或正患有急性中重疾病者，宜待病情穩定後再接種。二、 出生未滿6個月，因無使用效益及安全性等臨床資料，故不予接種。三、 先前接種本疫苗6週內曾發生Guillain-Barr? 症候群(GBS)者，宜請醫師評估。四、已知對「蛋」之蛋白質有嚴重過敏者，可在門/住診由熟悉處理過敏症狀之醫事人員提供接種，並於接種後觀察310分鐘，無不適症狀再離開。五、 其他經醫師評估不適合接種者，不予' \u0006",
        "twd97x": 313602.61,
        "twd97y": 2773142.41,
        "經度": 121.630427,
        "緯度": 25.065153
      }
    },
    {
      "type": "Feature",
      "geometry": {
        "type": "Point",
        "coordinates": [
          121.659792,
          25.064442
        ]
      },
      "properties": {
        "no": 3530000000.0,
        "name": "汐止長青診所",
        "tel": "2648-5156",
        "address": "新北市汐止區秀峰路68號",
        "type": "診所",
        "remark": "如要接種，請先致電詢問疫苗庫存",
        "reservation": "現場",
        "own_expense": "否",
        "division": "復健科",
        "notice": "接種禁忌一、已知對疫苗的成份有過敏者，不予接種。二、過去注射曾經發生嚴重不良反應者，不予接種。接種注意事項一、 發燒或正患有急性中重疾病者，宜待病情穩定後再接種。二、 出生未滿6個月，因無使用效益及安全性等臨床資料，故不予接種。三、 先前接種本疫苗6週內曾發生Guillain-Barr? 症候群(GBS)者，宜請醫師評估。四、已知對「蛋」之蛋白質有嚴重過敏者，可在門/住診由熟悉處理過敏症狀之醫事人員提供接種，並於接種後觀察311分鐘，無不適症狀再離開。五、 其他經醫師評估不適合接種者，不予' \u0006",
        "twd97x": 316565.63,
        "twd97y": 2773077.69,
        "經度": 121.659792,
        "緯度": 25.064442
      }
    },
    {
      "type": "Feature",
      "geometry": {
        "type": "Point",
        "coordinates": [
          121.661084,
          25.072872
        ]
      },
      "properties": {
        "no": 1130000000.0,
        "name": "汐止國泰綜合醫院",
        "tel": "2648-2121#7056",
        "address": "新北市汐止區建成路59巷2號",
        "type": "區域醫院",
        "remark": "如要接種，請先致電詢問疫苗庫存",
        "reservation": "現場",
        "own_expense": "是",
        "division": "綜合科",
        "notice": "接種禁忌一、已知對疫苗的成份有過敏者，不予接種。二、過去注射曾經發生嚴重不良反應者，不予接種。接種注意事項一、 發燒或正患有急性中重疾病者，宜待病情穩定後再接種。二、 出生未滿6個月，因無使用效益及安全性等臨床資料，故不予接種。三、 先前接種本疫苗6週內曾發生Guillain-Barr? 症候群(GBS)者，宜請醫師評估。四、已知對「蛋」之蛋白質有嚴重過敏者，可在門/住診由熟悉處理過敏症狀之醫事人員提供接種，並於接種後觀察312分鐘，無不適症狀再離開。五、 其他經醫師評估不適合接種者，不予' \u0006",
        "twd97x": 316691.4,
        "twd97y": 2774012.12,
        "經度": 121.661084,
        "緯度": 25.072872
      }
    },
    {
      "type": "Feature",
      "geometry": {
        "type": "Point",
        "coordinates": [
          121.662061,
          25.066445
        ]
      },
      "properties": {
        "no": 3530000000.0,
        "name": "吳宗憲診所",
        "tel": "2647-5533",
        "address": "新北市汐止區忠孝東路210號",
        "type": "診所",
        "remark": "如要接種，請先致電詢問疫苗庫存",
        "reservation": "現場",
        "own_expense": "否",
        "division": "內科",
        "notice": "接種禁忌一、已知對疫苗的成份有過敏者，不予接種。二、過去注射曾經發生嚴重不良反應者，不予接種。接種注意事項一、 發燒或正患有急性中重疾病者，宜待病情穩定後再接種。二、 出生未滿6個月，因無使用效益及安全性等臨床資料，故不予接種。三、 先前接種本疫苗6週內曾發生Guillain-Barr? 症候群(GBS)者，宜請醫師評估。四、已知對「蛋」之蛋白質有嚴重過敏者，可在門/住診由熟悉處理過敏症狀之醫事人員提供接種，並於接種後觀察313分鐘，無不適症狀再離開。五、 其他經醫師評估不適合接種者，不予' \u0006",
        "twd97x": 316793.46,
        "twd97y": 2773300.71,
        "經度": 121.662061,
        "緯度": 25.066445
      }
    },
    {
      "type": "Feature",
      "geometry": {
        "type": "Point",
        "coordinates": [
          121.651338,
          25.064713
        ]
      },
      "properties": {
        "no": 3530000000.0,
        "name": "吳婦產科診所",
        "tel": "8692-6399",
        "address": "新北市汐止區大同路二段171號1樓",
        "type": "診所",
        "remark": "如要接種，請先致電詢問疫苗庫存",
        "reservation": "網路、電話、現場",
        "own_expense": "是",
        "division": "婦兒科",
        "notice": "接種禁忌一、已知對疫苗的成份有過敏者，不予接種。二、過去注射曾經發生嚴重不良反應者，不予接種。接種注意事項一、 發燒或正患有急性中重疾病者，宜待病情穩定後再接種。二、 出生未滿6個月，因無使用效益及安全性等臨床資料，故不予接種。三、 先前接種本疫苗6週內曾發生Guillain-Barr? 症候群(GBS)者，宜請醫師評估。四、已知對「蛋」之蛋白質有嚴重過敏者，可在門/住診由熟悉處理過敏症狀之醫事人員提供接種，並於接種後觀察314分鐘，無不適症狀再離開。五、 其他經醫師評估不適合接種者，不予' \u0006",
        "twd97x": 315712.49,
        "twd97y": 2773103.61,
        "經度": 121.651338,
        "緯度": 25.064713
      }
    },
    {
      "type": "Feature",
      "geometry": {
        "type": "Point",
        "coordinates": [
          121.65291,
          25.064939
        ]
      },
      "properties": {
        "no": 3530000000.0,
        "name": "宏欣診所",
        "tel": "2691-8678",
        "address": "新北市汐止區大同路二段221號",
        "type": "診所",
        "remark": "如要接種，請先致電詢問疫苗庫存",
        "reservation": "現場",
        "own_expense": "是",
        "division": "家醫科",
        "notice": "接種禁忌一、已知對疫苗的成份有過敏者，不予接種。二、過去注射曾經發生嚴重不良反應者，不予接種。接種注意事項一、 發燒或正患有急性中重疾病者，宜待病情穩定後再接種。二、 出生未滿6個月，因無使用效益及安全性等臨床資料，故不予接種。三、 先前接種本疫苗6週內曾發生Guillain-Barr? 症候群(GBS)者，宜請醫師評估。四、已知對「蛋」之蛋白質有嚴重過敏者，可在門/住診由熟悉處理過敏症狀之醫事人員提供接種，並於接種後觀察315分鐘，無不適症狀再離開。五、 其他經醫師評估不適合接種者，不予' \u0006",
        "twd97x": 315871.01,
        "twd97y": 2773129.47,
        "經度": 121.65291,
        "緯度": 25.064939
      }
    },
    {
      "type": "Feature",
      "geometry": {
        "type": "Point",
        "coordinates": [
          121.665445,
          25.070251
        ]
      },
      "properties": {
        "no": 3530000000.0,
        "name": "李懷德小兒科診所",
        "tel": "8647-8323",
        "address": "新北市汐止區忠孝東路343號",
        "type": "診所",
        "remark": "如要接種，請先致電詢問疫苗庫存",
        "reservation": "現場",
        "own_expense": "是",
        "division": "小兒科",
        "notice": "接種禁忌一、已知對疫苗的成份有過敏者，不予接種。二、過去注射曾經發生嚴重不良反應者，不予接種。接種注意事項一、 發燒或正患有急性中重疾病者，宜待病情穩定後再接種。二、 出生未滿6個月，因無使用效益及安全性等臨床資料，故不予接種。三、 先前接種本疫苗6週內曾發生Guillain-Barr? 症候群(GBS)者，宜請醫師評估。四、已知對「蛋」之蛋白質有嚴重過敏者，可在門/住診由熟悉處理過敏症狀之醫事人員提供接種，並於接種後觀察316分鐘，無不適症狀再離開。五、 其他經醫師評估不適合接種者，不予' \u0006",
        "twd97x": 317132.76,
        "twd97y": 2773724.01,
        "經度": 121.665445,
        "緯度": 25.070251
      }
    },
    {
      "type": "Feature",
      "geometry": {
        "type": "Point",
        "coordinates": [
          121.656395,
          25.065098
        ]
      },
      "properties": {
        "no": 3530000000.0,
        "name": "東辰診所",
        "tel": "2643-2588",
        "address": "新北市汐止區新興路3號6樓",
        "type": "診所",
        "remark": "如要接種，請先致電詢問疫苗庫存",
        "reservation": "現場",
        "own_expense": "否",
        "division": "內科",
        "notice": "接種禁忌一、已知對疫苗的成份有過敏者，不予接種。二、過去注射曾經發生嚴重不良反應者，不予接種。接種注意事項一、 發燒或正患有急性中重疾病者，宜待病情穩定後再接種。二、 出生未滿6個月，因無使用效益及安全性等臨床資料，故不予接種。三、 先前接種本疫苗6週內曾發生Guillain-Barr? 症候群(GBS)者，宜請醫師評估。四、已知對「蛋」之蛋白質有嚴重過敏者，可在門/住診由熟悉處理過敏症狀之醫事人員提供接種，並於接種後觀察317分鐘，無不適症狀再離開。五、 其他經醫師評估不適合接種者，不予' \u0006",
        "twd97x": 316222.52,
        "twd97y": 2773148.7,
        "經度": 121.656395,
        "緯度": 25.065098
      }
    },
    {
      "type": "Feature",
      "geometry": {
        "type": "Point",
        "coordinates": [
          121.656395,
          25.065098
        ]
      },
      "properties": {
        "no": 3530000000.0,
        "name": "東暉診所",
        "tel": "2643-3774 #211",
        "address": "新北市汐止區新興路3號8樓",
        "type": "診所",
        "remark": "如要接種，請先致電詢問疫苗庫存",
        "reservation": "現場",
        "own_expense": "否",
        "division": "一般科",
        "notice": "接種禁忌一、已知對疫苗的成份有過敏者，不予接種。二、過去注射曾經發生嚴重不良反應者，不予接種。接種注意事項一、 發燒或正患有急性中重疾病者，宜待病情穩定後再接種。二、 出生未滿6個月，因無使用效益及安全性等臨床資料，故不予接種。三、 先前接種本疫苗6週內曾發生Guillain-Barr? 症候群(GBS)者，宜請醫師評估。四、已知對「蛋」之蛋白質有嚴重過敏者，可在門/住診由熟悉處理過敏症狀之醫事人員提供接種，並於接種後觀察318分鐘，無不適症狀再離開。五、 其他經醫師評估不適合接種者，不予' \u0006",
        "twd97x": 316222.52,
        "twd97y": 2773148.7,
        "經度": 121.656395,
        "緯度": 25.065098
      }
    },
    {
      "type": "Feature",
      "geometry": {
        "type": "Point",
        "coordinates": [
          121.654725,
          25.060819
        ]
      },
      "properties": {
        "no": 3530000000.0,
        "name": "青山診所",
        "tel": "2690-7959",
        "address": "新北市汐止區莊敬街129號",
        "type": "診所",
        "remark": "如要接種，請先致電詢問疫苗庫存",
        "reservation": "現場",
        "own_expense": "否",
        "division": "一般科",
        "notice": "接種禁忌一、已知對疫苗的成份有過敏者，不予接種。二、過去注射曾經發生嚴重不良反應者，不予接種。接種注意事項一、 發燒或正患有急性中重疾病者，宜待病情穩定後再接種。二、 出生未滿6個月，因無使用效益及安全性等臨床資料，故不予接種。三、 先前接種本疫苗6週內曾發生Guillain-Barr? 症候群(GBS)者，宜請醫師評估。四、已知對「蛋」之蛋白質有嚴重過敏者，可在門/住診由熟悉處理過敏症狀之醫事人員提供接種，並於接種後觀察319分鐘，無不適症狀再離開。五、 其他經醫師評估不適合接種者，不予' \u0006",
        "twd97x": 316056.3,
        "twd97y": 2772673.88,
        "經度": 121.654725,
        "緯度": 25.060819
      }
    },
    {
      "type": "Feature",
      "geometry": {
        "type": "Point",
        "coordinates": [
          121.656461,
          25.066942
        ]
      },
      "properties": {
        "no": 3530000000.0,
        "name": "洪耳鼻喉科診所",
        "tel": "2649-0123",
        "address": "新北市汐止區大同路二段332號",
        "type": "診所",
        "remark": "如要接種，請先致電詢問疫苗庫存",
        "reservation": "現場",
        "own_expense": "否",
        "division": "耳鼻喉科",
        "notice": "接種禁忌一、已知對疫苗的成份有過敏者，不予接種。二、過去注射曾經發生嚴重不良反應者，不予接種。接種注意事項一、 發燒或正患有急性中重疾病者，宜待病情穩定後再接種。二、 出生未滿6個月，因無使用效益及安全性等臨床資料，故不予接種。三、 先前接種本疫苗6週內曾發生Guillain-Barr? 症候群(GBS)者，宜請醫師評估。四、已知對「蛋」之蛋白質有嚴重過敏者，可在門/住診由熟悉處理過敏症狀之醫事人員提供接種，並於接種後觀察320分鐘，無不適症狀再離開。五、 其他經醫師評估不適合接種者，不予' \u0006",
        "twd97x": 316228.17,
        "twd97y": 2773353.05,
        "經度": 121.656461,
        "緯度": 25.066942
      }
    },
    {
      "type": "Feature",
      "geometry": {
        "type": "Point",
        "coordinates": [
          121.642231,
          25.06487
        ]
      },
      "properties": {
        "no": 3530000000.0,
        "name": "洪振凱診所",
        "tel": "2691-8877",
        "address": "新北市汐止區樟樹一路136號1樓",
        "type": "診所",
        "remark": "如要接種，請先致電詢問疫苗庫存",
        "reservation": "現場",
        "own_expense": "是",
        "division": "小兒科",
        "notice": "接種禁忌一、已知對疫苗的成份有過敏者，不予接種。二、過去注射曾經發生嚴重不良反應者，不予接種。接種注意事項一、 發燒或正患有急性中重疾病者，宜待病情穩定後再接種。二、 出生未滿6個月，因無使用效益及安全性等臨床資料，故不予接種。三、 先前接種本疫苗6週內曾發生Guillain-Barr? 症候群(GBS)者，宜請醫師評估。四、已知對「蛋」之蛋白質有嚴重過敏者，可在門/住診由熟悉處理過敏症狀之醫事人員提供接種，並於接種後觀察321分鐘，無不適症狀再離開。五、 其他經醫師評估不適合接種者，不予' \u0006",
        "twd97x": 314793.66,
        "twd97y": 2773116.57,
        "經度": 121.642231,
        "緯度": 25.06487
      }
    },
    {
      "type": "Feature",
      "geometry": {
        "type": "Point",
        "coordinates": [
          121.629329,
          25.067729
        ]
      },
      "properties": {
        "no": 3530000000.0,
        "name": "康寧耳鼻喉科診所",
        "tel": "2692-6905",
        "address": "新北市汐止區康寧街386號1樓",
        "type": "診所",
        "remark": "如要接種，請先致電詢問疫苗庫存",
        "reservation": "電話、現場",
        "own_expense": "是",
        "division": "耳鼻喉科",
        "notice": "接種禁忌一、已知對疫苗的成份有過敏者，不予接種。二、過去注射曾經發生嚴重不良反應者，不予接種。接種注意事項一、 發燒或正患有急性中重疾病者，宜待病情穩定後再接種。二、 出生未滿6個月，因無使用效益及安全性等臨床資料，故不予接種。三、 先前接種本疫苗6週內曾發生Guillain-Barr? 症候群(GBS)者，宜請醫師評估。四、已知對「蛋」之蛋白質有嚴重過敏者，可在門/住診由熟悉處理過敏症狀之醫事人員提供接種，並於接種後觀察322分鐘，無不適症狀再離開。五、 其他經醫師評估不適合接種者，不予' \u0006",
        "twd97x": 313490.48,
        "twd97y": 2773427.22,
        "經度": 121.629329,
        "緯度": 25.067729
      }
    },
    {
      "type": "Feature",
      "geometry": {
        "type": "Point",
        "coordinates": [
          121.663501,
          25.072376
        ]
      },
      "properties": {
        "no": 3530000000.0,
        "name": "祥和診所",
        "tel": "8642-2558",
        "address": "新北市汐止區建成路37巷13號",
        "type": "診所",
        "remark": "如要接種，請先致電詢問疫苗庫存",
        "reservation": "現場",
        "own_expense": "是",
        "division": "家醫科",
        "notice": "接種禁忌一、已知對疫苗的成份有過敏者，不予接種。二、過去注射曾經發生嚴重不良反應者，不予接種。接種注意事項一、 發燒或正患有急性中重疾病者，宜待病情穩定後再接種。二、 出生未滿6個月，因無使用效益及安全性等臨床資料，故不予接種。三、 先前接種本疫苗6週內曾發生Guillain-Barr? 症候群(GBS)者，宜請醫師評估。四、已知對「蛋」之蛋白質有嚴重過敏者，可在門/住診由熟悉處理過敏症狀之醫事人員提供接種，並於接種後觀察323分鐘，無不適症狀再離開。五、 其他經醫師評估不適合接種者，不予' \u0006",
        "twd97x": 316935.5,
        "twd97y": 2773958.41,
        "經度": 121.663501,
        "緯度": 25.072376
      }
    },
    {
      "type": "Feature",
      "geometry": {
        "type": "Point",
        "coordinates": [
          121.632058,
          25.070215
        ]
      },
      "properties": {
        "no": 3530000000.0,
        "name": "湖前診所",
        "tel": "2692-2219",
        "address": "新北市汐止區湖前街60之3號",
        "type": "診所",
        "remark": "如要接種，請先致電詢問疫苗庫存",
        "reservation": "現場",
        "own_expense": "是",
        "division": "家醫科",
        "notice": "接種禁忌一、已知對疫苗的成份有過敏者，不予接種。二、過去注射曾經發生嚴重不良反應者，不予接種。接種注意事項一、 發燒或正患有急性中重疾病者，宜待病情穩定後再接種。二、 出生未滿6個月，因無使用效益及安全性等臨床資料，故不予接種。三、 先前接種本疫苗6週內曾發生Guillain-Barr? 症候群(GBS)者，宜請醫師評估。四、已知對「蛋」之蛋白質有嚴重過敏者，可在門/住診由熟悉處理過敏症狀之醫事人員提供接種，並於接種後觀察324分鐘，無不適症狀再離開。五、 其他經醫師評估不適合接種者，不予' \u0006",
        "twd97x": 313764.52,
        "twd97y": 2773703.83,
        "經度": 121.632058,
        "緯度": 25.070215
      }
    },
    {
      "type": "Feature",
      "geometry": {
        "type": "Point",
        "coordinates": [
          121.642162,
          25.064265
        ]
      },
      "properties": {
        "no": 3530000000.0,
        "name": "黃玟珍診所",
        "tel": "2648-7799",
        "address": "新北市汐止區樟樹一路122號",
        "type": "診所",
        "remark": "如要接種，請先致電詢問疫苗庫存",
        "reservation": "電話",
        "own_expense": "是",
        "division": "一般科",
        "notice": "接種禁忌一、已知對疫苗的成份有過敏者，不予接種。二、過去注射曾經發生嚴重不良反應者，不予接種。接種注意事項一、 發燒或正患有急性中重疾病者，宜待病情穩定後再接種。二、 出生未滿6個月，因無使用效益及安全性等臨床資料，故不予接種。三、 先前接種本疫苗6週內曾發生Guillain-Barr? 症候群(GBS)者，宜請醫師評估。四、已知對「蛋」之蛋白質有嚴重過敏者，可在門/住診由熟悉處理過敏症狀之醫事人員提供接種，並於接種後觀察325分鐘，無不適症狀再離開。五、 其他經醫師評估不適合接種者，不予' \u0006",
        "twd97x": 314786.97,
        "twd97y": 2773049.55,
        "經度": 121.642162,
        "緯度": 25.064265
      }
    },
    {
      "type": "Feature",
      "geometry": {
        "type": "Point",
        "coordinates": [
          121.65579,
          25.067729
        ]
      },
      "properties": {
        "no": 3530000000.0,
        "name": "楊內科小兒科診所",
        "tel": "2642-0233",
        "address": "新北市汐止區汐萬路一段25號",
        "type": "診所",
        "remark": "如要接種，請先致電詢問疫苗庫存",
        "reservation": "現場",
        "own_expense": "是",
        "division": "內科、小兒科",
        "notice": "接種禁忌一、已知對疫苗的成份有過敏者，不予接種。二、過去注射曾經發生嚴重不良反應者，不予接種。接種注意事項一、 發燒或正患有急性中重疾病者，宜待病情穩定後再接種。二、 出生未滿6個月，因無使用效益及安全性等臨床資料，故不予接種。三、 先前接種本疫苗6週內曾發生Guillain-Barr? 症候群(GBS)者，宜請醫師評估。四、已知對「蛋」之蛋白質有嚴重過敏者，可在門/住診由熟悉處理過敏症狀之醫事人員提供接種，並於接種後觀察326分鐘，無不適症狀再離開。五、 其他經醫師評估不適合接種者，不予' \u0006",
        "twd97x": 316160.05,
        "twd97y": 2773439.82,
        "經度": 121.65579,
        "緯度": 25.067729
      }
    },
    {
      "type": "Feature",
      "geometry": {
        "type": "Point",
        "coordinates": [
          121.630743,
          25.065073
        ]
      },
      "properties": {
        "no": 3530000000.0,
        "name": "福德診所",
        "tel": "2695-9877",
        "address": "新北市汐止區福德二路171號",
        "type": "診所",
        "remark": "如要接種，請先致電詢問疫苗庫存",
        "reservation": "現場",
        "own_expense": "是",
        "division": "小兒科",
        "notice": "接種禁忌一、已知對疫苗的成份有過敏者，不予接種。二、過去注射曾經發生嚴重不良反應者，不予接種。接種注意事項一、 發燒或正患有急性中重疾病者，宜待病情穩定後再接種。二、 出生未滿6個月，因無使用效益及安全性等臨床資料，故不予接種。三、 先前接種本疫苗6週內曾發生Guillain-Barr? 症候群(GBS)者，宜請醫師評估。四、已知對「蛋」之蛋白質有嚴重過敏者，可在門/住診由熟悉處理過敏症狀之醫事人員提供接種，並於接種後觀察327分鐘，無不適症狀再離開。五、 其他經醫師評估不適合接種者，不予' \u0006",
        "twd97x": 313634.49,
        "twd97y": 2773133.62,
        "經度": 121.630743,
        "緯度": 25.065073
      }
    },
    {
      "type": "Feature",
      "geometry": {
        "type": "Point",
        "coordinates": [
          121.637514,
          25.067683
        ]
      },
      "properties": {
        "no": 3530000000.0,
        "name": "德祐小兒科診所",
        "tel": "2694-5180",
        "address": "新北市汐止區福德一路117-1號",
        "type": "診所",
        "remark": "如要接種，請先致電詢問疫苗庫存",
        "reservation": "現場",
        "own_expense": "是",
        "division": "小兒科",
        "notice": "接種禁忌一、已知對疫苗的成份有過敏者，不予接種。二、過去注射曾經發生嚴重不良反應者，不予接種。接種注意事項一、 發燒或正患有急性中重疾病者，宜待病情穩定後再接種。二、 出生未滿6個月，因無使用效益及安全性等臨床資料，故不予接種。三、 先前接種本疫苗6週內曾發生Guillain-Barr? 症候群(GBS)者，宜請醫師評估。四、已知對「蛋」之蛋白質有嚴重過敏者，可在門/住診由熟悉處理過敏症狀之醫事人員提供接種，並於接種後觀察328分鐘，無不適症狀再離開。五、 其他經醫師評估不適合接種者，不予' \u0006",
        "twd97x": 314316.23,
        "twd97y": 2773425.95,
        "經度": 121.637514,
        "緯度": 25.067683
      }
    },
    {
      "type": "Feature",
      "geometry": {
        "type": "Point",
        "coordinates": [
          121.664704,
          25.069393
        ]
      },
      "properties": {
        "no": 3530000000.0,
        "name": "鴻海診所",
        "tel": "2643-1777",
        "address": "新北市汐止區忠孝東路317號",
        "type": "診所",
        "remark": "如要接種，請先致電詢問疫苗庫存",
        "reservation": "現場",
        "own_expense": "是",
        "division": "內科",
        "notice": "接種禁忌一、已知對疫苗的成份有過敏者，不予接種。二、過去注射曾經發生嚴重不良反應者，不予接種。接種注意事項一、 發燒或正患有急性中重疾病者，宜待病情穩定後再接種。二、 出生未滿6個月，因無使用效益及安全性等臨床資料，故不予接種。三、 先前接種本疫苗6週內曾發生Guillain-Barr? 症候群(GBS)者，宜請醫師評估。四、已知對「蛋」之蛋白質有嚴重過敏者，可在門/住診由熟悉處理過敏症狀之醫事人員提供接種，並於接種後觀察329分鐘，無不適症狀再離開。五、 其他經醫師評估不適合接種者，不予' \u0006",
        "twd97x": 317058.45,
        "twd97y": 2773628.59,
        "經度": 121.664704,
        "緯度": 25.069393
      }
    },
    {
      "type": "Feature",
      "geometry": {
        "type": "Point",
        "coordinates": [
          121.629673,
          25.070601
        ]
      },
      "properties": {
        "no": 3530000000.0,
        "name": "雙雙小兒科診所",
        "tel": "2695-5777",
        "address": "新北市汐止區明峰街143號1樓",
        "type": "診所",
        "remark": "如要接種，請先致電詢問疫苗庫存",
        "reservation": "現場",
        "own_expense": "是",
        "division": "小兒科",
        "notice": "接種禁忌一、已知對疫苗的成份有過敏者，不予接種。二、過去注射曾經發生嚴重不良反應者，不予接種。接種注意事項一、 發燒或正患有急性中重疾病者，宜待病情穩定後再接種。二、 出生未滿6個月，因無使用效益及安全性等臨床資料，故不予接種。三、 先前接種本疫苗6週內曾發生Guillain-Barr? 症候群(GBS)者，宜請醫師評估。四、已知對「蛋」之蛋白質有嚴重過敏者，可在門/住診由熟悉處理過敏症狀之醫事人員提供接種，並於接種後觀察330分鐘，無不適症狀再離開。五、 其他經醫師評估不適合接種者，不予' \u0006",
        "twd97x": 313523.7,
        "twd97y": 2773745.52,
        "經度": 121.629673,
        "緯度": 25.070601
      }
    },
    {
      "type": "Feature",
      "geometry": {
        "type": "Point",
        "coordinates": [
          121.664955,
          25.072773
        ]
      },
      "properties": {
        "no": 3530000000.0,
        "name": "顏志瑋診所",
        "tel": "2641-7999",
        "address": "新北市汐止區建成路18號",
        "type": "診所",
        "remark": "如要接種，請先致電詢問疫苗庫存",
        "reservation": "網路、電話、現場",
        "own_expense": "否",
        "division": "家醫科",
        "notice": "接種禁忌一、已知對疫苗的成份有過敏者，不予接種。二、過去注射曾經發生嚴重不良反應者，不予接種。接種注意事項一、 發燒或正患有急性中重疾病者，宜待病情穩定後再接種。二、 出生未滿6個月，因無使用效益及安全性等臨床資料，故不予接種。三、 先前接種本疫苗6週內曾發生Guillain-Barr? 症候群(GBS)者，宜請醫師評估。四、已知對「蛋」之蛋白質有嚴重過敏者，可在門/住診由熟悉處理過敏症狀之醫事人員提供接種，並於接種後觀察331分鐘，無不適症狀再離開。五、 其他經醫師評估不適合接種者，不予' \u0006",
        "twd97x": 317082.02,
        "twd97y": 2774003.05,
        "經度": 121.664955,
        "緯度": 25.072773
      }
    },
    {
      "type": "Feature",
      "geometry": {
        "type": "Point",
        "coordinates": [
          121.662767,
          25.067159
        ]
      },
      "properties": {
        "no": 3530000000.0,
        "name": "羅小兒科診所",
        "tel": "8691-8828",
        "address": "新北市汐止區忠孝東路244號1樓",
        "type": "診所",
        "remark": "如要接種，請先致電詢問疫苗庫存",
        "reservation": "現場",
        "own_expense": "是",
        "division": "小兒科",
        "notice": "接種禁忌一、已知對疫苗的成份有過敏者，不予接種。二、過去注射曾經發生嚴重不良反應者，不予接種。接種注意事項一、 發燒或正患有急性中重疾病者，宜待病情穩定後再接種。二、 出生未滿6個月，因無使用效益及安全性等臨床資料，故不予接種。三、 先前接種本疫苗6週內曾發生Guillain-Barr? 症候群(GBS)者，宜請醫師評估。四、已知對「蛋」之蛋白質有嚴重過敏者，可在門/住診由熟悉處理過敏症狀之醫事人員提供接種，並於接種後觀察332分鐘，無不適症狀再離開。五、 其他經醫師評估不適合接種者，不予' \u0006",
        "twd97x": 316864.31,
        "twd97y": 2773380.11,
        "經度": 121.662767,
        "緯度": 25.067159
      }
    },
    {
      "type": "Feature",
      "geometry": {
        "type": "Point",
        "coordinates": [
          121.63383,
          25.064689
        ]
      },
      "properties": {
        "no": 3530000000.0,
        "name": "蘇小兒科診所",
        "tel": "2693-5513",
        "address": "新北市汐止區福德一路245號",
        "type": "診所",
        "remark": "如要接種，請先致電詢問疫苗庫存",
        "reservation": "現場",
        "own_expense": "是",
        "division": "小兒科",
        "notice": "接種禁忌一、已知對疫苗的成份有過敏者，不予接種。二、過去注射曾經發生嚴重不良反應者，不予接種。接種注意事項一、 發燒或正患有急性中重疾病者，宜待病情穩定後再接種。二、 出生未滿6個月，因無使用效益及安全性等臨床資料，故不予接種。三、 先前接種本疫苗6週內曾發生Guillain-Barr? 症候群(GBS)者，宜請醫師評估。四、已知對「蛋」之蛋白質有嚴重過敏者，可在門/住診由熟悉處理過敏症狀之醫事人員提供接種，並於接種後觀察333分鐘，無不適症狀再離開。五、 其他經醫師評估不適合接種者，不予' \u0006",
        "twd97x": 313946.15,
        "twd97y": 2773092.57,
        "經度": 121.63383,
        "緯度": 25.064689
      }
    },
    {
      "type": "Feature",
      "geometry": {
        "type": "Point",
        "coordinates": [
          121.65965,
          25.063375
        ]
      },
      "properties": {
        "no": 3530000000.0,
        "name": "蘇怡菁家醫科診所",
        "tel": "2642-3136",
        "address": "新北市汐止區仁愛路43號",
        "type": "診所",
        "remark": "如要接種，請先致電詢問疫苗庫存",
        "reservation": "現場",
        "own_expense": "是",
        "division": "家醫科",
        "notice": "接種禁忌一、已知對疫苗的成份有過敏者，不予接種。二、過去注射曾經發生嚴重不良反應者，不予接種。接種注意事項一、 發燒或正患有急性中重疾病者，宜待病情穩定後再接種。二、 出生未滿6個月，因無使用效益及安全性等臨床資料，故不予接種。三、 先前接種本疫苗6週內曾發生Guillain-Barr? 症候群(GBS)者，宜請醫師評估。四、已知對「蛋」之蛋白質有嚴重過敏者，可在門/住診由熟悉處理過敏症狀之醫事人員提供接種，並於接種後觀察334分鐘，無不適症狀再離開。五、 其他經醫師評估不適合接種者，不予' \u0006",
        "twd97x": 316551.91,
        "twd97y": 2772959.47,
        "經度": 121.65965,
        "緯度": 25.063375
      }
    },
    {
      "type": "Feature",
      "geometry": {
        "type": "Point",
        "coordinates": [
          121.627935,
          25.064556
        ]
      },
      "properties": {
        "no": 3530000000.0,
        "name": "馨生婦產科小兒科診所",
        "tel": "2692-7666",
        "address": "新北市汐止區福德二路215號",
        "type": "診所",
        "remark": "如要接種，請先致電詢問疫苗庫存",
        "reservation": "網路、現場",
        "own_expense": "是",
        "division": "婦產科小兒科",
        "notice": "接種禁忌一、已知對疫苗的成份有過敏者，不予接種。二、過去注射曾經發生嚴重不良反應者，不予接種。接種注意事項一、 發燒或正患有急性中重疾病者，宜待病情穩定後再接種。二、 出生未滿6個月，因無使用效益及安全性等臨床資料，故不予接種。三、 先前接種本疫苗6週內曾發生Guillain-Barr? 症候群(GBS)者，宜請醫師評估。四、已知對「蛋」之蛋白質有嚴重過敏者，可在門/住診由熟悉處理過敏症狀之醫事人員提供接種，並於接種後觀察335分鐘，無不適症狀再離開。五、 其他經醫師評估不適合接種者，不予' \u0006",
        "twd97x": 313351.42,
        "twd97y": 2773075.08,
        "經度": 121.627935,
        "緯度": 25.064556
      }
    },
    {
      "type": "Feature",
      "geometry": {
        "type": "Point",
        "coordinates": [
          121.709106,
          24.934953
        ]
      },
      "properties": {
        "no": 2330000000.0,
        "name": "坪林區衛生所",
        "tel": "2665-6272",
        "address": "新北市坪林區坪林街104號",
        "type": "衛生所",
        "remark": "如要接種，請先致電詢問疫苗庫存",
        "reservation": "現場",
        "own_expense": "否",
        "division": "不分科(家醫科)",
        "notice": "接種禁忌一、已知對疫苗的成份有過敏者，不予接種。二、過去注射曾經發生嚴重不良反應者，不予接種。接種注意事項一、 發燒或正患有急性中重疾病者，宜待病情穩定後再接種。二、 出生未滿6個月，因無使用效益及安全性等臨床資料，故不予接種。三、 先前接種本疫苗6週內曾發生Guillain-Barr? 症候群(GBS)者，宜請醫師評估。四、已知對「蛋」之蛋白質有嚴重過敏者，可在門/住診由熟悉處理過敏症狀之醫事人員提供接種，並於接種後觀察336分鐘，無不適症狀再離開。五、 其他經醫師評估不適合接種者，不予' \u0006",
        "twd97x": 321615.98,
        "twd97y": 2758759.71,
        "經度": 121.709106,
        "緯度": 24.934953
      }
    },
    {
      "type": "Feature",
      "geometry": {
        "type": "Point",
        "coordinates": [
          121.465356,
          25.012172
        ]
      },
      "properties": {
        "no": 2330000000.0,
        "name": "板橋區衛生所",
        "tel": "2258-6606",
        "address": "新北市英士路192號",
        "type": "衛生所",
        "remark": "如要接種，請先致電詢問疫苗庫存",
        "reservation": "現場",
        "own_expense": "否",
        "division": "不分科(家醫科)",
        "notice": "接種禁忌一、已知對疫苗的成份有過敏者，不予接種。二、過去注射曾經發生嚴重不良反應者，不予接種。接種注意事項一、 發燒或正患有急性中重疾病者，宜待病情穩定後再接種。二、 出生未滿6個月，因無使用效益及安全性等臨床資料，故不予接種。三、 先前接種本疫苗6週內曾發生Guillain-Barr? 症候群(GBS)者，宜請醫師評估。四、已知對「蛋」之蛋白質有嚴重過敏者，可在門/住診由熟悉處理過敏症狀之醫事人員提供接種，並於接種後觀察337分鐘，無不適症狀再離開。五、 其他經醫師評估不適合接種者，不予' \u0006",
        "twd97x": 296968.74,
        "twd97y": 2767206.41,
        "經度": 121.465356,
        "緯度": 25.012172
      }
    },
    {
      "type": "Feature",
      "geometry": {
        "type": "Point",
        "coordinates": [
          121.465356,
          25.012172
        ]
      },
      "properties": {
        "no": 3530000000.0,
        "name": "大川診所",
        "tel": "8953-2285",
        "address": "新北市中山路2段84-6號",
        "type": "診所",
        "remark": "如要接種，請先致電詢問疫苗庫存",
        "reservation": "網路、電話、現場",
        "own_expense": "是",
        "division": "家醫科",
        "notice": "接種禁忌一、已知對疫苗的成份有過敏者，不予接種。二、過去注射曾經發生嚴重不良反應者，不予接種。接種注意事項一、 發燒或正患有急性中重疾病者，宜待病情穩定後再接種。二、 出生未滿6個月，因無使用效益及安全性等臨床資料，故不予接種。三、 先前接種本疫苗6週內曾發生Guillain-Barr? 症候群(GBS)者，宜請醫師評估。四、已知對「蛋」之蛋白質有嚴重過敏者，可在門/住診由熟悉處理過敏症狀之醫事人員提供接種，並於接種後觀察338分鐘，無不適症狀再離開。五、 其他經醫師評估不適合接種者，不予' \u0006",
        "twd97x": 296968.74,
        "twd97y": 2767206.41,
        "經度": 121.465356,
        "緯度": 25.012172
      }
    },
    {
      "type": "Feature",
      "geometry": {
        "type": "Point",
        "coordinates": [
          121.465356,
          25.012172
        ]
      },
      "properties": {
        "no": 3530000000.0,
        "name": "大佳診所",
        "tel": "8259-7216",
        "address": "新北市英士路53號",
        "type": "診所",
        "remark": "如要接種，請先致電詢問疫苗庫存",
        "reservation": "電話、現場",
        "own_expense": "是",
        "division": "小兒科",
        "notice": "接種禁忌一、已知對疫苗的成份有過敏者，不予接種。二、過去注射曾經發生嚴重不良反應者，不予接種。接種注意事項一、 發燒或正患有急性中重疾病者，宜待病情穩定後再接種。二、 出生未滿6個月，因無使用效益及安全性等臨床資料，故不予接種。三、 先前接種本疫苗6週內曾發生Guillain-Barr? 症候群(GBS)者，宜請醫師評估。四、已知對「蛋」之蛋白質有嚴重過敏者，可在門/住診由熟悉處理過敏症狀之醫事人員提供接種，並於接種後觀察339分鐘，無不適症狀再離開。五、 其他經醫師評估不適合接種者，不予' \u0006",
        "twd97x": 296968.74,
        "twd97y": 2767206.41,
        "經度": 121.465356,
        "緯度": 25.012172
      }
    },
    {
      "type": "Feature",
      "geometry": {
        "type": "Point",
        "coordinates": [
          121.465356,
          25.012172
        ]
      },
      "properties": {
        "no": 3530000000.0,
        "name": "大庭診所",
        "tel": "2968-9299",
        "address": "新北市大仁街27號",
        "type": "診所",
        "remark": "如要接種，請先致電詢問疫苗庫存",
        "reservation": "現場",
        "own_expense": "否",
        "division": "兒科",
        "notice": "接種禁忌一、已知對疫苗的成份有過敏者，不予接種。二、過去注射曾經發生嚴重不良反應者，不予接種。接種注意事項一、 發燒或正患有急性中重疾病者，宜待病情穩定後再接種。二、 出生未滿6個月，因無使用效益及安全性等臨床資料，故不予接種。三、 先前接種本疫苗6週內曾發生Guillain-Barr? 症候群(GBS)者，宜請醫師評估。四、已知對「蛋」之蛋白質有嚴重過敏者，可在門/住診由熟悉處理過敏症狀之醫事人員提供接種，並於接種後觀察340分鐘，無不適症狀再離開。五、 其他經醫師評估不適合接種者，不予' \u0006",
        "twd97x": 296968.74,
        "twd97y": 2767206.41,
        "經度": 121.465356,
        "緯度": 25.012172
      }
    },
    {
      "type": "Feature",
      "geometry": {
        "type": "Point",
        "coordinates": [
          121.465356,
          25.012172
        ]
      },
      "properties": {
        "no": 3530000000.0,
        "name": "大鈞診所",
        "tel": "2964-6656",
        "address": "新北市中山路2段88號",
        "type": "診所",
        "remark": "如要接種，請先致電詢問疫苗庫存",
        "reservation": "網路、電話、現場",
        "own_expense": "是",
        "division": "家醫科",
        "notice": "接種禁忌一、已知對疫苗的成份有過敏者，不予接種。二、過去注射曾經發生嚴重不良反應者，不予接種。接種注意事項一、 發燒或正患有急性中重疾病者，宜待病情穩定後再接種。二、 出生未滿6個月，因無使用效益及安全性等臨床資料，故不予接種。三、 先前接種本疫苗6週內曾發生Guillain-Barr? 症候群(GBS)者，宜請醫師評估。四、已知對「蛋」之蛋白質有嚴重過敏者，可在門/住診由熟悉處理過敏症狀之醫事人員提供接種，並於接種後觀察341分鐘，無不適症狀再離開。五、 其他經醫師評估不適合接種者，不予' \u0006",
        "twd97x": 296968.74,
        "twd97y": 2767206.41,
        "經度": 121.465356,
        "緯度": 25.012172
      }
    },
    {
      "type": "Feature",
      "geometry": {
        "type": "Point",
        "coordinates": [
          121.465356,
          25.012172
        ]
      },
      "properties": {
        "no": 931010016.0,
        "name": "中英醫療社團法人中英醫院",
        "tel": "2256-3584轉823",
        "address": "新北市文化路一段196號",
        "type": "地區醫院",
        "remark": "如要接種，請先致電詢問疫苗庫存",
        "reservation": "現場",
        "own_expense": "否",
        "division": "內科",
        "notice": "接種禁忌一、已知對疫苗的成份有過敏者，不予接種。二、過去注射曾經發生嚴重不良反應者，不予接種。接種注意事項一、 發燒或正患有急性中重疾病者，宜待病情穩定後再接種。二、 出生未滿6個月，因無使用效益及安全性等臨床資料，故不予接種。三、 先前接種本疫苗6週內曾發生Guillain-Barr? 症候群(GBS)者，宜請醫師評估。四、已知對「蛋」之蛋白質有嚴重過敏者，可在門/住診由熟悉處理過敏症狀之醫事人員提供接種，並於接種後觀察342分鐘，無不適症狀再離開。五、 其他經醫師評估不適合接種者，不予' \u0006",
        "twd97x": 296968.74,
        "twd97y": 2767206.41,
        "經度": 121.465356,
        "緯度": 25.012172
      }
    },
    {
      "type": "Feature",
      "geometry": {
        "type": "Point",
        "coordinates": [
          121.465356,
          25.012172
        ]
      },
      "properties": {
        "no": 3530000000.0,
        "name": "中順興診所",
        "tel": "2964-2345",
        "address": "新北市忠孝路14號",
        "type": "診所",
        "remark": "如要接種，請先致電詢問疫苗庫存",
        "reservation": "現場",
        "own_expense": "否",
        "division": "內科",
        "notice": "接種禁忌一、已知對疫苗的成份有過敏者，不予接種。二、過去注射曾經發生嚴重不良反應者，不予接種。接種注意事項一、 發燒或正患有急性中重疾病者，宜待病情穩定後再接種。二、 出生未滿6個月，因無使用效益及安全性等臨床資料，故不予接種。三、 先前接種本疫苗6週內曾發生Guillain-Barr? 症候群(GBS)者，宜請醫師評估。四、已知對「蛋」之蛋白質有嚴重過敏者，可在門/住診由熟悉處理過敏症狀之醫事人員提供接種，並於接種後觀察343分鐘，無不適症狀再離開。五、 其他經醫師評估不適合接種者，不予' \u0006",
        "twd97x": 296968.74,
        "twd97y": 2767206.41,
        "經度": 121.465356,
        "緯度": 25.012172
      }
    },
    {
      "type": "Feature",
      "geometry": {
        "type": "Point",
        "coordinates": [
          121.465356,
          25.012172
        ]
      },
      "properties": {
        "no": 3530000000.0,
        "name": "仁民診所",
        "tel": "2258-7706",
        "address": "新北市陽明街75號",
        "type": "診所",
        "remark": "如要接種，請先致電詢問疫苗庫存",
        "reservation": "現場",
        "own_expense": "是",
        "division": "家醫科",
        "notice": "接種禁忌一、已知對疫苗的成份有過敏者，不予接種。二、過去注射曾經發生嚴重不良反應者，不予接種。接種注意事項一、 發燒或正患有急性中重疾病者，宜待病情穩定後再接種。二、 出生未滿6個月，因無使用效益及安全性等臨床資料，故不予接種。三、 先前接種本疫苗6週內曾發生Guillain-Barr? 症候群(GBS)者，宜請醫師評估。四、已知對「蛋」之蛋白質有嚴重過敏者，可在門/住診由熟悉處理過敏症狀之醫事人員提供接種，並於接種後觀察344分鐘，無不適症狀再離開。五、 其他經醫師評估不適合接種者，不予' \u0006",
        "twd97x": 296968.74,
        "twd97y": 2767206.41,
        "經度": 121.465356,
        "緯度": 25.012172
      }
    },
    {
      "type": "Feature",
      "geometry": {
        "type": "Point",
        "coordinates": [
          121.465356,
          25.012172
        ]
      },
      "properties": {
        "no": 3530000000.0,
        "name": "仁佑耳鼻喉科診所",
        "tel": "8966-3577",
        "address": "新北市四川路2段39號1樓",
        "type": "診所",
        "remark": "如要接種，請先致電詢問疫苗庫存",
        "reservation": "電話、現場",
        "own_expense": "是",
        "division": "耳鼻喉科",
        "notice": "接種禁忌一、已知對疫苗的成份有過敏者，不予接種。二、過去注射曾經發生嚴重不良反應者，不予接種。接種注意事項一、 發燒或正患有急性中重疾病者，宜待病情穩定後再接種。二、 出生未滿6個月，因無使用效益及安全性等臨床資料，故不予接種。三、 先前接種本疫苗6週內曾發生Guillain-Barr? 症候群(GBS)者，宜請醫師評估。四、已知對「蛋」之蛋白質有嚴重過敏者，可在門/住診由熟悉處理過敏症狀之醫事人員提供接種，並於接種後觀察345分鐘，無不適症狀再離開。五、 其他經醫師評估不適合接種者，不予' \u0006",
        "twd97x": 296968.74,
        "twd97y": 2767206.41,
        "經度": 121.465356,
        "緯度": 25.012172
      }
    },
    {
      "type": "Feature",
      "geometry": {
        "type": "Point",
        "coordinates": [
          121.465356,
          25.012172
        ]
      },
      "properties": {
        "no": 3530000000.0,
        "name": "仁謙診所",
        "tel": "8953-6222",
        "address": "新北市忠孝路102號",
        "type": "診所",
        "remark": "如要接種，請先致電詢問疫苗庫存",
        "reservation": "現場",
        "own_expense": "否",
        "division": "家醫科",
        "notice": "接種禁忌一、已知對疫苗的成份有過敏者，不予接種。二、過去注射曾經發生嚴重不良反應者，不予接種。接種注意事項一、 發燒或正患有急性中重疾病者，宜待病情穩定後再接種。二、 出生未滿6個月，因無使用效益及安全性等臨床資料，故不予接種。三、 先前接種本疫苗6週內曾發生Guillain-Barr? 症候群(GBS)者，宜請醫師評估。四、已知對「蛋」之蛋白質有嚴重過敏者，可在門/住診由熟悉處理過敏症狀之醫事人員提供接種，並於接種後觀察346分鐘，無不適症狀再離開。五、 其他經醫師評估不適合接種者，不予' \u0006",
        "twd97x": 296968.74,
        "twd97y": 2767206.41,
        "經度": 121.465356,
        "緯度": 25.012172
      }
    },
    {
      "type": "Feature",
      "geometry": {
        "type": "Point",
        "coordinates": [
          121.465356,
          25.012172
        ]
      },
      "properties": {
        "no": 3530000000.0,
        "name": "文瑞診所",
        "tel": "2958-9681",
        "address": "新北市板新路101號10樓",
        "type": "診所",
        "remark": "如要接種，請先致電詢問疫苗庫存",
        "reservation": "網路、電話、現場",
        "own_expense": "否",
        "division": "內科",
        "notice": "接種禁忌一、已知對疫苗的成份有過敏者，不予接種。二、過去注射曾經發生嚴重不良反應者，不予接種。接種注意事項一、 發燒或正患有急性中重疾病者，宜待病情穩定後再接種。二、 出生未滿6個月，因無使用效益及安全性等臨床資料，故不予接種。三、 先前接種本疫苗6週內曾發生Guillain-Barr? 症候群(GBS)者，宜請醫師評估。四、已知對「蛋」之蛋白質有嚴重過敏者，可在門/住診由熟悉處理過敏症狀之醫事人員提供接種，並於接種後觀察347分鐘，無不適症狀再離開。五、 其他經醫師評估不適合接種者，不予' \u0006",
        "twd97x": 296968.74,
        "twd97y": 2767206.41,
        "經度": 121.465356,
        "緯度": 25.012172
      }
    },
    {
      "type": "Feature",
      "geometry": {
        "type": "Point",
        "coordinates": [
          121.465356,
          25.012172
        ]
      },
      "properties": {
        "no": 3530000000.0,
        "name": "王林小兒科所",
        "tel": "2958-4966",
        "address": "新北市忠孝路20號",
        "type": "診所",
        "remark": "如要接種，請先致電詢問疫苗庫存",
        "reservation": "電話、現場",
        "own_expense": "是",
        "division": "小兒科",
        "notice": "接種禁忌一、已知對疫苗的成份有過敏者，不予接種。二、過去注射曾經發生嚴重不良反應者，不予接種。接種注意事項一、 發燒或正患有急性中重疾病者，宜待病情穩定後再接種。二、 出生未滿6個月，因無使用效益及安全性等臨床資料，故不予接種。三、 先前接種本疫苗6週內曾發生Guillain-Barr? 症候群(GBS)者，宜請醫師評估。四、已知對「蛋」之蛋白質有嚴重過敏者，可在門/住診由熟悉處理過敏症狀之醫事人員提供接種，並於接種後觀察348分鐘，無不適症狀再離開。五、 其他經醫師評估不適合接種者，不予' \u0006",
        "twd97x": 296968.74,
        "twd97y": 2767206.41,
        "經度": 121.465356,
        "緯度": 25.012172
      }
    },
    {
      "type": "Feature",
      "geometry": {
        "type": "Point",
        "coordinates": [
          121.465356,
          25.012172
        ]
      },
      "properties": {
        "no": 3530000000.0,
        "name": "王起釮小兒科診所",
        "tel": "2256-0217",
        "address": "新北市新海路372號",
        "type": "診所",
        "remark": "如要接種，請先致電詢問疫苗庫存",
        "reservation": "電話、現場",
        "own_expense": "否",
        "division": "小兒科",
        "notice": "接種禁忌一、已知對疫苗的成份有過敏者，不予接種。二、過去注射曾經發生嚴重不良反應者，不予接種。接種注意事項一、 發燒或正患有急性中重疾病者，宜待病情穩定後再接種。二、 出生未滿6個月，因無使用效益及安全性等臨床資料，故不予接種。三、 先前接種本疫苗6週內曾發生Guillain-Barr? 症候群(GBS)者，宜請醫師評估。四、已知對「蛋」之蛋白質有嚴重過敏者，可在門/住診由熟悉處理過敏症狀之醫事人員提供接種，並於接種後觀察349分鐘，無不適症狀再離開。五、 其他經醫師評估不適合接種者，不予' \u0006",
        "twd97x": 296968.74,
        "twd97y": 2767206.41,
        "經度": 121.465356,
        "緯度": 25.012172
      }
    },
    {
      "type": "Feature",
      "geometry": {
        "type": "Point",
        "coordinates": [
          121.465356,
          25.012172
        ]
      },
      "properties": {
        "no": 3530000000.0,
        "name": "幼華診所",
        "tel": "9.35E+08",
        "address": "新北市民族路308號",
        "type": "診所",
        "remark": "如要接種，請先致電詢問疫苗庫存",
        "reservation": "現場",
        "own_expense": "是",
        "division": "家醫科",
        "notice": "接種禁忌一、已知對疫苗的成份有過敏者，不予接種。二、過去注射曾經發生嚴重不良反應者，不予接種。接種注意事項一、 發燒或正患有急性中重疾病者，宜待病情穩定後再接種。二、 出生未滿6個月，因無使用效益及安全性等臨床資料，故不予接種。三、 先前接種本疫苗6週內曾發生Guillain-Barr? 症候群(GBS)者，宜請醫師評估。四、已知對「蛋」之蛋白質有嚴重過敏者，可在門/住診由熟悉處理過敏症狀之醫事人員提供接種，並於接種後觀察350分鐘，無不適症狀再離開。五、 其他經醫師評估不適合接種者，不予' \u0006",
        "twd97x": 296968.74,
        "twd97y": 2767206.41,
        "經度": 121.465356,
        "緯度": 25.012172
      }
    },
    {
      "type": "Feature",
      "geometry": {
        "type": "Point",
        "coordinates": [
          121.465356,
          25.012172
        ]
      },
      "properties": {
        "no": 3530000000.0,
        "name": "合宜診所",
        "tel": "2968-3486",
        "address": "新北市龍興街47號",
        "type": "診所",
        "remark": "如要接種，請先致電詢問疫苗庫存",
        "reservation": "電話",
        "own_expense": "否",
        "division": "一般科",
        "notice": "接種禁忌一、已知對疫苗的成份有過敏者，不予接種。二、過去注射曾經發生嚴重不良反應者，不予接種。接種注意事項一、 發燒或正患有急性中重疾病者，宜待病情穩定後再接種。二、 出生未滿6個月，因無使用效益及安全性等臨床資料，故不予接種。三、 先前接種本疫苗6週內曾發生Guillain-Barr? 症候群(GBS)者，宜請醫師評估。四、已知對「蛋」之蛋白質有嚴重過敏者，可在門/住診由熟悉處理過敏症狀之醫事人員提供接種，並於接種後觀察351分鐘，無不適症狀再離開。五、 其他經醫師評估不適合接種者，不予' \u0006",
        "twd97x": 296968.74,
        "twd97y": 2767206.41,
        "經度": 121.465356,
        "緯度": 25.012172
      }
    },
    {
      "type": "Feature",
      "geometry": {
        "type": "Point",
        "coordinates": [
          121.465356,
          25.012172
        ]
      },
      "properties": {
        "no": 3530000000.0,
        "name": "合泰婦產小兒聯合診所",
        "tel": "2957-6699",
        "address": "新北市忠孝路19號",
        "type": "診所",
        "remark": "如要接種，請先致電詢問疫苗庫存",
        "reservation": "電話、現場",
        "own_expense": "是",
        "division": "婦產小兒科",
        "notice": "接種禁忌一、已知對疫苗的成份有過敏者，不予接種。二、過去注射曾經發生嚴重不良反應者，不予接種。接種注意事項一、 發燒或正患有急性中重疾病者，宜待病情穩定後再接種。二、 出生未滿6個月，因無使用效益及安全性等臨床資料，故不予接種。三、 先前接種本疫苗6週內曾發生Guillain-Barr? 症候群(GBS)者，宜請醫師評估。四、已知對「蛋」之蛋白質有嚴重過敏者，可在門/住診由熟悉處理過敏症狀之醫事人員提供接種，並於接種後觀察352分鐘，無不適症狀再離開。五、 其他經醫師評估不適合接種者，不予' \u0006",
        "twd97x": 296968.74,
        "twd97y": 2767206.41,
        "經度": 121.465356,
        "緯度": 25.012172
      }
    },
    {
      "type": "Feature",
      "geometry": {
        "type": "Point",
        "coordinates": [
          121.465356,
          25.012172
        ]
      },
      "properties": {
        "no": 3530000000.0,
        "name": "安慶診所",
        "tel": "2259-3168",
        "address": "新北市互助街77巷1號",
        "type": "診所",
        "remark": "如要接種，請先致電詢問疫苗庫存",
        "reservation": "電話、現場",
        "own_expense": "是",
        "division": "家醫科",
        "notice": "接種禁忌一、已知對疫苗的成份有過敏者，不予接種。二、過去注射曾經發生嚴重不良反應者，不予接種。接種注意事項一、 發燒或正患有急性中重疾病者，宜待病情穩定後再接種。二、 出生未滿6個月，因無使用效益及安全性等臨床資料，故不予接種。三、 先前接種本疫苗6週內曾發生Guillain-Barr? 症候群(GBS)者，宜請醫師評估。四、已知對「蛋」之蛋白質有嚴重過敏者，可在門/住診由熟悉處理過敏症狀之醫事人員提供接種，並於接種後觀察353分鐘，無不適症狀再離開。五、 其他經醫師評估不適合接種者，不予' \u0006",
        "twd97x": 296968.74,
        "twd97y": 2767206.41,
        "經度": 121.465356,
        "緯度": 25.012172
      }
    },
    {
      "type": "Feature",
      "geometry": {
        "type": "Point",
        "coordinates": [
          121.465356,
          25.012172
        ]
      },
      "properties": {
        "no": 3530000000.0,
        "name": "臣雄診所",
        "tel": "2968-8354",
        "address": "新北市北門街24號",
        "type": "診所",
        "remark": "如要接種，請先致電詢問疫苗庫存",
        "reservation": "現場",
        "own_expense": "是",
        "division": "內科",
        "notice": "接種禁忌一、已知對疫苗的成份有過敏者，不予接種。二、過去注射曾經發生嚴重不良反應者，不予接種。接種注意事項一、 發燒或正患有急性中重疾病者，宜待病情穩定後再接種。二、 出生未滿6個月，因無使用效益及安全性等臨床資料，故不予接種。三、 先前接種本疫苗6週內曾發生Guillain-Barr? 症候群(GBS)者，宜請醫師評估。四、已知對「蛋」之蛋白質有嚴重過敏者，可在門/住診由熟悉處理過敏症狀之醫事人員提供接種，並於接種後觀察354分鐘，無不適症狀再離開。五、 其他經醫師評估不適合接種者，不予' \u0006",
        "twd97x": 296968.74,
        "twd97y": 2767206.41,
        "經度": 121.465356,
        "緯度": 25.012172
      }
    },
    {
      "type": "Feature",
      "geometry": {
        "type": "Point",
        "coordinates": [
          121.465356,
          25.012172
        ]
      },
      "properties": {
        "no": 3530000000.0,
        "name": "佑幼小兒科診所",
        "tel": "2252-6199",
        "address": "新北市文化路二段57號",
        "type": "診所",
        "remark": "如要接種，請先致電詢問疫苗庫存",
        "reservation": "電話、現場",
        "own_expense": "是",
        "division": "兒科",
        "notice": "接種禁忌一、已知對疫苗的成份有過敏者，不予接種。二、過去注射曾經發生嚴重不良反應者，不予接種。接種注意事項一、 發燒或正患有急性中重疾病者，宜待病情穩定後再接種。二、 出生未滿6個月，因無使用效益及安全性等臨床資料，故不予接種。三、 先前接種本疫苗6週內曾發生Guillain-Barr? 症候群(GBS)者，宜請醫師評估。四、已知對「蛋」之蛋白質有嚴重過敏者，可在門/住診由熟悉處理過敏症狀之醫事人員提供接種，並於接種後觀察355分鐘，無不適症狀再離開。五、 其他經醫師評估不適合接種者，不予' \u0006",
        "twd97x": 296968.74,
        "twd97y": 2767206.41,
        "經度": 121.465356,
        "緯度": 25.012172
      }
    },
    {
      "type": "Feature",
      "geometry": {
        "type": "Point",
        "coordinates": [
          121.465356,
          25.012172
        ]
      },
      "properties": {
        "no": 3530000000.0,
        "name": "佑恩小兒科診所",
        "tel": "2965-8386",
        "address": "新北市國光路176號",
        "type": "診所",
        "remark": "如要接種，請先致電詢問疫苗庫存",
        "reservation": "現場",
        "own_expense": "否",
        "division": "小兒科",
        "notice": "接種禁忌一、已知對疫苗的成份有過敏者，不予接種。二、過去注射曾經發生嚴重不良反應者，不予接種。接種注意事項一、 發燒或正患有急性中重疾病者，宜待病情穩定後再接種。二、 出生未滿6個月，因無使用效益及安全性等臨床資料，故不予接種。三、 先前接種本疫苗6週內曾發生Guillain-Barr? 症候群(GBS)者，宜請醫師評估。四、已知對「蛋」之蛋白質有嚴重過敏者，可在門/住診由熟悉處理過敏症狀之醫事人員提供接種，並於接種後觀察356分鐘，無不適症狀再離開。五、 其他經醫師評估不適合接種者，不予' \u0006",
        "twd97x": 296968.74,
        "twd97y": 2767206.41,
        "經度": 121.465356,
        "緯度": 25.012172
      }
    },
    {
      "type": "Feature",
      "geometry": {
        "type": "Point",
        "coordinates": [
          121.465356,
          25.012172
        ]
      },
      "properties": {
        "no": 3530000000.0,
        "name": "余立俊診所",
        "tel": "2967-1329",
        "address": "新北市民權路202巷11弄2號",
        "type": "診所",
        "remark": "如要接種，請先致電詢問疫苗庫存",
        "reservation": "現場",
        "own_expense": "否",
        "division": "家醫科",
        "notice": "接種禁忌一、已知對疫苗的成份有過敏者，不予接種。二、過去注射曾經發生嚴重不良反應者，不予接種。接種注意事項一、 發燒或正患有急性中重疾病者，宜待病情穩定後再接種。二、 出生未滿6個月，因無使用效益及安全性等臨床資料，故不予接種。三、 先前接種本疫苗6週內曾發生Guillain-Barr? 症候群(GBS)者，宜請醫師評估。四、已知對「蛋」之蛋白質有嚴重過敏者，可在門/住診由熟悉處理過敏症狀之醫事人員提供接種，並於接種後觀察357分鐘，無不適症狀再離開。五、 其他經醫師評估不適合接種者，不予' \u0006",
        "twd97x": 296968.74,
        "twd97y": 2767206.41,
        "經度": 121.465356,
        "緯度": 25.012172
      }
    },
    {
      "type": "Feature",
      "geometry": {
        "type": "Point",
        "coordinates": [
          121.465356,
          25.012172
        ]
      },
      "properties": {
        "no": 3530000000.0,
        "name": "利人診所",
        "tel": "2251-1067",
        "address": "新北市松柏街67號1樓",
        "type": "診所",
        "remark": "如要接種，請先致電詢問疫苗庫存",
        "reservation": "現場",
        "own_expense": "是",
        "division": "家醫科",
        "notice": "接種禁忌一、已知對疫苗的成份有過敏者，不予接種。二、過去注射曾經發生嚴重不良反應者，不予接種。接種注意事項一、 發燒或正患有急性中重疾病者，宜待病情穩定後再接種。二、 出生未滿6個月，因無使用效益及安全性等臨床資料，故不予接種。三、 先前接種本疫苗6週內曾發生Guillain-Barr? 症候群(GBS)者，宜請醫師評估。四、已知對「蛋」之蛋白質有嚴重過敏者，可在門/住診由熟悉處理過敏症狀之醫事人員提供接種，並於接種後觀察358分鐘，無不適症狀再離開。五、 其他經醫師評估不適合接種者，不予' \u0006",
        "twd97x": 296968.74,
        "twd97y": 2767206.41,
        "經度": 121.465356,
        "緯度": 25.012172
      }
    },
    {
      "type": "Feature",
      "geometry": {
        "type": "Point",
        "coordinates": [
          121.465356,
          25.012172
        ]
      },
      "properties": {
        "no": 3530000000.0,
        "name": "吳宏誠小兒科診所",
        "tel": "2250-2422",
        "address": "新北市莊敬路156號1樓",
        "type": "診所",
        "remark": "如要接種，請先致電詢問疫苗庫存",
        "reservation": "電話、現場",
        "own_expense": "是",
        "division": "小兒科",
        "notice": "接種禁忌一、已知對疫苗的成份有過敏者，不予接種。二、過去注射曾經發生嚴重不良反應者，不予接種。接種注意事項一、 發燒或正患有急性中重疾病者，宜待病情穩定後再接種。二、 出生未滿6個月，因無使用效益及安全性等臨床資料，故不予接種。三、 先前接種本疫苗6週內曾發生Guillain-Barr? 症候群(GBS)者，宜請醫師評估。四、已知對「蛋」之蛋白質有嚴重過敏者，可在門/住診由熟悉處理過敏症狀之醫事人員提供接種，並於接種後觀察359分鐘，無不適症狀再離開。五、 其他經醫師評估不適合接種者，不予' \u0006",
        "twd97x": 296968.74,
        "twd97y": 2767206.41,
        "經度": 121.465356,
        "緯度": 25.012172
      }
    },
    {
      "type": "Feature",
      "geometry": {
        "type": "Point",
        "coordinates": [
          121.465356,
          25.012172
        ]
      },
      "properties": {
        "no": 3530000000.0,
        "name": "吳建明小兒科診所",
        "tel": "8967-0670",
        "address": "新北市四川路2段245巷46號",
        "type": "診所",
        "remark": "如要接種，請先致電詢問疫苗庫存",
        "reservation": "電話、現場",
        "own_expense": "是",
        "division": "小兒科",
        "notice": "接種禁忌一、已知對疫苗的成份有過敏者，不予接種。二、過去注射曾經發生嚴重不良反應者，不予接種。接種注意事項一、 發燒或正患有急性中重疾病者，宜待病情穩定後再接種。二、 出生未滿6個月，因無使用效益及安全性等臨床資料，故不予接種。三、 先前接種本疫苗6週內曾發生Guillain-Barr? 症候群(GBS)者，宜請醫師評估。四、已知對「蛋」之蛋白質有嚴重過敏者，可在門/住診由熟悉處理過敏症狀之醫事人員提供接種，並於接種後觀察360分鐘，無不適症狀再離開。五、 其他經醫師評估不適合接種者，不予' \u0006",
        "twd97x": 296968.74,
        "twd97y": 2767206.41,
        "經度": 121.465356,
        "緯度": 25.012172
      }
    },
    {
      "type": "Feature",
      "geometry": {
        "type": "Point",
        "coordinates": [
          121.465356,
          25.012172
        ]
      },
      "properties": {
        "no": 3530000000.0,
        "name": "吳懿?小兒科診所",
        "tel": "2272-8269",
        "address": "新北市國光路43號1樓",
        "type": "診所",
        "remark": "如要接種，請先致電詢問疫苗庫存",
        "reservation": "電話、現場",
        "own_expense": "是",
        "division": "小兒科",
        "notice": "接種禁忌一、已知對疫苗的成份有過敏者，不予接種。二、過去注射曾經發生嚴重不良反應者，不予接種。接種注意事項一、 發燒或正患有急性中重疾病者，宜待病情穩定後再接種。二、 出生未滿6個月，因無使用效益及安全性等臨床資料，故不予接種。三、 先前接種本疫苗6週內曾發生Guillain-Barr? 症候群(GBS)者，宜請醫師評估。四、已知對「蛋」之蛋白質有嚴重過敏者，可在門/住診由熟悉處理過敏症狀之醫事人員提供接種，並於接種後觀察361分鐘，無不適症狀再離開。五、 其他經醫師評估不適合接種者，不予' \u0006",
        "twd97x": 296968.74,
        "twd97y": 2767206.41,
        "經度": 121.465356,
        "緯度": 25.012172
      }
    },
    {
      "type": "Feature",
      "geometry": {
        "type": "Point",
        "coordinates": [
          121.465356,
          25.012172
        ]
      },
      "properties": {
        "no": 3530000000.0,
        "name": "宏元小兒科診所",
        "tel": "8258-3603",
        "address": "新北市仁化街1 號",
        "type": "診所",
        "remark": "如要接種，請先致電詢問疫苗庫存",
        "reservation": "電話、現場",
        "own_expense": "是",
        "division": "小兒科",
        "notice": "接種禁忌一、已知對疫苗的成份有過敏者，不予接種。二、過去注射曾經發生嚴重不良反應者，不予接種。接種注意事項一、 發燒或正患有急性中重疾病者，宜待病情穩定後再接種。二、 出生未滿6個月，因無使用效益及安全性等臨床資料，故不予接種。三、 先前接種本疫苗6週內曾發生Guillain-Barr? 症候群(GBS)者，宜請醫師評估。四、已知對「蛋」之蛋白質有嚴重過敏者，可在門/住診由熟悉處理過敏症狀之醫事人員提供接種，並於接種後觀察362分鐘，無不適症狀再離開。五、 其他經醫師評估不適合接種者，不予' \u0006",
        "twd97x": 296968.74,
        "twd97y": 2767206.41,
        "經度": 121.465356,
        "緯度": 25.012172
      }
    },
    {
      "type": "Feature",
      "geometry": {
        "type": "Point",
        "coordinates": [
          121.465356,
          25.012172
        ]
      },
      "properties": {
        "no": 3530000000.0,
        "name": "宏文小兒科診所",
        "tel": "2272-8123",
        "address": "新北市國光路45號",
        "type": "診所",
        "remark": "如要接種，請先致電詢問疫苗庫存",
        "reservation": "電話、現場",
        "own_expense": "否",
        "division": "小兒科",
        "notice": "接種禁忌一、已知對疫苗的成份有過敏者，不予接種。二、過去注射曾經發生嚴重不良反應者，不予接種。接種注意事項一、 發燒或正患有急性中重疾病者，宜待病情穩定後再接種。二、 出生未滿6個月，因無使用效益及安全性等臨床資料，故不予接種。三、 先前接種本疫苗6週內曾發生Guillain-Barr? 症候群(GBS)者，宜請醫師評估。四、已知對「蛋」之蛋白質有嚴重過敏者，可在門/住診由熟悉處理過敏症狀之醫事人員提供接種，並於接種後觀察363分鐘，無不適症狀再離開。五、 其他經醫師評估不適合接種者，不予' \u0006",
        "twd97x": 296968.74,
        "twd97y": 2767206.41,
        "經度": 121.465356,
        "緯度": 25.012172
      }
    },
    {
      "type": "Feature",
      "geometry": {
        "type": "Point",
        "coordinates": [
          121.465356,
          25.012172
        ]
      },
      "properties": {
        "no": 3530000000.0,
        "name": "志明診所",
        "tel": "2675-8609",
        "address": "新北市篤行路二段52號",
        "type": "診所",
        "remark": "如要接種，請先致電詢問疫苗庫存",
        "reservation": "現場",
        "own_expense": "否",
        "division": "一般科",
        "notice": "接種禁忌一、已知對疫苗的成份有過敏者，不予接種。二、過去注射曾經發生嚴重不良反應者，不予接種。接種注意事項一、 發燒或正患有急性中重疾病者，宜待病情穩定後再接種。二、 出生未滿6個月，因無使用效益及安全性等臨床資料，故不予接種。三、 先前接種本疫苗6週內曾發生Guillain-Barr? 症候群(GBS)者，宜請醫師評估。四、已知對「蛋」之蛋白質有嚴重過敏者，可在門/住診由熟悉處理過敏症狀之醫事人員提供接種，並於接種後觀察364分鐘，無不適症狀再離開。五、 其他經醫師評估不適合接種者，不予' \u0006",
        "twd97x": 296968.74,
        "twd97y": 2767206.41,
        "經度": 121.465356,
        "緯度": 25.012172
      }
    },
    {
      "type": "Feature",
      "geometry": {
        "type": "Point",
        "coordinates": [
          121.465356,
          25.012172
        ]
      },
      "properties": {
        "no": 3530000000.0,
        "name": "良品婦幼聯合診所",
        "tel": "2965-0111",
        "address": "新北市南雅南路一段8之8號1樓",
        "type": "診所",
        "remark": "如要接種，請先致電詢問疫苗庫存",
        "reservation": "網路、電話、現場",
        "own_expense": "是",
        "division": "小兒科",
        "notice": "接種禁忌一、已知對疫苗的成份有過敏者，不予接種。二、過去注射曾經發生嚴重不良反應者，不予接種。接種注意事項一、 發燒或正患有急性中重疾病者，宜待病情穩定後再接種。二、 出生未滿6個月，因無使用效益及安全性等臨床資料，故不予接種。三、 先前接種本疫苗6週內曾發生Guillain-Barr? 症候群(GBS)者，宜請醫師評估。四、已知對「蛋」之蛋白質有嚴重過敏者，可在門/住診由熟悉處理過敏症狀之醫事人員提供接種，並於接種後觀察365分鐘，無不適症狀再離開。五、 其他經醫師評估不適合接種者，不予' \u0006",
        "twd97x": 296968.74,
        "twd97y": 2767206.41,
        "經度": 121.465356,
        "緯度": 25.012172
      }
    },
    {
      "type": "Feature",
      "geometry": {
        "type": "Point",
        "coordinates": [
          121.465356,
          25.012172
        ]
      },
      "properties": {
        "no": 3530000000.0,
        "name": "里安診所",
        "tel": "9.83E+08",
        "address": "新北市信義路58號1樓",
        "type": "診所",
        "remark": "如要接種，請先致電詢問疫苗庫存",
        "reservation": "現場",
        "own_expense": "是",
        "division": "家醫科",
        "notice": "接種禁忌一、已知對疫苗的成份有過敏者，不予接種。二、過去注射曾經發生嚴重不良反應者，不予接種。接種注意事項一、 發燒或正患有急性中重疾病者，宜待病情穩定後再接種。二、 出生未滿6個月，因無使用效益及安全性等臨床資料，故不予接種。三、 先前接種本疫苗6週內曾發生Guillain-Barr? 症候群(GBS)者，宜請醫師評估。四、已知對「蛋」之蛋白質有嚴重過敏者，可在門/住診由熟悉處理過敏症狀之醫事人員提供接種，並於接種後觀察366分鐘，無不適症狀再離開。五、 其他經醫師評估不適合接種者，不予' \u0006",
        "twd97x": 296968.74,
        "twd97y": 2767206.41,
        "經度": 121.465356,
        "緯度": 25.012172
      }
    },
    {
      "type": "Feature",
      "geometry": {
        "type": "Point",
        "coordinates": [
          121.465356,
          25.012172
        ]
      },
      "properties": {
        "no": 1130000000.0,
        "name": "亞東紀念醫院",
        "tel": "7728-1367",
        "address": "新北市南雅南路2段21號",
        "type": "醫學中心",
        "remark": "如要接種，請先致電詢問疫苗庫存",
        "reservation": "網路、電話、傳真、現場",
        "own_expense": "是",
        "division": "除中醫外",
        "notice": "接種禁忌一、已知對疫苗的成份有過敏者，不予接種。二、過去注射曾經發生嚴重不良反應者，不予接種。接種注意事項一、 發燒或正患有急性中重疾病者，宜待病情穩定後再接種。二、 出生未滿6個月，因無使用效益及安全性等臨床資料，故不予接種。三、 先前接種本疫苗6週內曾發生Guillain-Barr? 症候群(GBS)者，宜請醫師評估。四、已知對「蛋」之蛋白質有嚴重過敏者，可在門/住診由熟悉處理過敏症狀之醫事人員提供接種，並於接種後觀察367分鐘，無不適症狀再離開。五、 其他經醫師評估不適合接種者，不予' \u0006",
        "twd97x": 296968.74,
        "twd97y": 2767206.41,
        "經度": 121.465356,
        "緯度": 25.012172
      }
    },
    {
      "type": "Feature",
      "geometry": {
        "type": "Point",
        "coordinates": [
          121.465356,
          25.012172
        ]
      },
      "properties": {
        "no": 3530000000.0,
        "name": "佳恩耳鼻喉科診所",
        "tel": "2250-9566",
        "address": "新北市新埔里陽明街40號",
        "type": "診所",
        "remark": "如要接種，請先致電詢問疫苗庫存",
        "reservation": "現場",
        "own_expense": "是",
        "division": "耳鼻喉科",
        "notice": "接種禁忌一、已知對疫苗的成份有過敏者，不予接種。二、過去注射曾經發生嚴重不良反應者，不予接種。接種注意事項一、 發燒或正患有急性中重疾病者，宜待病情穩定後再接種。二、 出生未滿6個月，因無使用效益及安全性等臨床資料，故不予接種。三、 先前接種本疫苗6週內曾發生Guillain-Barr? 症候群(GBS)者，宜請醫師評估。四、已知對「蛋」之蛋白質有嚴重過敏者，可在門/住診由熟悉處理過敏症狀之醫事人員提供接種，並於接種後觀察368分鐘，無不適症狀再離開。五、 其他經醫師評估不適合接種者，不予' \u0006",
        "twd97x": 296968.74,
        "twd97y": 2767206.41,
        "經度": 121.465356,
        "緯度": 25.012172
      }
    },
    {
      "type": "Feature",
      "geometry": {
        "type": "Point",
        "coordinates": [
          0.0,
          0.0
        ]
      },
      "properties": {
        "no": 3530000000.0,
        "name": "佳誠診所",
        "tel": "8952-1258",
        "address": "中山路二段140號",
        "type": "診所",
        "remark": "如要接種，請先致電詢問疫苗庫存",
        "reservation": "電話、現場",
        "own_expense": "是",
        "division": "家醫科",
        "notice": "接種禁忌一、已知對疫苗的成份有過敏者，不予接種。二、過去注射曾經發生嚴重不良反應者，不予接種。接種注意事項一、 發燒或正患有急性中重疾病者，宜待病情穩定後再接種。二、 出生未滿6個月，因無使用效益及安全性等臨床資料，故不予接種。三、 先前接種本疫苗6週內曾發生Guillain-Barr? 症候群(GBS)者，宜請醫師評估。四、已知對「蛋」之蛋白質有嚴重過敏者，可在門/住診由熟悉處理過敏症狀之醫事人員提供接種，並於接種後觀察369分鐘，無不適症狀再離開。五、 其他經醫師評估不適合接種者，不予' \u0006",
        "twd97x": 0.0,
        "twd97y": 0.0,
        "經度": 0.0,
        "緯度": 0.0
      }
    },
    {
      "type": "Feature",
      "geometry": {
        "type": "Point",
        "coordinates": [
          121.465356,
          25.012172
        ]
      },
      "properties": {
        "no": 3530000000.0,
        "name": "兒林小兒科診所",
        "tel": "8952-3069",
        "address": "新北市廣和街90號1樓",
        "type": "診所",
        "remark": "如要接種，請先致電詢問疫苗庫存",
        "reservation": "現場",
        "own_expense": "是",
        "division": "小兒科",
        "notice": "接種禁忌一、已知對疫苗的成份有過敏者，不予接種。二、過去注射曾經發生嚴重不良反應者，不予接種。接種注意事項一、 發燒或正患有急性中重疾病者，宜待病情穩定後再接種。二、 出生未滿6個月，因無使用效益及安全性等臨床資料，故不予接種。三、 先前接種本疫苗6週內曾發生Guillain-Barr? 症候群(GBS)者，宜請醫師評估。四、已知對「蛋」之蛋白質有嚴重過敏者，可在門/住診由熟悉處理過敏症狀之醫事人員提供接種，並於接種後觀察370分鐘，無不適症狀再離開。五、 其他經醫師評估不適合接種者，不予' \u0006",
        "twd97x": 296968.74,
        "twd97y": 2767206.41,
        "經度": 121.465356,
        "緯度": 25.012172
      }
    },
    {
      "type": "Feature",
      "geometry": {
        "type": "Point",
        "coordinates": [
          121.465356,
          25.012172
        ]
      },
      "properties": {
        "no": 3530000000.0,
        "name": "周文通診所",
        "tel": "2257-2435",
        "address": "新北市四維路292號",
        "type": "診所",
        "remark": "如要接種，請先致電詢問疫苗庫存",
        "reservation": "電話、現場",
        "own_expense": "否",
        "division": "家醫科",
        "notice": "接種禁忌一、已知對疫苗的成份有過敏者，不予接種。二、過去注射曾經發生嚴重不良反應者，不予接種。接種注意事項一、 發燒或正患有急性中重疾病者，宜待病情穩定後再接種。二、 出生未滿6個月，因無使用效益及安全性等臨床資料，故不予接種。三、 先前接種本疫苗6週內曾發生Guillain-Barr? 症候群(GBS)者，宜請醫師評估。四、已知對「蛋」之蛋白質有嚴重過敏者，可在門/住診由熟悉處理過敏症狀之醫事人員提供接種，並於接種後觀察371分鐘，無不適症狀再離開。五、 其他經醫師評估不適合接種者，不予' \u0006",
        "twd97x": 296968.74,
        "twd97y": 2767206.41,
        "經度": 121.465356,
        "緯度": 25.012172
      }
    },
    {
      "type": "Feature",
      "geometry": {
        "type": "Point",
        "coordinates": [
          121.465356,
          25.012172
        ]
      },
      "properties": {
        "no": 3530000000.0,
        "name": "周耳鼻喉科診所",
        "tel": "2252-5158",
        "address": "新北市文化路二段5號1樓",
        "type": "診所",
        "remark": "如要接種，請先致電詢問疫苗庫存",
        "reservation": "電話、現場",
        "own_expense": "是",
        "division": "耳鼻喉、家醫科",
        "notice": "接種禁忌一、已知對疫苗的成份有過敏者，不予接種。二、過去注射曾經發生嚴重不良反應者，不予接種。接種注意事項一、 發燒或正患有急性中重疾病者，宜待病情穩定後再接種。二、 出生未滿6個月，因無使用效益及安全性等臨床資料，故不予接種。三、 先前接種本疫苗6週內曾發生Guillain-Barr? 症候群(GBS)者，宜請醫師評估。四、已知對「蛋」之蛋白質有嚴重過敏者，可在門/住診由熟悉處理過敏症狀之醫事人員提供接種，並於接種後觀察372分鐘，無不適症狀再離開。五、 其他經醫師評估不適合接種者，不予' \u0006",
        "twd97x": 296968.74,
        "twd97y": 2767206.41,
        "經度": 121.465356,
        "緯度": 25.012172
      }
    },
    {
      "type": "Feature",
      "geometry": {
        "type": "Point",
        "coordinates": [
          121.465356,
          25.012172
        ]
      },
      "properties": {
        "no": 3530000000.0,
        "name": "和安診所",
        "tel": "2257-8133",
        "address": "新北市四維路313號",
        "type": "診所",
        "remark": "如要接種，請先致電詢問疫苗庫存",
        "reservation": "電話、現場",
        "own_expense": "是",
        "division": "家醫科",
        "notice": "接種禁忌一、已知對疫苗的成份有過敏者，不予接種。二、過去注射曾經發生嚴重不良反應者，不予接種。接種注意事項一、 發燒或正患有急性中重疾病者，宜待病情穩定後再接種。二、 出生未滿6個月，因無使用效益及安全性等臨床資料，故不予接種。三、 先前接種本疫苗6週內曾發生Guillain-Barr? 症候群(GBS)者，宜請醫師評估。四、已知對「蛋」之蛋白質有嚴重過敏者，可在門/住診由熟悉處理過敏症狀之醫事人員提供接種，並於接種後觀察373分鐘，無不適症狀再離開。五、 其他經醫師評估不適合接種者，不予' \u0006",
        "twd97x": 296968.74,
        "twd97y": 2767206.41,
        "經度": 121.465356,
        "緯度": 25.012172
      }
    },
    {
      "type": "Feature",
      "geometry": {
        "type": "Point",
        "coordinates": [
          121.465356,
          25.012172
        ]
      },
      "properties": {
        "no": 931010025.0,
        "name": "板英醫院",
        "tel": "8251-3923",
        "address": "新北市文化路一段269號",
        "type": "地區醫院",
        "remark": "如要接種，請先致電詢問疫苗庫存",
        "reservation": "現場",
        "own_expense": "否",
        "division": "家醫科",
        "notice": "接種禁忌一、已知對疫苗的成份有過敏者，不予接種。二、過去注射曾經發生嚴重不良反應者，不予接種。接種注意事項一、 發燒或正患有急性中重疾病者，宜待病情穩定後再接種。二、 出生未滿6個月，因無使用效益及安全性等臨床資料，故不予接種。三、 先前接種本疫苗6週內曾發生Guillain-Barr? 症候群(GBS)者，宜請醫師評估。四、已知對「蛋」之蛋白質有嚴重過敏者，可在門/住診由熟悉處理過敏症狀之醫事人員提供接種，並於接種後觀察374分鐘，無不適症狀再離開。五、 其他經醫師評估不適合接種者，不予' \u0006",
        "twd97x": 296968.74,
        "twd97y": 2767206.41,
        "經度": 121.465356,
        "緯度": 25.012172
      }
    },
    {
      "type": "Feature",
      "geometry": {
        "type": "Point",
        "coordinates": [
          121.465356,
          25.012172
        ]
      },
      "properties": {
        "no": 1530000000.0,
        "name": "板新醫院",
        "tel": "2960-9955#775",
        "address": "新北市中正路189號",
        "type": "地區醫院",
        "remark": "如要接種，請先致電詢問疫苗庫存",
        "reservation": "現場",
        "own_expense": "是",
        "division": "家醫科",
        "notice": "接種禁忌一、已知對疫苗的成份有過敏者，不予接種。二、過去注射曾經發生嚴重不良反應者，不予接種。接種注意事項一、 發燒或正患有急性中重疾病者，宜待病情穩定後再接種。二、 出生未滿6個月，因無使用效益及安全性等臨床資料，故不予接種。三、 先前接種本疫苗6週內曾發生Guillain-Barr? 症候群(GBS)者，宜請醫師評估。四、已知對「蛋」之蛋白質有嚴重過敏者，可在門/住診由熟悉處理過敏症狀之醫事人員提供接種，並於接種後觀察375分鐘，無不適症狀再離開。五、 其他經醫師評估不適合接種者，不予' \u0006",
        "twd97x": 296968.74,
        "twd97y": 2767206.41,
        "經度": 121.465356,
        "緯度": 25.012172
      }
    },
    {
      "type": "Feature",
      "geometry": {
        "type": "Point",
        "coordinates": [
          121.465356,
          25.012172
        ]
      },
      "properties": {
        "no": 3530000000.0,
        "name": "板橋李耳鼻喉科",
        "tel": "2960-6999",
        "address": "新北市縣民大道1段185號",
        "type": "診所",
        "remark": "如要接種，請先致電詢問疫苗庫存",
        "reservation": "現場",
        "own_expense": "否",
        "division": "耳鼻喉科",
        "notice": "接種禁忌一、已知對疫苗的成份有過敏者，不予接種。二、過去注射曾經發生嚴重不良反應者，不予接種。接種注意事項一、 發燒或正患有急性中重疾病者，宜待病情穩定後再接種。二、 出生未滿6個月，因無使用效益及安全性等臨床資料，故不予接種。三、 先前接種本疫苗6週內曾發生Guillain-Barr? 症候群(GBS)者，宜請醫師評估。四、已知對「蛋」之蛋白質有嚴重過敏者，可在門/住診由熟悉處理過敏症狀之醫事人員提供接種，並於接種後觀察376分鐘，無不適症狀再離開。五、 其他經醫師評估不適合接種者，不予' \u0006",
        "twd97x": 296968.74,
        "twd97y": 2767206.41,
        "經度": 121.465356,
        "緯度": 25.012172
      }
    },
    {
      "type": "Feature",
      "geometry": {
        "type": "Point",
        "coordinates": [
          121.465356,
          25.012172
        ]
      },
      "properties": {
        "no": 1530000000.0,
        "name": "板橋國泰醫院",
        "tel": "2958-3333",
        "address": "新北市忠孝路5號",
        "type": "地區醫院",
        "remark": "如要接種，請先致電詢問疫苗庫存",
        "reservation": "無",
        "own_expense": "否",
        "division": "消化內科",
        "notice": "接種禁忌一、已知對疫苗的成份有過敏者，不予接種。二、過去注射曾經發生嚴重不良反應者，不予接種。接種注意事項一、 發燒或正患有急性中重疾病者，宜待病情穩定後再接種。二、 出生未滿6個月，因無使用效益及安全性等臨床資料，故不予接種。三、 先前接種本疫苗6週內曾發生Guillain-Barr? 症候群(GBS)者，宜請醫師評估。四、已知對「蛋」之蛋白質有嚴重過敏者，可在門/住診由熟悉處理過敏症狀之醫事人員提供接種，並於接種後觀察377分鐘，無不適症狀再離開。五、 其他經醫師評估不適合接種者，不予' \u0006",
        "twd97x": 296968.74,
        "twd97y": 2767206.41,
        "經度": 121.465356,
        "緯度": 25.012172
      }
    },
    {
      "type": "Feature",
      "geometry": {
        "type": "Point",
        "coordinates": [
          121.465356,
          25.012172
        ]
      },
      "properties": {
        "no": 2630000000.0,
        "name": "板橋榮譽國民之家醫務室",
        "tel": "2275-5157轉331、316",
        "address": "新北市大觀路二段32號",
        "type": "診所",
        "remark": "如要接種，請先致電詢問疫苗庫存",
        "reservation": "現場",
        "own_expense": "否",
        "division": "家醫科",
        "notice": "接種禁忌一、已知對疫苗的成份有過敏者，不予接種。二、過去注射曾經發生嚴重不良反應者，不予接種。接種注意事項一、 發燒或正患有急性中重疾病者，宜待病情穩定後再接種。二、 出生未滿6個月，因無使用效益及安全性等臨床資料，故不予接種。三、 先前接種本疫苗6週內曾發生Guillain-Barr? 症候群(GBS)者，宜請醫師評估。四、已知對「蛋」之蛋白質有嚴重過敏者，可在門/住診由熟悉處理過敏症狀之醫事人員提供接種，並於接種後觀察378分鐘，無不適症狀再離開。五、 其他經醫師評估不適合接種者，不予' \u0006",
        "twd97x": 296968.74,
        "twd97y": 2767206.41,
        "經度": 121.465356,
        "緯度": 25.012172
      }
    },
    {
      "type": "Feature",
      "geometry": {
        "type": "Point",
        "coordinates": [
          121.465356,
          25.012172
        ]
      },
      "properties": {
        "no": 3530000000.0,
        "name": "板聯診所",
        "tel": "2255-9990",
        "address": "新北市民治街140號1樓",
        "type": "診所",
        "remark": "如要接種，請先致電詢問疫苗庫存",
        "reservation": "現場",
        "own_expense": "否",
        "division": "家醫科",
        "notice": "接種禁忌一、已知對疫苗的成份有過敏者，不予接種。二、過去注射曾經發生嚴重不良反應者，不予接種。接種注意事項一、 發燒或正患有急性中重疾病者，宜待病情穩定後再接種。二、 出生未滿6個月，因無使用效益及安全性等臨床資料，故不予接種。三、 先前接種本疫苗6週內曾發生Guillain-Barr? 症候群(GBS)者，宜請醫師評估。四、已知對「蛋」之蛋白質有嚴重過敏者，可在門/住診由熟悉處理過敏症狀之醫事人員提供接種，並於接種後觀察379分鐘，無不適症狀再離開。五、 其他經醫師評估不適合接種者，不予' \u0006",
        "twd97x": 296968.74,
        "twd97y": 2767206.41,
        "經度": 121.465356,
        "緯度": 25.012172
      }
    },
    {
      "type": "Feature",
      "geometry": {
        "type": "Point",
        "coordinates": [
          121.465356,
          25.012172
        ]
      },
      "properties": {
        "no": 3530000000.0,
        "name": "林子敬診所",
        "tel": "2959-1986",
        "address": "新北市中山路2段198號",
        "type": "診所",
        "remark": "如要接種，請先致電詢問疫苗庫存",
        "reservation": "現場",
        "own_expense": "是",
        "division": "一般科兒科",
        "notice": "接種禁忌一、已知對疫苗的成份有過敏者，不予接種。二、過去注射曾經發生嚴重不良反應者，不予接種。接種注意事項一、 發燒或正患有急性中重疾病者，宜待病情穩定後再接種。二、 出生未滿6個月，因無使用效益及安全性等臨床資料，故不予接種。三、 先前接種本疫苗6週內曾發生Guillain-Barr? 症候群(GBS)者，宜請醫師評估。四、已知對「蛋」之蛋白質有嚴重過敏者，可在門/住診由熟悉處理過敏症狀之醫事人員提供接種，並於接種後觀察380分鐘，無不適症狀再離開。五、 其他經醫師評估不適合接種者，不予' \u0006",
        "twd97x": 296968.74,
        "twd97y": 2767206.41,
        "經度": 121.465356,
        "緯度": 25.012172
      }
    },
    {
      "type": "Feature",
      "geometry": {
        "type": "Point",
        "coordinates": [
          121.465356,
          25.012172
        ]
      },
      "properties": {
        "no": 3530000000.0,
        "name": "林國本耳鼻喉科",
        "tel": "2255-7445",
        "address": "新北市文聖街6號",
        "type": "診所",
        "remark": "如要接種，請先致電詢問疫苗庫存",
        "reservation": "現場",
        "own_expense": "否",
        "division": "耳鼻喉科",
        "notice": "接種禁忌一、已知對疫苗的成份有過敏者，不予接種。二、過去注射曾經發生嚴重不良反應者，不予接種。接種注意事項一、 發燒或正患有急性中重疾病者，宜待病情穩定後再接種。二、 出生未滿6個月，因無使用效益及安全性等臨床資料，故不予接種。三、 先前接種本疫苗6週內曾發生Guillain-Barr? 症候群(GBS)者，宜請醫師評估。四、已知對「蛋」之蛋白質有嚴重過敏者，可在門/住診由熟悉處理過敏症狀之醫事人員提供接種，並於接種後觀察381分鐘，無不適症狀再離開。五、 其他經醫師評估不適合接種者，不予' \u0006",
        "twd97x": 296968.74,
        "twd97y": 2767206.41,
        "經度": 121.465356,
        "緯度": 25.012172
      }
    },
    {
      "type": "Feature",
      "geometry": {
        "type": "Point",
        "coordinates": [
          121.465356,
          25.012172
        ]
      },
      "properties": {
        "no": 3530000000.0,
        "name": "林儀文婦產科",
        "tel": "2969-6995",
        "address": "新北市民權路218號",
        "type": "診所",
        "remark": "如要接種，請先致電詢問疫苗庫存",
        "reservation": "現場",
        "own_expense": "是",
        "division": "婦產科",
        "notice": "接種禁忌一、已知對疫苗的成份有過敏者，不予接種。二、過去注射曾經發生嚴重不良反應者，不予接種。接種注意事項一、 發燒或正患有急性中重疾病者，宜待病情穩定後再接種。二、 出生未滿6個月，因無使用效益及安全性等臨床資料，故不予接種。三、 先前接種本疫苗6週內曾發生Guillain-Barr? 症候群(GBS)者，宜請醫師評估。四、已知對「蛋」之蛋白質有嚴重過敏者，可在門/住診由熟悉處理過敏症狀之醫事人員提供接種，並於接種後觀察382分鐘，無不適症狀再離開。五、 其他經醫師評估不適合接種者，不予' \u0006",
        "twd97x": 296968.74,
        "twd97y": 2767206.41,
        "經度": 121.465356,
        "緯度": 25.012172
      }
    },
    {
      "type": "Feature",
      "geometry": {
        "type": "Point",
        "coordinates": [
          121.465356,
          25.012172
        ]
      },
      "properties": {
        "no": 3530000000.0,
        "name": "欣心診所",
        "tel": "8252-8652",
        "address": "新北市莒光路94號1樓",
        "type": "診所",
        "remark": "如要接種，請先致電詢問疫苗庫存",
        "reservation": "現場",
        "own_expense": "是",
        "division": "家醫科",
        "notice": "接種禁忌一、已知對疫苗的成份有過敏者，不予接種。二、過去注射曾經發生嚴重不良反應者，不予接種。接種注意事項一、 發燒或正患有急性中重疾病者，宜待病情穩定後再接種。二、 出生未滿6個月，因無使用效益及安全性等臨床資料，故不予接種。三、 先前接種本疫苗6週內曾發生Guillain-Barr? 症候群(GBS)者，宜請醫師評估。四、已知對「蛋」之蛋白質有嚴重過敏者，可在門/住診由熟悉處理過敏症狀之醫事人員提供接種，並於接種後觀察383分鐘，無不適症狀再離開。五、 其他經醫師評估不適合接種者，不予' \u0006",
        "twd97x": 296968.74,
        "twd97y": 2767206.41,
        "經度": 121.465356,
        "緯度": 25.012172
      }
    },
    {
      "type": "Feature",
      "geometry": {
        "type": "Point",
        "coordinates": [
          121.465356,
          25.012172
        ]
      },
      "properties": {
        "no": 3530000000.0,
        "name": "欣幼婦產科診所",
        "tel": "2959-1158",
        "address": "新北市四川路一段188號",
        "type": "診所",
        "remark": "如要接種，請先致電詢問疫苗庫存",
        "reservation": "網路、電話、現場",
        "own_expense": "是",
        "division": "婦產科",
        "notice": "接種禁忌一、已知對疫苗的成份有過敏者，不予接種。二、過去注射曾經發生嚴重不良反應者，不予接種。接種注意事項一、 發燒或正患有急性中重疾病者，宜待病情穩定後再接種。二、 出生未滿6個月，因無使用效益及安全性等臨床資料，故不予接種。三、 先前接種本疫苗6週內曾發生Guillain-Barr? 症候群(GBS)者，宜請醫師評估。四、已知對「蛋」之蛋白質有嚴重過敏者，可在門/住診由熟悉處理過敏症狀之醫事人員提供接種，並於接種後觀察384分鐘，無不適症狀再離開。五、 其他經醫師評估不適合接種者，不予' \u0006",
        "twd97x": 296968.74,
        "twd97y": 2767206.41,
        "經度": 121.465356,
        "緯度": 25.012172
      }
    },
    {
      "type": "Feature",
      "geometry": {
        "type": "Point",
        "coordinates": [
          121.465356,
          25.012172
        ]
      },
      "properties": {
        "no": 3530000000.0,
        "name": "侯世文診所",
        "tel": "2955-5699",
        "address": "新北市實踐路100號",
        "type": "診所",
        "remark": "如要接種，請先致電詢問疫苗庫存",
        "reservation": "現場",
        "own_expense": "是",
        "division": "家醫科",
        "notice": "接種禁忌一、已知對疫苗的成份有過敏者，不予接種。二、過去注射曾經發生嚴重不良反應者，不予接種。接種注意事項一、 發燒或正患有急性中重疾病者，宜待病情穩定後再接種。二、 出生未滿6個月，因無使用效益及安全性等臨床資料，故不予接種。三、 先前接種本疫苗6週內曾發生Guillain-Barr? 症候群(GBS)者，宜請醫師評估。四、已知對「蛋」之蛋白質有嚴重過敏者，可在門/住診由熟悉處理過敏症狀之醫事人員提供接種，並於接種後觀察385分鐘，無不適症狀再離開。五、 其他經醫師評估不適合接種者，不予' \u0006",
        "twd97x": 296968.74,
        "twd97y": 2767206.41,
        "經度": 121.465356,
        "緯度": 25.012172
      }
    },
    {
      "type": "Feature",
      "geometry": {
        "type": "Point",
        "coordinates": [
          121.465356,
          25.012172
        ]
      },
      "properties": {
        "no": 3530000000.0,
        "name": "俊亨內科診所",
        "tel": "2271-0651",
        "address": "新北市合宜一路53號",
        "type": "診所",
        "remark": "如要接種，請先致電詢問疫苗庫存",
        "reservation": "電話、現場",
        "own_expense": "否",
        "division": "內科",
        "notice": "接種禁忌一、已知對疫苗的成份有過敏者，不予接種。二、過去注射曾經發生嚴重不良反應者，不予接種。接種注意事項一、 發燒或正患有急性中重疾病者，宜待病情穩定後再接種。二、 出生未滿6個月，因無使用效益及安全性等臨床資料，故不予接種。三、 先前接種本疫苗6週內曾發生Guillain-Barr? 症候群(GBS)者，宜請醫師評估。四、已知對「蛋」之蛋白質有嚴重過敏者，可在門/住診由熟悉處理過敏症狀之醫事人員提供接種，並於接種後觀察386分鐘，無不適症狀再離開。五、 其他經醫師評估不適合接種者，不予' \u0006",
        "twd97x": 296968.74,
        "twd97y": 2767206.41,
        "經度": 121.465356,
        "緯度": 25.012172
      }
    },
    {
      "type": "Feature",
      "geometry": {
        "type": "Point",
        "coordinates": [
          121.465356,
          25.012172
        ]
      },
      "properties": {
        "no": 3530000000.0,
        "name": "信德診所",
        "tel": "2257-0295",
        "address": "新北市文化路一段310號",
        "type": "診所",
        "remark": "如要接種，請先致電詢問疫苗庫存",
        "reservation": "網路、電話、現場",
        "own_expense": "是",
        "division": "家醫科",
        "notice": "接種禁忌一、已知對疫苗的成份有過敏者，不予接種。二、過去注射曾經發生嚴重不良反應者，不予接種。接種注意事項一、 發燒或正患有急性中重疾病者，宜待病情穩定後再接種。二、 出生未滿6個月，因無使用效益及安全性等臨床資料，故不予接種。三、 先前接種本疫苗6週內曾發生Guillain-Barr? 症候群(GBS)者，宜請醫師評估。四、已知對「蛋」之蛋白質有嚴重過敏者，可在門/住診由熟悉處理過敏症狀之醫事人員提供接種，並於接種後觀察387分鐘，無不適症狀再離開。五、 其他經醫師評估不適合接種者，不予' \u0006",
        "twd97x": 296968.74,
        "twd97y": 2767206.41,
        "經度": 121.465356,
        "緯度": 25.012172
      }
    },
    {
      "type": "Feature",
      "geometry": {
        "type": "Point",
        "coordinates": [
          121.465356,
          25.012172
        ]
      },
      "properties": {
        "no": 3530000000.0,
        "name": "建佑診所",
        "tel": "2257-0688",
        "address": "新北市雙十路二段164號",
        "type": "診所",
        "remark": "如要接種，請先致電詢問疫苗庫存",
        "reservation": "現場",
        "own_expense": "是",
        "division": "耳鼻喉科",
        "notice": "接種禁忌一、已知對疫苗的成份有過敏者，不予接種。二、過去注射曾經發生嚴重不良反應者，不予接種。接種注意事項一、 發燒或正患有急性中重疾病者，宜待病情穩定後再接種。二、 出生未滿6個月，因無使用效益及安全性等臨床資料，故不予接種。三、 先前接種本疫苗6週內曾發生Guillain-Barr? 症候群(GBS)者，宜請醫師評估。四、已知對「蛋」之蛋白質有嚴重過敏者，可在門/住診由熟悉處理過敏症狀之醫事人員提供接種，並於接種後觀察388分鐘，無不適症狀再離開。五、 其他經醫師評估不適合接種者，不予' \u0006",
        "twd97x": 296968.74,
        "twd97y": 2767206.41,
        "經度": 121.465356,
        "緯度": 25.012172
      }
    },
    {
      "type": "Feature",
      "geometry": {
        "type": "Point",
        "coordinates": [
          121.465356,
          25.012172
        ]
      },
      "properties": {
        "no": 3530000000.0,
        "name": "春和診所",
        "tel": "2256-0068",
        "address": "新北市長江路一段138號",
        "type": "診所",
        "remark": "如要接種，請先致電詢問疫苗庫存",
        "reservation": "現場",
        "own_expense": "是",
        "division": "內科",
        "notice": "接種禁忌一、已知對疫苗的成份有過敏者，不予接種。二、過去注射曾經發生嚴重不良反應者，不予接種。接種注意事項一、 發燒或正患有急性中重疾病者，宜待病情穩定後再接種。二、 出生未滿6個月，因無使用效益及安全性等臨床資料，故不予接種。三、 先前接種本疫苗6週內曾發生Guillain-Barr? 症候群(GBS)者，宜請醫師評估。四、已知對「蛋」之蛋白質有嚴重過敏者，可在門/住診由熟悉處理過敏症狀之醫事人員提供接種，並於接種後觀察389分鐘，無不適症狀再離開。五、 其他經醫師評估不適合接種者，不予' \u0006",
        "twd97x": 296968.74,
        "twd97y": 2767206.41,
        "經度": 121.465356,
        "緯度": 25.012172
      }
    },
    {
      "type": "Feature",
      "geometry": {
        "type": "Point",
        "coordinates": [
          121.465356,
          25.012172
        ]
      },
      "properties": {
        "no": 3530000000.0,
        "name": "重心診所",
        "tel": "2959-7755",
        "address": "新北市國慶路189號1樓",
        "type": "診所",
        "remark": "如要接種，請先致電詢問疫苗庫存",
        "reservation": "現場",
        "own_expense": "是",
        "division": "內科",
        "notice": "接種禁忌一、已知對疫苗的成份有過敏者，不予接種。二、過去注射曾經發生嚴重不良反應者，不予接種。接種注意事項一、 發燒或正患有急性中重疾病者，宜待病情穩定後再接種。二、 出生未滿6個月，因無使用效益及安全性等臨床資料，故不予接種。三、 先前接種本疫苗6週內曾發生Guillain-Barr? 症候群(GBS)者，宜請醫師評估。四、已知對「蛋」之蛋白質有嚴重過敏者，可在門/住診由熟悉處理過敏症狀之醫事人員提供接種，並於接種後觀察390分鐘，無不適症狀再離開。五、 其他經醫師評估不適合接種者，不予' \u0006",
        "twd97x": 296968.74,
        "twd97y": 2767206.41,
        "經度": 121.465356,
        "緯度": 25.012172
      }
    },
    {
      "type": "Feature",
      "geometry": {
        "type": "Point",
        "coordinates": [
          121.465356,
          25.012172
        ]
      },
      "properties": {
        "no": 3530000000.0,
        "name": "重慶耳鼻喉科診所",
        "tel": "8951-7755",
        "address": "新北市和平路161巷26號1樓",
        "type": "診所",
        "remark": "如要接種，請先致電詢問疫苗庫存",
        "reservation": "現場",
        "own_expense": "是",
        "division": "耳鼻喉科",
        "notice": "接種禁忌一、已知對疫苗的成份有過敏者，不予接種。二、過去注射曾經發生嚴重不良反應者，不予接種。接種注意事項一、 發燒或正患有急性中重疾病者，宜待病情穩定後再接種。二、 出生未滿6個月，因無使用效益及安全性等臨床資料，故不予接種。三、 先前接種本疫苗6週內曾發生Guillain-Barr? 症候群(GBS)者，宜請醫師評估。四、已知對「蛋」之蛋白質有嚴重過敏者，可在門/住診由熟悉處理過敏症狀之醫事人員提供接種，並於接種後觀察391分鐘，無不適症狀再離開。五、 其他經醫師評估不適合接種者，不予' \u0006",
        "twd97x": 296968.74,
        "twd97y": 2767206.41,
        "經度": 121.465356,
        "緯度": 25.012172
      }
    },
    {
      "type": "Feature",
      "geometry": {
        "type": "Point",
        "coordinates": [
          121.465356,
          25.012172
        ]
      },
      "properties": {
        "no": 3530000000.0,
        "name": "徐小兒科診所",
        "tel": "2250-0890",
        "address": "新北市陽明街46之2號1樓",
        "type": "診所",
        "remark": "如要接種，請先致電詢問疫苗庫存",
        "reservation": "電話、現場",
        "own_expense": "是",
        "division": "小兒科",
        "notice": "接種禁忌一、已知對疫苗的成份有過敏者，不予接種。二、過去注射曾經發生嚴重不良反應者，不予接種。接種注意事項一、 發燒或正患有急性中重疾病者，宜待病情穩定後再接種。二、 出生未滿6個月，因無使用效益及安全性等臨床資料，故不予接種。三、 先前接種本疫苗6週內曾發生Guillain-Barr? 症候群(GBS)者，宜請醫師評估。四、已知對「蛋」之蛋白質有嚴重過敏者，可在門/住診由熟悉處理過敏症狀之醫事人員提供接種，並於接種後觀察392分鐘，無不適症狀再離開。五、 其他經醫師評估不適合接種者，不予' \u0006",
        "twd97x": 296968.74,
        "twd97y": 2767206.41,
        "經度": 121.465356,
        "緯度": 25.012172
      }
    },
    {
      "type": "Feature",
      "geometry": {
        "type": "Point",
        "coordinates": [
          121.465356,
          25.012172
        ]
      },
      "properties": {
        "no": 3530000000.0,
        "name": "基安西醫診所",
        "tel": "8966-2464",
        "address": "新北市四川路二段120號",
        "type": "診所",
        "remark": "如要接種，請先致電詢問疫苗庫存",
        "reservation": "現場",
        "own_expense": "是",
        "division": "一般科",
        "notice": "接種禁忌一、已知對疫苗的成份有過敏者，不予接種。二、過去注射曾經發生嚴重不良反應者，不予接種。接種注意事項一、 發燒或正患有急性中重疾病者，宜待病情穩定後再接種。二、 出生未滿6個月，因無使用效益及安全性等臨床資料，故不予接種。三、 先前接種本疫苗6週內曾發生Guillain-Barr? 症候群(GBS)者，宜請醫師評估。四、已知對「蛋」之蛋白質有嚴重過敏者，可在門/住診由熟悉處理過敏症狀之醫事人員提供接種，並於接種後觀察393分鐘，無不適症狀再離開。五、 其他經醫師評估不適合接種者，不予' \u0006",
        "twd97x": 296968.74,
        "twd97y": 2767206.41,
        "經度": 121.465356,
        "緯度": 25.012172
      }
    },
    {
      "type": "Feature",
      "geometry": {
        "type": "Point",
        "coordinates": [
          121.465356,
          25.012172
        ]
      },
      "properties": {
        "no": 3530000000.0,
        "name": "常春聯合診所",
        "tel": "2964-2694",
        "address": "新北市四川路1段47號",
        "type": "診所",
        "remark": "如要接種，請先致電詢問疫苗庫存",
        "reservation": "現場",
        "own_expense": "是",
        "division": "內科、家醫、耳鼻喉科",
        "notice": "接種禁忌一、已知對疫苗的成份有過敏者，不予接種。二、過去注射曾經發生嚴重不良反應者，不予接種。接種注意事項一、 發燒或正患有急性中重疾病者，宜待病情穩定後再接種。二、 出生未滿6個月，因無使用效益及安全性等臨床資料，故不予接種。三、 先前接種本疫苗6週內曾發生Guillain-Barr? 症候群(GBS)者，宜請醫師評估。四、已知對「蛋」之蛋白質有嚴重過敏者，可在門/住診由熟悉處理過敏症狀之醫事人員提供接種，並於接種後觀察394分鐘，無不適症狀再離開。五、 其他經醫師評估不適合接種者，不予' \u0006",
        "twd97x": 296968.74,
        "twd97y": 2767206.41,
        "經度": 121.465356,
        "緯度": 25.012172
      }
    },
    {
      "type": "Feature",
      "geometry": {
        "type": "Point",
        "coordinates": [
          121.465356,
          25.012172
        ]
      },
      "properties": {
        "no": 3530000000.0,
        "name": "康宏骨科診所",
        "tel": "2958-8579",
        "address": "新北市四川路一段475號",
        "type": "診所",
        "remark": "如要接種，請先致電詢問疫苗庫存",
        "reservation": "現場",
        "own_expense": "否",
        "division": "家醫科",
        "notice": "接種禁忌一、已知對疫苗的成份有過敏者，不予接種。二、過去注射曾經發生嚴重不良反應者，不予接種。接種注意事項一、 發燒或正患有急性中重疾病者，宜待病情穩定後再接種。二、 出生未滿6個月，因無使用效益及安全性等臨床資料，故不予接種。三、 先前接種本疫苗6週內曾發生Guillain-Barr? 症候群(GBS)者，宜請醫師評估。四、已知對「蛋」之蛋白質有嚴重過敏者，可在門/住診由熟悉處理過敏症狀之醫事人員提供接種，並於接種後觀察395分鐘，無不適症狀再離開。五、 其他經醫師評估不適合接種者，不予' \u0006",
        "twd97x": 296968.74,
        "twd97y": 2767206.41,
        "經度": 121.465356,
        "緯度": 25.012172
      }
    },
    {
      "type": "Feature",
      "geometry": {
        "type": "Point",
        "coordinates": [
          121.465356,
          25.012172
        ]
      },
      "properties": {
        "no": 3530000000.0,
        "name": "張博揚小兒科診所",
        "tel": "?2258-3867",
        "address": "新北市仁化街85號",
        "type": "診所",
        "remark": "如要接種，請先致電詢問疫苗庫存",
        "reservation": "現場",
        "own_expense": "是",
        "division": "小兒科",
        "notice": "接種禁忌一、已知對疫苗的成份有過敏者，不予接種。二、過去注射曾經發生嚴重不良反應者，不予接種。接種注意事項一、 發燒或正患有急性中重疾病者，宜待病情穩定後再接種。二、 出生未滿6個月，因無使用效益及安全性等臨床資料，故不予接種。三、 先前接種本疫苗6週內曾發生Guillain-Barr? 症候群(GBS)者，宜請醫師評估。四、已知對「蛋」之蛋白質有嚴重過敏者，可在門/住診由熟悉處理過敏症狀之醫事人員提供接種，並於接種後觀察396分鐘，無不適症狀再離開。五、 其他經醫師評估不適合接種者，不予' \u0006",
        "twd97x": 296968.74,
        "twd97y": 2767206.41,
        "經度": 121.465356,
        "緯度": 25.012172
      }
    },
    {
      "type": "Feature",
      "geometry": {
        "type": "Point",
        "coordinates": [
          121.465356,
          25.012172
        ]
      },
      "properties": {
        "no": 3530000000.0,
        "name": "盛強耳鼻喉科",
        "tel": "2957-6630",
        "address": "新北市中山路二段367號",
        "type": "診所",
        "remark": "如要接種，請先致電詢問疫苗庫存",
        "reservation": "電話、現場",
        "own_expense": "否",
        "division": "耳鼻喉科",
        "notice": "接種禁忌一、已知對疫苗的成份有過敏者，不予接種。二、過去注射曾經發生嚴重不良反應者，不予接種。接種注意事項一、 發燒或正患有急性中重疾病者，宜待病情穩定後再接種。二、 出生未滿6個月，因無使用效益及安全性等臨床資料，故不予接種。三、 先前接種本疫苗6週內曾發生Guillain-Barr? 症候群(GBS)者，宜請醫師評估。四、已知對「蛋」之蛋白質有嚴重過敏者，可在門/住診由熟悉處理過敏症狀之醫事人員提供接種，並於接種後觀察397分鐘，無不適症狀再離開。五、 其他經醫師評估不適合接種者，不予' \u0006",
        "twd97x": 296968.74,
        "twd97y": 2767206.41,
        "經度": 121.465356,
        "緯度": 25.012172
      }
    },
    {
      "type": "Feature",
      "geometry": {
        "type": "Point",
        "coordinates": [
          121.465356,
          25.012172
        ]
      },
      "properties": {
        "no": 3530000000.0,
        "name": "莒光診所",
        "tel": "2252-7700",
        "address": "新北市莒光路30號",
        "type": "診所",
        "remark": "如要接種，請先致電詢問疫苗庫存",
        "reservation": "現場",
        "own_expense": "是",
        "division": "一般科",
        "notice": "接種禁忌一、已知對疫苗的成份有過敏者，不予接種。二、過去注射曾經發生嚴重不良反應者，不予接種。接種注意事項一、 發燒或正患有急性中重疾病者，宜待病情穩定後再接種。二、 出生未滿6個月，因無使用效益及安全性等臨床資料，故不予接種。三、 先前接種本疫苗6週內曾發生Guillain-Barr? 症候群(GBS)者，宜請醫師評估。四、已知對「蛋」之蛋白質有嚴重過敏者，可在門/住診由熟悉處理過敏症狀之醫事人員提供接種，並於接種後觀察398分鐘，無不適症狀再離開。五、 其他經醫師評估不適合接種者，不予' \u0006",
        "twd97x": 296968.74,
        "twd97y": 2767206.41,
        "經度": 121.465356,
        "緯度": 25.012172
      }
    },
    {
      "type": "Feature",
      "geometry": {
        "type": "Point",
        "coordinates": [
          121.465356,
          25.012172
        ]
      },
      "properties": {
        "no": 3530000000.0,
        "name": "連建安診所",
        "tel": "2951-9918",
        "address": "新北市三民路二段146號1樓",
        "type": "診所",
        "remark": "如要接種，請先致電詢問疫苗庫存",
        "reservation": "電話、現場",
        "own_expense": "是",
        "division": "家醫科",
        "notice": "接種禁忌一、已知對疫苗的成份有過敏者，不予接種。二、過去注射曾經發生嚴重不良反應者，不予接種。接種注意事項一、 發燒或正患有急性中重疾病者，宜待病情穩定後再接種。二、 出生未滿6個月，因無使用效益及安全性等臨床資料，故不予接種。三、 先前接種本疫苗6週內曾發生Guillain-Barr? 症候群(GBS)者，宜請醫師評估。四、已知對「蛋」之蛋白質有嚴重過敏者，可在門/住診由熟悉處理過敏症狀之醫事人員提供接種，並於接種後觀察399分鐘，無不適症狀再離開。五、 其他經醫師評估不適合接種者，不予' \u0006",
        "twd97x": 296968.74,
        "twd97y": 2767206.41,
        "經度": 121.465356,
        "緯度": 25.012172
      }
    },
    {
      "type": "Feature",
      "geometry": {
        "type": "Point",
        "coordinates": [
          121.465356,
          25.012172
        ]
      },
      "properties": {
        "no": 3530000000.0,
        "name": "陳正忠小兒科診所",
        "tel": "2968-5489",
        "address": "新北市府中路143號",
        "type": "診所",
        "remark": "如要接種，請先致電詢問疫苗庫存",
        "reservation": "網路、電話、現場",
        "own_expense": "是",
        "division": "小兒科",
        "notice": "接種禁忌一、已知對疫苗的成份有過敏者，不予接種。二、過去注射曾經發生嚴重不良反應者，不予接種。接種注意事項一、 發燒或正患有急性中重疾病者，宜待病情穩定後再接種。二、 出生未滿6個月，因無使用效益及安全性等臨床資料，故不予接種。三、 先前接種本疫苗6週內曾發生Guillain-Barr? 症候群(GBS)者，宜請醫師評估。四、已知對「蛋」之蛋白質有嚴重過敏者，可在門/住診由熟悉處理過敏症狀之醫事人員提供接種，並於接種後觀察400分鐘，無不適症狀再離開。五、 其他經醫師評估不適合接種者，不予' \u0006",
        "twd97x": 296968.74,
        "twd97y": 2767206.41,
        "經度": 121.465356,
        "緯度": 25.012172
      }
    },
    {
      "type": "Feature",
      "geometry": {
        "type": "Point",
        "coordinates": [
          121.465356,
          25.012172
        ]
      },
      "properties": {
        "no": 3530000000.0,
        "name": "陳志洪診所",
        "tel": "8252-2832",
        "address": "新北市文化路一段216號",
        "type": "診所",
        "remark": "如要接種，請先致電詢問疫苗庫存",
        "reservation": "電話",
        "own_expense": "否",
        "division": "小兒科",
        "notice": "接種禁忌一、已知對疫苗的成份有過敏者，不予接種。二、過去注射曾經發生嚴重不良反應者，不予接種。接種注意事項一、 發燒或正患有急性中重疾病者，宜待病情穩定後再接種。二、 出生未滿6個月，因無使用效益及安全性等臨床資料，故不予接種。三、 先前接種本疫苗6週內曾發生Guillain-Barr? 症候群(GBS)者，宜請醫師評估。四、已知對「蛋」之蛋白質有嚴重過敏者，可在門/住診由熟悉處理過敏症狀之醫事人員提供接種，並於接種後觀察401分鐘，無不適症狀再離開。五、 其他經醫師評估不適合接種者，不予' \u0006",
        "twd97x": 296968.74,
        "twd97y": 2767206.41,
        "經度": 121.465356,
        "緯度": 25.012172
      }
    },
    {
      "type": "Feature",
      "geometry": {
        "type": "Point",
        "coordinates": [
          121.465356,
          25.012172
        ]
      },
      "properties": {
        "no": 3530000000.0,
        "name": "陳恩哲小兒科診所",
        "tel": "2256-7200",
        "address": "新北市文化路一段216號",
        "type": "診所",
        "remark": "如要接種，請先致電詢問疫苗庫存",
        "reservation": "電話",
        "own_expense": "否",
        "division": "小兒科",
        "notice": "接種禁忌一、已知對疫苗的成份有過敏者，不予接種。二、過去注射曾經發生嚴重不良反應者，不予接種。接種注意事項一、 發燒或正患有急性中重疾病者，宜待病情穩定後再接種。二、 出生未滿6個月，因無使用效益及安全性等臨床資料，故不予接種。三、 先前接種本疫苗6週內曾發生Guillain-Barr? 症候群(GBS)者，宜請醫師評估。四、已知對「蛋」之蛋白質有嚴重過敏者，可在門/住診由熟悉處理過敏症狀之醫事人員提供接種，並於接種後觀察402分鐘，無不適症狀再離開。五、 其他經醫師評估不適合接種者，不予' \u0006",
        "twd97x": 296968.74,
        "twd97y": 2767206.41,
        "經度": 121.465356,
        "緯度": 25.012172
      }
    },
    {
      "type": "Feature",
      "geometry": {
        "type": "Point",
        "coordinates": [
          121.465356,
          25.012172
        ]
      },
      "properties": {
        "no": 3530000000.0,
        "name": "陳敏玲內科診所",
        "tel": "2681-6661",
        "address": "新北市溪崑二街97號",
        "type": "診所",
        "remark": "如要接種，請先致電詢問疫苗庫存",
        "reservation": "現場",
        "own_expense": "是",
        "division": "內科",
        "notice": "接種禁忌一、已知對疫苗的成份有過敏者，不予接種。二、過去注射曾經發生嚴重不良反應者，不予接種。接種注意事項一、 發燒或正患有急性中重疾病者，宜待病情穩定後再接種。二、 出生未滿6個月，因無使用效益及安全性等臨床資料，故不予接種。三、 先前接種本疫苗6週內曾發生Guillain-Barr? 症候群(GBS)者，宜請醫師評估。四、已知對「蛋」之蛋白質有嚴重過敏者，可在門/住診由熟悉處理過敏症狀之醫事人員提供接種，並於接種後觀察403分鐘，無不適症狀再離開。五、 其他經醫師評估不適合接種者，不予' \u0006",
        "twd97x": 296968.74,
        "twd97y": 2767206.41,
        "經度": 121.465356,
        "緯度": 25.012172
      }
    },
    {
      "type": "Feature",
      "geometry": {
        "type": "Point",
        "coordinates": [
          121.465356,
          25.012172
        ]
      },
      "properties": {
        "no": 3530000000.0,
        "name": "陳嘉偉診所",
        "tel": "2955-5457",
        "address": "新北市懷仁街92號",
        "type": "診所",
        "remark": "如要接種，請先致電詢問疫苗庫存",
        "reservation": "電話、現場",
        "own_expense": "是",
        "division": "小兒科",
        "notice": "接種禁忌一、已知對疫苗的成份有過敏者，不予接種。二、過去注射曾經發生嚴重不良反應者，不予接種。接種注意事項一、 發燒或正患有急性中重疾病者，宜待病情穩定後再接種。二、 出生未滿6個月，因無使用效益及安全性等臨床資料，故不予接種。三、 先前接種本疫苗6週內曾發生Guillain-Barr? 症候群(GBS)者，宜請醫師評估。四、已知對「蛋」之蛋白質有嚴重過敏者，可在門/住診由熟悉處理過敏症狀之醫事人員提供接種，並於接種後觀察404分鐘，無不適症狀再離開。五、 其他經醫師評估不適合接種者，不予' \u0006",
        "twd97x": 296968.74,
        "twd97y": 2767206.41,
        "經度": 121.465356,
        "緯度": 25.012172
      }
    },
    {
      "type": "Feature",
      "geometry": {
        "type": "Point",
        "coordinates": [
          121.465356,
          25.012172
        ]
      },
      "properties": {
        "no": 3530000000.0,
        "name": "陳榮泰小兒科診所",
        "tel": "2682-0560",
        "address": "新北市金門街311號",
        "type": "診所",
        "remark": "如要接種，請先致電詢問疫苗庫存",
        "reservation": "電話、現場",
        "own_expense": "是",
        "division": "小兒科",
        "notice": "接種禁忌一、已知對疫苗的成份有過敏者，不予接種。二、過去注射曾經發生嚴重不良反應者，不予接種。接種注意事項一、 發燒或正患有急性中重疾病者，宜待病情穩定後再接種。二、 出生未滿6個月，因無使用效益及安全性等臨床資料，故不予接種。三、 先前接種本疫苗6週內曾發生Guillain-Barr? 症候群(GBS)者，宜請醫師評估。四、已知對「蛋」之蛋白質有嚴重過敏者，可在門/住診由熟悉處理過敏症狀之醫事人員提供接種，並於接種後觀察405分鐘，無不適症狀再離開。五、 其他經醫師評估不適合接種者，不予' \u0006",
        "twd97x": 296968.74,
        "twd97y": 2767206.41,
        "經度": 121.465356,
        "緯度": 25.012172
      }
    },
    {
      "type": "Feature",
      "geometry": {
        "type": "Point",
        "coordinates": [
          121.465356,
          25.012172
        ]
      },
      "properties": {
        "no": 3530000000.0,
        "name": "博康診所",
        "tel": "2951-1681",
        "address": "新北市四川路一段146號1樓",
        "type": "診所",
        "remark": "如要接種，請先致電詢問疫苗庫存",
        "reservation": "電話",
        "own_expense": "是",
        "division": "內科",
        "notice": "接種禁忌一、已知對疫苗的成份有過敏者，不予接種。二、過去注射曾經發生嚴重不良反應者，不予接種。接種注意事項一、 發燒或正患有急性中重疾病者，宜待病情穩定後再接種。二、 出生未滿6個月，因無使用效益及安全性等臨床資料，故不予接種。三、 先前接種本疫苗6週內曾發生Guillain-Barr? 症候群(GBS)者，宜請醫師評估。四、已知對「蛋」之蛋白質有嚴重過敏者，可在門/住診由熟悉處理過敏症狀之醫事人員提供接種，並於接種後觀察406分鐘，無不適症狀再離開。五、 其他經醫師評估不適合接種者，不予' \u0006",
        "twd97x": 296968.74,
        "twd97y": 2767206.41,
        "經度": 121.465356,
        "緯度": 25.012172
      }
    },
    {
      "type": "Feature",
      "geometry": {
        "type": "Point",
        "coordinates": [
          121.465356,
          25.012172
        ]
      },
      "properties": {
        "no": 3530000000.0,
        "name": "揚明診所",
        "tel": "8252-8557",
        "address": "新北市陽明街38號1樓",
        "type": "診所",
        "remark": "如要接種，請先致電詢問疫苗庫存",
        "reservation": "現場",
        "own_expense": "否",
        "division": "家醫科",
        "notice": "接種禁忌一、已知對疫苗的成份有過敏者，不予接種。二、過去注射曾經發生嚴重不良反應者，不予接種。接種注意事項一、 發燒或正患有急性中重疾病者，宜待病情穩定後再接種。二、 出生未滿6個月，因無使用效益及安全性等臨床資料，故不予接種。三、 先前接種本疫苗6週內曾發生Guillain-Barr? 症候群(GBS)者，宜請醫師評估。四、已知對「蛋」之蛋白質有嚴重過敏者，可在門/住診由熟悉處理過敏症狀之醫事人員提供接種，並於接種後觀察407分鐘，無不適症狀再離開。五、 其他經醫師評估不適合接種者，不予' \u0006",
        "twd97x": 296968.74,
        "twd97y": 2767206.41,
        "經度": 121.465356,
        "緯度": 25.012172
      }
    },
    {
      "type": "Feature",
      "geometry": {
        "type": "Point",
        "coordinates": [
          121.465356,
          25.012172
        ]
      },
      "properties": {
        "no": 3530000000.0,
        "name": "晴天耳鼻喉科診所",
        "tel": "2964-6662",
        "address": "新北市中山路2段225號",
        "type": "診所",
        "remark": "如要接種，請先致電詢問疫苗庫存",
        "reservation": "電話、現場",
        "own_expense": "是",
        "division": "耳鼻喉科",
        "notice": "接種禁忌一、已知對疫苗的成份有過敏者，不予接種。二、過去注射曾經發生嚴重不良反應者，不予接種。接種注意事項一、 發燒或正患有急性中重疾病者，宜待病情穩定後再接種。二、 出生未滿6個月，因無使用效益及安全性等臨床資料，故不予接種。三、 先前接種本疫苗6週內曾發生Guillain-Barr? 症候群(GBS)者，宜請醫師評估。四、已知對「蛋」之蛋白質有嚴重過敏者，可在門/住診由熟悉處理過敏症狀之醫事人員提供接種，並於接種後觀察408分鐘，無不適症狀再離開。五、 其他經醫師評估不適合接種者，不予' \u0006",
        "twd97x": 296968.74,
        "twd97y": 2767206.41,
        "經度": 121.465356,
        "緯度": 25.012172
      }
    },
    {
      "type": "Feature",
      "geometry": {
        "type": "Point",
        "coordinates": [
          121.465356,
          25.012172
        ]
      },
      "properties": {
        "no": 3530000000.0,
        "name": "晴天家醫科診所",
        "tel": "2964-6662",
        "address": "新北市中山路2段225號",
        "type": "診所",
        "remark": "如要接種，請先致電詢問疫苗庫存",
        "reservation": "電話、現場",
        "own_expense": "是",
        "division": "家醫科",
        "notice": "接種禁忌一、已知對疫苗的成份有過敏者，不予接種。二、過去注射曾經發生嚴重不良反應者，不予接種。接種注意事項一、 發燒或正患有急性中重疾病者，宜待病情穩定後再接種。二、 出生未滿6個月，因無使用效益及安全性等臨床資料，故不予接種。三、 先前接種本疫苗6週內曾發生Guillain-Barr? 症候群(GBS)者，宜請醫師評估。四、已知對「蛋」之蛋白質有嚴重過敏者，可在門/住診由熟悉處理過敏症狀之醫事人員提供接種，並於接種後觀察409分鐘，無不適症狀再離開。五、 其他經醫師評估不適合接種者，不予' \u0006",
        "twd97x": 296968.74,
        "twd97y": 2767206.41,
        "經度": 121.465356,
        "緯度": 25.012172
      }
    },
    {
      "type": "Feature",
      "geometry": {
        "type": "Point",
        "coordinates": [
          121.465356,
          25.012172
        ]
      },
      "properties": {
        "no": 3530000000.0,
        "name": "菡生婦幼中心",
        "tel": "2951-8999#302",
        "address": "新北市中山路一段104號",
        "type": "診所",
        "remark": "如要接種，請先致電詢問疫苗庫存",
        "reservation": "網路、現場",
        "own_expense": "是",
        "division": "婦產科、小兒科",
        "notice": "接種禁忌一、已知對疫苗的成份有過敏者，不予接種。二、過去注射曾經發生嚴重不良反應者，不予接種。接種注意事項一、 發燒或正患有急性中重疾病者，宜待病情穩定後再接種。二、 出生未滿6個月，因無使用效益及安全性等臨床資料，故不予接種。三、 先前接種本疫苗6週內曾發生Guillain-Barr? 症候群(GBS)者，宜請醫師評估。四、已知對「蛋」之蛋白質有嚴重過敏者，可在門/住診由熟悉處理過敏症狀之醫事人員提供接種，並於接種後觀察410分鐘，無不適症狀再離開。五、 其他經醫師評估不適合接種者，不予' \u0006",
        "twd97x": 296968.74,
        "twd97y": 2767206.41,
        "經度": 121.465356,
        "緯度": 25.012172
      }
    },
    {
      "type": "Feature",
      "geometry": {
        "type": "Point",
        "coordinates": [
          121.465356,
          25.012172
        ]
      },
      "properties": {
        "no": 3530000000.0,
        "name": "黃世鑫診所",
        "tel": "2953-6051",
        "address": "新北市四川路一段143號",
        "type": "診所",
        "remark": "如要接種，請先致電詢問疫苗庫存",
        "reservation": "網路、電話、現場",
        "own_expense": "是",
        "division": "小兒科",
        "notice": "接種禁忌一、已知對疫苗的成份有過敏者，不予接種。二、過去注射曾經發生嚴重不良反應者，不予接種。接種注意事項一、 發燒或正患有急性中重疾病者，宜待病情穩定後再接種。二、 出生未滿6個月，因無使用效益及安全性等臨床資料，故不予接種。三、 先前接種本疫苗6週內曾發生Guillain-Barr? 症候群(GBS)者，宜請醫師評估。四、已知對「蛋」之蛋白質有嚴重過敏者，可在門/住診由熟悉處理過敏症狀之醫事人員提供接種，並於接種後觀察411分鐘，無不適症狀再離開。五、 其他經醫師評估不適合接種者，不予' \u0006",
        "twd97x": 296968.74,
        "twd97y": 2767206.41,
        "經度": 121.465356,
        "緯度": 25.012172
      }
    },
    {
      "type": "Feature",
      "geometry": {
        "type": "Point",
        "coordinates": [
          121.465356,
          25.012172
        ]
      },
      "properties": {
        "no": 3530000000.0,
        "name": "黃景宏診所",
        "tel": "2257-3198",
        "address": "新北市陽明街63號",
        "type": "診所",
        "remark": "如要接種，請先致電詢問疫苗庫存",
        "reservation": "電話、現場",
        "own_expense": "是",
        "division": "小兒科",
        "notice": "接種禁忌一、已知對疫苗的成份有過敏者，不予接種。二、過去注射曾經發生嚴重不良反應者，不予接種。接種注意事項一、 發燒或正患有急性中重疾病者，宜待病情穩定後再接種。二、 出生未滿6個月，因無使用效益及安全性等臨床資料，故不予接種。三、 先前接種本疫苗6週內曾發生Guillain-Barr? 症候群(GBS)者，宜請醫師評估。四、已知對「蛋」之蛋白質有嚴重過敏者，可在門/住診由熟悉處理過敏症狀之醫事人員提供接種，並於接種後觀察412分鐘，無不適症狀再離開。五、 其他經醫師評估不適合接種者，不予' \u0006",
        "twd97x": 296968.74,
        "twd97y": 2767206.41,
        "經度": 121.465356,
        "緯度": 25.012172
      }
    },
    {
      "type": "Feature",
      "geometry": {
        "type": "Point",
        "coordinates": [
          121.465356,
          25.012172
        ]
      },
      "properties": {
        "no": 3530000000.0,
        "name": "慈蕙診所",
        "tel": "2955-6754",
        "address": "新北市三民路二段202之29號",
        "type": "診所",
        "remark": "如要接種，請先致電詢問疫苗庫存",
        "reservation": "電話、現場",
        "own_expense": "是",
        "division": "家醫科",
        "notice": "接種禁忌一、已知對疫苗的成份有過敏者，不予接種。二、過去注射曾經發生嚴重不良反應者，不予接種。接種注意事項一、 發燒或正患有急性中重疾病者，宜待病情穩定後再接種。二、 出生未滿6個月，因無使用效益及安全性等臨床資料，故不予接種。三、 先前接種本疫苗6週內曾發生Guillain-Barr? 症候群(GBS)者，宜請醫師評估。四、已知對「蛋」之蛋白質有嚴重過敏者，可在門/住診由熟悉處理過敏症狀之醫事人員提供接種，並於接種後觀察413分鐘，無不適症狀再離開。五、 其他經醫師評估不適合接種者，不予' \u0006",
        "twd97x": 296968.74,
        "twd97y": 2767206.41,
        "經度": 121.465356,
        "緯度": 25.012172
      }
    },
    {
      "type": "Feature",
      "geometry": {
        "type": "Point",
        "coordinates": [
          121.465356,
          25.012172
        ]
      },
      "properties": {
        "no": 131020016.0,
        "name": "新北市立聯合醫院",
        "tel": " 2257-5151#2233",
        "address": "新北市英士路198號",
        "type": "區域醫院",
        "remark": "如要接種，請先致電詢問疫苗庫存",
        "reservation": "現場",
        "own_expense": "是",
        "division": "兒科內科家醫科",
        "notice": "接種禁忌一、已知對疫苗的成份有過敏者，不予接種。二、過去注射曾經發生嚴重不良反應者，不予接種。接種注意事項一、 發燒或正患有急性中重疾病者，宜待病情穩定後再接種。二、 出生未滿6個月，因無使用效益及安全性等臨床資料，故不予接種。三、 先前接種本疫苗6週內曾發生Guillain-Barr? 症候群(GBS)者，宜請醫師評估。四、已知對「蛋」之蛋白質有嚴重過敏者，可在門/住診由熟悉處理過敏症狀之醫事人員提供接種，並於接種後觀察414分鐘，無不適症狀再離開。五、 其他經醫師評估不適合接種者，不予' \u0006",
        "twd97x": 296968.74,
        "twd97y": 2767206.41,
        "經度": 121.465356,
        "緯度": 25.012172
      }
    },
    {
      "type": "Feature",
      "geometry": {
        "type": "Point",
        "coordinates": [
          121.465356,
          25.012172
        ]
      },
      "properties": {
        "no": 3530000000.0,
        "name": "新埔立安診所",
        "tel": "2255-8699",
        "address": "新北市陽明街12號一樓",
        "type": "診所",
        "remark": "如要接種，請先致電詢問疫苗庫存",
        "reservation": "電話",
        "own_expense": "是",
        "division": "耳鼻喉科",
        "notice": "接種禁忌一、已知對疫苗的成份有過敏者，不予接種。二、過去注射曾經發生嚴重不良反應者，不予接種。接種注意事項一、 發燒或正患有急性中重疾病者，宜待病情穩定後再接種。二、 出生未滿6個月，因無使用效益及安全性等臨床資料，故不予接種。三、 先前接種本疫苗6週內曾發生Guillain-Barr? 症候群(GBS)者，宜請醫師評估。四、已知對「蛋」之蛋白質有嚴重過敏者，可在門/住診由熟悉處理過敏症狀之醫事人員提供接種，並於接種後觀察415分鐘，無不適症狀再離開。五、 其他經醫師評估不適合接種者，不予' \u0006",
        "twd97x": 296968.74,
        "twd97y": 2767206.41,
        "經度": 121.465356,
        "緯度": 25.012172
      }
    },
    {
      "type": "Feature",
      "geometry": {
        "type": "Point",
        "coordinates": [
          121.465356,
          25.012172
        ]
      },
      "properties": {
        "no": 3530000000.0,
        "name": "溫大慶小兒科診所",
        "tel": "2258-2330",
        "address": "新北市新海路386號",
        "type": "診所",
        "remark": "如要接種，請先致電詢問疫苗庫存",
        "reservation": "電話、現場",
        "own_expense": "是",
        "division": "小兒科",
        "notice": "接種禁忌一、已知對疫苗的成份有過敏者，不予接種。二、過去注射曾經發生嚴重不良反應者，不予接種。接種注意事項一、 發燒或正患有急性中重疾病者，宜待病情穩定後再接種。二、 出生未滿6個月，因無使用效益及安全性等臨床資料，故不予接種。三、 先前接種本疫苗6週內曾發生Guillain-Barr? 症候群(GBS)者，宜請醫師評估。四、已知對「蛋」之蛋白質有嚴重過敏者，可在門/住診由熟悉處理過敏症狀之醫事人員提供接種，並於接種後觀察416分鐘，無不適症狀再離開。五、 其他經醫師評估不適合接種者，不予' \u0006",
        "twd97x": 296968.74,
        "twd97y": 2767206.41,
        "經度": 121.465356,
        "緯度": 25.012172
      }
    },
    {
      "type": "Feature",
      "geometry": {
        "type": "Point",
        "coordinates": [
          121.465356,
          25.012172
        ]
      },
      "properties": {
        "no": 3530000000.0,
        "name": "當代聯合診所",
        "tel": "2965-1535",
        "address": "新北市中正路319號",
        "type": "診所",
        "remark": "如要接種，請先致電詢問疫苗庫存",
        "reservation": "現場",
        "own_expense": "是",
        "division": "小兒科",
        "notice": "接種禁忌一、已知對疫苗的成份有過敏者，不予接種。二、過去注射曾經發生嚴重不良反應者，不予接種。接種注意事項一、 發燒或正患有急性中重疾病者，宜待病情穩定後再接種。二、 出生未滿6個月，因無使用效益及安全性等臨床資料，故不予接種。三、 先前接種本疫苗6週內曾發生Guillain-Barr? 症候群(GBS)者，宜請醫師評估。四、已知對「蛋」之蛋白質有嚴重過敏者，可在門/住診由熟悉處理過敏症狀之醫事人員提供接種，並於接種後觀察417分鐘，無不適症狀再離開。五、 其他經醫師評估不適合接種者，不予' \u0006",
        "twd97x": 296968.74,
        "twd97y": 2767206.41,
        "經度": 121.465356,
        "緯度": 25.012172
      }
    },
    {
      "type": "Feature",
      "geometry": {
        "type": "Point",
        "coordinates": [
          121.465356,
          25.012172
        ]
      },
      "properties": {
        "no": 3530000000.0,
        "name": "詹婦產科診所",
        "tel": "2252-9326",
        "address": "新北市文化路二段二號",
        "type": "診所",
        "remark": "如要接種，請先致電詢問疫苗庫存",
        "reservation": "現場",
        "own_expense": "是",
        "division": "家醫科",
        "notice": "接種禁忌一、已知對疫苗的成份有過敏者，不予接種。二、過去注射曾經發生嚴重不良反應者，不予接種。接種注意事項一、 發燒或正患有急性中重疾病者，宜待病情穩定後再接種。二、 出生未滿6個月，因無使用效益及安全性等臨床資料，故不予接種。三、 先前接種本疫苗6週內曾發生Guillain-Barr? 症候群(GBS)者，宜請醫師評估。四、已知對「蛋」之蛋白質有嚴重過敏者，可在門/住診由熟悉處理過敏症狀之醫事人員提供接種，並於接種後觀察418分鐘，無不適症狀再離開。五、 其他經醫師評估不適合接種者，不予' \u0006",
        "twd97x": 296968.74,
        "twd97y": 2767206.41,
        "經度": 121.465356,
        "緯度": 25.012172
      }
    },
    {
      "type": "Feature",
      "geometry": {
        "type": "Point",
        "coordinates": [
          121.465356,
          25.012172
        ]
      },
      "properties": {
        "no": 3530000000.0,
        "name": "雷世陽婦產科診所",
        "tel": "8953-5508",
        "address": "新北市三民路二段110號",
        "type": "診所",
        "remark": "如要接種，請先致電詢問疫苗庫存",
        "reservation": "電話、現場",
        "own_expense": "是",
        "division": "家醫科",
        "notice": "接種禁忌一、已知對疫苗的成份有過敏者，不予接種。二、過去注射曾經發生嚴重不良反應者，不予接種。接種注意事項一、 發燒或正患有急性中重疾病者，宜待病情穩定後再接種。二、 出生未滿6個月，因無使用效益及安全性等臨床資料，故不予接種。三、 先前接種本疫苗6週內曾發生Guillain-Barr? 症候群(GBS)者，宜請醫師評估。四、已知對「蛋」之蛋白質有嚴重過敏者，可在門/住診由熟悉處理過敏症狀之醫事人員提供接種，並於接種後觀察419分鐘，無不適症狀再離開。五、 其他經醫師評估不適合接種者，不予' \u0006",
        "twd97x": 296968.74,
        "twd97y": 2767206.41,
        "經度": 121.465356,
        "緯度": 25.012172
      }
    },
    {
      "type": "Feature",
      "geometry": {
        "type": "Point",
        "coordinates": [
          121.465356,
          25.012172
        ]
      },
      "properties": {
        "no": 3530000000.0,
        "name": "嘉禾診所",
        "tel": "2952-2688",
        "address": "新北市中山路二段194號1樓",
        "type": "診所",
        "remark": "如要接種，請先致電詢問疫苗庫存",
        "reservation": "電話",
        "own_expense": "是",
        "division": "耳鼻喉科",
        "notice": "接種禁忌一、已知對疫苗的成份有過敏者，不予接種。二、過去注射曾經發生嚴重不良反應者，不予接種。接種注意事項一、 發燒或正患有急性中重疾病者，宜待病情穩定後再接種。二、 出生未滿6個月，因無使用效益及安全性等臨床資料，故不予接種。三、 先前接種本疫苗6週內曾發生Guillain-Barr? 症候群(GBS)者，宜請醫師評估。四、已知對「蛋」之蛋白質有嚴重過敏者，可在門/住診由熟悉處理過敏症狀之醫事人員提供接種，並於接種後觀察420分鐘，無不適症狀再離開。五、 其他經醫師評估不適合接種者，不予' \u0006",
        "twd97x": 296968.74,
        "twd97y": 2767206.41,
        "經度": 121.465356,
        "緯度": 25.012172
      }
    },
    {
      "type": "Feature",
      "geometry": {
        "type": "Point",
        "coordinates": [
          121.465356,
          25.012172
        ]
      },
      "properties": {
        "no": 3530000000.0,
        "name": "嘉恩診所",
        "tel": "2250-9566",
        "address": "新北市新埔里陽明街40號",
        "type": "診所",
        "remark": "如要接種，請先致電詢問疫苗庫存",
        "reservation": "現場",
        "own_expense": "是",
        "division": "耳鼻喉科",
        "notice": "接種禁忌一、已知對疫苗的成份有過敏者，不予接種。二、過去注射曾經發生嚴重不良反應者，不予接種。接種注意事項一、 發燒或正患有急性中重疾病者，宜待病情穩定後再接種。二、 出生未滿6個月，因無使用效益及安全性等臨床資料，故不予接種。三、 先前接種本疫苗6週內曾發生Guillain-Barr? 症候群(GBS)者，宜請醫師評估。四、已知對「蛋」之蛋白質有嚴重過敏者，可在門/住診由熟悉處理過敏症狀之醫事人員提供接種，並於接種後觀察421分鐘，無不適症狀再離開。五、 其他經醫師評估不適合接種者，不予' \u0006",
        "twd97x": 296968.74,
        "twd97y": 2767206.41,
        "經度": 121.465356,
        "緯度": 25.012172
      }
    },
    {
      "type": "Feature",
      "geometry": {
        "type": "Point",
        "coordinates": [
          121.465356,
          25.012172
        ]
      },
      "properties": {
        "no": 3530000000.0,
        "name": "漢生診所",
        "tel": "2254-5665",
        "address": "新北市漢生西路73號",
        "type": "診所",
        "remark": "如要接種，請先致電詢問疫苗庫存",
        "reservation": "現場",
        "own_expense": "是",
        "division": "家醫科",
        "notice": "接種禁忌一、已知對疫苗的成份有過敏者，不予接種。二、過去注射曾經發生嚴重不良反應者，不予接種。接種注意事項一、 發燒或正患有急性中重疾病者，宜待病情穩定後再接種。二、 出生未滿6個月，因無使用效益及安全性等臨床資料，故不予接種。三、 先前接種本疫苗6週內曾發生Guillain-Barr? 症候群(GBS)者，宜請醫師評估。四、已知對「蛋」之蛋白質有嚴重過敏者，可在門/住診由熟悉處理過敏症狀之醫事人員提供接種，並於接種後觀察422分鐘，無不適症狀再離開。五、 其他經醫師評估不適合接種者，不予' \u0006",
        "twd97x": 296968.74,
        "twd97y": 2767206.41,
        "經度": 121.465356,
        "緯度": 25.012172
      }
    },
    {
      "type": "Feature",
      "geometry": {
        "type": "Point",
        "coordinates": [
          121.465356,
          25.012172
        ]
      },
      "properties": {
        "no": 3530000000.0,
        "name": "福星耳鼻喉科診所",
        "tel": "2957-7182",
        "address": "新北市重慶路181號",
        "type": "診所",
        "remark": "如要接種，請先致電詢問疫苗庫存",
        "reservation": "現場",
        "own_expense": "是",
        "division": "耳鼻喉科",
        "notice": "接種禁忌一、已知對疫苗的成份有過敏者，不予接種。二、過去注射曾經發生嚴重不良反應者，不予接種。接種注意事項一、 發燒或正患有急性中重疾病者，宜待病情穩定後再接種。二、 出生未滿6個月，因無使用效益及安全性等臨床資料，故不予接種。三、 先前接種本疫苗6週內曾發生Guillain-Barr? 症候群(GBS)者，宜請醫師評估。四、已知對「蛋」之蛋白質有嚴重過敏者，可在門/住診由熟悉處理過敏症狀之醫事人員提供接種，並於接種後觀察423分鐘，無不適症狀再離開。五、 其他經醫師評估不適合接種者，不予' \u0006",
        "twd97x": 296968.74,
        "twd97y": 2767206.41,
        "經度": 121.465356,
        "緯度": 25.012172
      }
    },
    {
      "type": "Feature",
      "geometry": {
        "type": "Point",
        "coordinates": [
          121.465356,
          25.012172
        ]
      },
      "properties": {
        "no": 3530000000.0,
        "name": "遠興婦幼診所",
        "tel": "8951-0099",
        "address": "新北市中山路一段91號",
        "type": "診所",
        "remark": "如要接種，請先致電詢問疫苗庫存",
        "reservation": "現場",
        "own_expense": "是",
        "division": "婦產科",
        "notice": "接種禁忌一、已知對疫苗的成份有過敏者，不予接種。二、過去注射曾經發生嚴重不良反應者，不予接種。接種注意事項一、 發燒或正患有急性中重疾病者，宜待病情穩定後再接種。二、 出生未滿6個月，因無使用效益及安全性等臨床資料，故不予接種。三、 先前接種本疫苗6週內曾發生Guillain-Barr? 症候群(GBS)者，宜請醫師評估。四、已知對「蛋」之蛋白質有嚴重過敏者，可在門/住診由熟悉處理過敏症狀之醫事人員提供接種，並於接種後觀察424分鐘，無不適症狀再離開。五、 其他經醫師評估不適合接種者，不予' \u0006",
        "twd97x": 296968.74,
        "twd97y": 2767206.41,
        "經度": 121.465356,
        "緯度": 25.012172
      }
    },
    {
      "type": "Feature",
      "geometry": {
        "type": "Point",
        "coordinates": [
          121.465356,
          25.012172
        ]
      },
      "properties": {
        "no": 3530000000.0,
        "name": "劉宜光診所",
        "tel": "8968-1111",
        "address": "新北市板橋龍興街33號",
        "type": "診所",
        "remark": "如要接種，請先致電詢問疫苗庫存",
        "reservation": "現場",
        "own_expense": "否",
        "division": "家醫科",
        "notice": "接種禁忌一、已知對疫苗的成份有過敏者，不予接種。二、過去注射曾經發生嚴重不良反應者，不予接種。接種注意事項一、 發燒或正患有急性中重疾病者，宜待病情穩定後再接種。二、 出生未滿6個月，因無使用效益及安全性等臨床資料，故不予接種。三、 先前接種本疫苗6週內曾發生Guillain-Barr? 症候群(GBS)者，宜請醫師評估。四、已知對「蛋」之蛋白質有嚴重過敏者，可在門/住診由熟悉處理過敏症狀之醫事人員提供接種，並於接種後觀察425分鐘，無不適症狀再離開。五、 其他經醫師評估不適合接種者，不予' \u0006",
        "twd97x": 296968.74,
        "twd97y": 2767206.41,
        "經度": 121.465356,
        "緯度": 25.012172
      }
    },
    {
      "type": "Feature",
      "geometry": {
        "type": "Point",
        "coordinates": [
          121.465356,
          25.012172
        ]
      },
      "properties": {
        "no": 3530000000.0,
        "name": "德一診所",
        "tel": "2953-5396",
        "address": "新北市中山路2段236號",
        "type": "診所",
        "remark": "如要接種，請先致電詢問疫苗庫存",
        "reservation": "現場",
        "own_expense": "是",
        "division": "家醫科",
        "notice": "接種禁忌一、已知對疫苗的成份有過敏者，不予接種。二、過去注射曾經發生嚴重不良反應者，不予接種。接種注意事項一、 發燒或正患有急性中重疾病者，宜待病情穩定後再接種。二、 出生未滿6個月，因無使用效益及安全性等臨床資料，故不予接種。三、 先前接種本疫苗6週內曾發生Guillain-Barr? 症候群(GBS)者，宜請醫師評估。四、已知對「蛋」之蛋白質有嚴重過敏者，可在門/住診由熟悉處理過敏症狀之醫事人員提供接種，並於接種後觀察426分鐘，無不適症狀再離開。五、 其他經醫師評估不適合接種者，不予' \u0006",
        "twd97x": 296968.74,
        "twd97y": 2767206.41,
        "經度": 121.465356,
        "緯度": 25.012172
      }
    },
    {
      "type": "Feature",
      "geometry": {
        "type": "Point",
        "coordinates": [
          121.465356,
          25.012172
        ]
      },
      "properties": {
        "no": 3530000000.0,
        "name": "樂田耳鼻喉科診所",
        "tel": "8258-2968",
        "address": "新北市文化路二段10號",
        "type": "診所",
        "remark": "如要接種，請先致電詢問疫苗庫存",
        "reservation": "電話、現場",
        "own_expense": "是",
        "division": "耳鼻喉科",
        "notice": "接種禁忌一、已知對疫苗的成份有過敏者，不予接種。二、過去注射曾經發生嚴重不良反應者，不予接種。接種注意事項一、 發燒或正患有急性中重疾病者，宜待病情穩定後再接種。二、 出生未滿6個月，因無使用效益及安全性等臨床資料，故不予接種。三、 先前接種本疫苗6週內曾發生Guillain-Barr? 症候群(GBS)者，宜請醫師評估。四、已知對「蛋」之蛋白質有嚴重過敏者，可在門/住診由熟悉處理過敏症狀之醫事人員提供接種，並於接種後觀察427分鐘，無不適症狀再離開。五、 其他經醫師評估不適合接種者，不予' \u0006",
        "twd97x": 296968.74,
        "twd97y": 2767206.41,
        "經度": 121.465356,
        "緯度": 25.012172
      }
    },
    {
      "type": "Feature",
      "geometry": {
        "type": "Point",
        "coordinates": [
          121.465356,
          25.012172
        ]
      },
      "properties": {
        "no": 3530000000.0,
        "name": "樂欣診所",
        "tel": "2252-6222",
        "address": "新北市四維路108號",
        "type": "診所",
        "remark": "如要接種，請先致電詢問疫苗庫存",
        "reservation": "現場",
        "own_expense": "是",
        "division": "家醫科",
        "notice": "接種禁忌一、已知對疫苗的成份有過敏者，不予接種。二、過去注射曾經發生嚴重不良反應者，不予接種。接種注意事項一、 發燒或正患有急性中重疾病者，宜待病情穩定後再接種。二、 出生未滿6個月，因無使用效益及安全性等臨床資料，故不予接種。三、 先前接種本疫苗6週內曾發生Guillain-Barr? 症候群(GBS)者，宜請醫師評估。四、已知對「蛋」之蛋白質有嚴重過敏者，可在門/住診由熟悉處理過敏症狀之醫事人員提供接種，並於接種後觀察428分鐘，無不適症狀再離開。五、 其他經醫師評估不適合接種者，不予' \u0006",
        "twd97x": 296968.74,
        "twd97y": 2767206.41,
        "經度": 121.465356,
        "緯度": 25.012172
      }
    },
    {
      "type": "Feature",
      "geometry": {
        "type": "Point",
        "coordinates": [
          121.465356,
          25.012172
        ]
      },
      "properties": {
        "no": 3530000000.0,
        "name": "樂福診所",
        "tel": "2956-0606",
        "address": "新北市三民路二段89號",
        "type": "診所",
        "remark": "如要接種，請先致電詢問疫苗庫存",
        "reservation": "現場",
        "own_expense": "是",
        "division": "一般科",
        "notice": "接種禁忌一、已知對疫苗的成份有過敏者，不予接種。二、過去注射曾經發生嚴重不良反應者，不予接種。接種注意事項一、 發燒或正患有急性中重疾病者，宜待病情穩定後再接種。二、 出生未滿6個月，因無使用效益及安全性等臨床資料，故不予接種。三、 先前接種本疫苗6週內曾發生Guillain-Barr? 症候群(GBS)者，宜請醫師評估。四、已知對「蛋」之蛋白質有嚴重過敏者，可在門/住診由熟悉處理過敏症狀之醫事人員提供接種，並於接種後觀察429分鐘，無不適症狀再離開。五、 其他經醫師評估不適合接種者，不予' \u0006",
        "twd97x": 296968.74,
        "twd97y": 2767206.41,
        "經度": 121.465356,
        "緯度": 25.012172
      }
    },
    {
      "type": "Feature",
      "geometry": {
        "type": "Point",
        "coordinates": [
          121.465356,
          25.012172
        ]
      },
      "properties": {
        "no": 3530000000.0,
        "name": "樂澄診所",
        "tel": "2275-1010",
        "address": "新北市北門街13號",
        "type": "診所",
        "remark": "如要接種，請先致電詢問疫苗庫存",
        "reservation": "現場",
        "own_expense": "是",
        "division": "家醫科",
        "notice": "接種禁忌一、已知對疫苗的成份有過敏者，不予接種。二、過去注射曾經發生嚴重不良反應者，不予接種。接種注意事項一、 發燒或正患有急性中重疾病者，宜待病情穩定後再接種。二、 出生未滿6個月，因無使用效益及安全性等臨床資料，故不予接種。三、 先前接種本疫苗6週內曾發生Guillain-Barr? 症候群(GBS)者，宜請醫師評估。四、已知對「蛋」之蛋白質有嚴重過敏者，可在門/住診由熟悉處理過敏症狀之醫事人員提供接種，並於接種後觀察430分鐘，無不適症狀再離開。五、 其他經醫師評估不適合接種者，不予' \u0006",
        "twd97x": 296968.74,
        "twd97y": 2767206.41,
        "經度": 121.465356,
        "緯度": 25.012172
      }
    },
    {
      "type": "Feature",
      "geometry": {
        "type": "Point",
        "coordinates": [
          121.465356,
          25.012172
        ]
      },
      "properties": {
        "no": 3530000000.0,
        "name": "蔡利誠診所",
        "tel": "2250-2246",
        "address": "新北市陽明街112號",
        "type": "診所",
        "remark": "如要接種，請先致電詢問疫苗庫存",
        "reservation": "現場",
        "own_expense": "是",
        "division": "內科",
        "notice": "接種禁忌一、已知對疫苗的成份有過敏者，不予接種。二、過去注射曾經發生嚴重不良反應者，不予接種。接種注意事項一、 發燒或正患有急性中重疾病者，宜待病情穩定後再接種。二、 出生未滿6個月，因無使用效益及安全性等臨床資料，故不予接種。三、 先前接種本疫苗6週內曾發生Guillain-Barr? 症候群(GBS)者，宜請醫師評估。四、已知對「蛋」之蛋白質有嚴重過敏者，可在門/住診由熟悉處理過敏症狀之醫事人員提供接種，並於接種後觀察431分鐘，無不適症狀再離開。五、 其他經醫師評估不適合接種者，不予' \u0006",
        "twd97x": 296968.74,
        "twd97y": 2767206.41,
        "經度": 121.465356,
        "緯度": 25.012172
      }
    },
    {
      "type": "Feature",
      "geometry": {
        "type": "Point",
        "coordinates": [
          121.465356,
          25.012172
        ]
      },
      "properties": {
        "no": 3530000000.0,
        "name": "蔡明志小兒專科診所",
        "tel": "8257-0156",
        "address": "新北市雨農路56號",
        "type": "診所",
        "remark": "如要接種，請先致電詢問疫苗庫存",
        "reservation": "電話、現場",
        "own_expense": "是",
        "division": "小兒科",
        "notice": "接種禁忌一、已知對疫苗的成份有過敏者，不予接種。二、過去注射曾經發生嚴重不良反應者，不予接種。接種注意事項一、 發燒或正患有急性中重疾病者，宜待病情穩定後再接種。二、 出生未滿6個月，因無使用效益及安全性等臨床資料，故不予接種。三、 先前接種本疫苗6週內曾發生Guillain-Barr? 症候群(GBS)者，宜請醫師評估。四、已知對「蛋」之蛋白質有嚴重過敏者，可在門/住診由熟悉處理過敏症狀之醫事人員提供接種，並於接種後觀察432分鐘，無不適症狀再離開。五、 其他經醫師評估不適合接種者，不予' \u0006",
        "twd97x": 296968.74,
        "twd97y": 2767206.41,
        "經度": 121.465356,
        "緯度": 25.012172
      }
    },
    {
      "type": "Feature",
      "geometry": {
        "type": "Point",
        "coordinates": [
          121.465356,
          25.012172
        ]
      },
      "properties": {
        "no": 3530000000.0,
        "name": "翰生診所",
        "tel": "2254-5665",
        "address": "新北市漢生西路73號",
        "type": "診所",
        "remark": "如要接種，請先致電詢問疫苗庫存",
        "reservation": "現場",
        "own_expense": "是",
        "division": "家醫科",
        "notice": "接種禁忌一、已知對疫苗的成份有過敏者，不予接種。二、過去注射曾經發生嚴重不良反應者，不予接種。接種注意事項一、 發燒或正患有急性中重疾病者，宜待病情穩定後再接種。二、 出生未滿6個月，因無使用效益及安全性等臨床資料，故不予接種。三、 先前接種本疫苗6週內曾發生Guillain-Barr? 症候群(GBS)者，宜請醫師評估。四、已知對「蛋」之蛋白質有嚴重過敏者，可在門/住診由熟悉處理過敏症狀之醫事人員提供接種，並於接種後觀察433分鐘，無不適症狀再離開。五、 其他經醫師評估不適合接種者，不予' \u0006",
        "twd97x": 296968.74,
        "twd97y": 2767206.41,
        "經度": 121.465356,
        "緯度": 25.012172
      }
    },
    {
      "type": "Feature",
      "geometry": {
        "type": "Point",
        "coordinates": [
          121.465356,
          25.012172
        ]
      },
      "properties": {
        "no": 3530000000.0,
        "name": "興安診所",
        "tel": "2965-2683",
        "address": "新北市龍興街51號",
        "type": "診所",
        "remark": "如要接種，請先致電詢問疫苗庫存",
        "reservation": "現場",
        "own_expense": "是",
        "division": "一般科",
        "notice": "接種禁忌一、已知對疫苗的成份有過敏者，不予接種。二、過去注射曾經發生嚴重不良反應者，不予接種。接種注意事項一、 發燒或正患有急性中重疾病者，宜待病情穩定後再接種。二、 出生未滿6個月，因無使用效益及安全性等臨床資料，故不予接種。三、 先前接種本疫苗6週內曾發生Guillain-Barr? 症候群(GBS)者，宜請醫師評估。四、已知對「蛋」之蛋白質有嚴重過敏者，可在門/住診由熟悉處理過敏症狀之醫事人員提供接種，並於接種後觀察434分鐘，無不適症狀再離開。五、 其他經醫師評估不適合接種者，不予' \u0006",
        "twd97x": 296968.74,
        "twd97y": 2767206.41,
        "經度": 121.465356,
        "緯度": 25.012172
      }
    },
    {
      "type": "Feature",
      "geometry": {
        "type": "Point",
        "coordinates": [
          121.465356,
          25.012172
        ]
      },
      "properties": {
        "no": 1530000000.0,
        "name": "蕭中正醫院",
        "tel": "2968-5661",
        "address": "新北市新興里南雅南路一段15-1號",
        "type": "地區醫院",
        "remark": "如要接種，請先致電詢問疫苗庫存",
        "reservation": "現場",
        "own_expense": "是",
        "division": "家醫科",
        "notice": "接種禁忌一、已知對疫苗的成份有過敏者，不予接種。二、過去注射曾經發生嚴重不良反應者，不予接種。接種注意事項一、 發燒或正患有急性中重疾病者，宜待病情穩定後再接種。二、 出生未滿6個月，因無使用效益及安全性等臨床資料，故不予接種。三、 先前接種本疫苗6週內曾發生Guillain-Barr? 症候群(GBS)者，宜請醫師評估。四、已知對「蛋」之蛋白質有嚴重過敏者，可在門/住診由熟悉處理過敏症狀之醫事人員提供接種，並於接種後觀察435分鐘，無不適症狀再離開。五、 其他經醫師評估不適合接種者，不予' \u0006",
        "twd97x": 296968.74,
        "twd97y": 2767206.41,
        "經度": 121.465356,
        "緯度": 25.012172
      }
    },
    {
      "type": "Feature",
      "geometry": {
        "type": "Point",
        "coordinates": [
          121.465356,
          25.012172
        ]
      },
      "properties": {
        "no": 3530000000.0,
        "name": "蕭正輝兒科診所",
        "tel": "2250-1101",
        "address": "新北市文化路二段137號1樓",
        "type": "診所",
        "remark": "如要接種，請先致電詢問疫苗庫存",
        "reservation": "電話、現場",
        "own_expense": "是",
        "division": "兒科",
        "notice": "接種禁忌一、已知對疫苗的成份有過敏者，不予接種。二、過去注射曾經發生嚴重不良反應者，不予接種。接種注意事項一、 發燒或正患有急性中重疾病者，宜待病情穩定後再接種。二、 出生未滿6個月，因無使用效益及安全性等臨床資料，故不予接種。三、 先前接種本疫苗6週內曾發生Guillain-Barr? 症候群(GBS)者，宜請醫師評估。四、已知對「蛋」之蛋白質有嚴重過敏者，可在門/住診由熟悉處理過敏症狀之醫事人員提供接種，並於接種後觀察436分鐘，無不適症狀再離開。五、 其他經醫師評估不適合接種者，不予' \u0006",
        "twd97x": 296968.74,
        "twd97y": 2767206.41,
        "經度": 121.465356,
        "緯度": 25.012172
      }
    },
    {
      "type": "Feature",
      "geometry": {
        "type": "Point",
        "coordinates": [
          121.465356,
          25.012172
        ]
      },
      "properties": {
        "no": 3530000000.0,
        "name": "龍興診所",
        "tel": "2965-0765",
        "address": "新北市龍興街45號",
        "type": "診所",
        "remark": "如要接種，請先致電詢問疫苗庫存",
        "reservation": "現場",
        "own_expense": "是",
        "division": "家醫科",
        "notice": "接種禁忌一、已知對疫苗的成份有過敏者，不予接種。二、過去注射曾經發生嚴重不良反應者，不予接種。接種注意事項一、 發燒或正患有急性中重疾病者，宜待病情穩定後再接種。二、 出生未滿6個月，因無使用效益及安全性等臨床資料，故不予接種。三、 先前接種本疫苗6週內曾發生Guillain-Barr? 症候群(GBS)者，宜請醫師評估。四、已知對「蛋」之蛋白質有嚴重過敏者，可在門/住診由熟悉處理過敏症狀之醫事人員提供接種，並於接種後觀察437分鐘，無不適症狀再離開。五、 其他經醫師評估不適合接種者，不予' \u0006",
        "twd97x": 296968.74,
        "twd97y": 2767206.41,
        "經度": 121.465356,
        "緯度": 25.012172
      }
    },
    {
      "type": "Feature",
      "geometry": {
        "type": "Point",
        "coordinates": [
          121.465356,
          25.012172
        ]
      },
      "properties": {
        "no": 3530000000.0,
        "name": "聯德診所",
        "tel": "8687-1766",
        "address": "新北市溪北路13號",
        "type": "診所",
        "remark": "如要接種，請先致電詢問疫苗庫存",
        "reservation": "現場",
        "own_expense": "是",
        "division": "一般科",
        "notice": "接種禁忌一、已知對疫苗的成份有過敏者，不予接種。二、過去注射曾經發生嚴重不良反應者，不予接種。接種注意事項一、 發燒或正患有急性中重疾病者，宜待病情穩定後再接種。二、 出生未滿6個月，因無使用效益及安全性等臨床資料，故不予接種。三、 先前接種本疫苗6週內曾發生Guillain-Barr? 症候群(GBS)者，宜請醫師評估。四、已知對「蛋」之蛋白質有嚴重過敏者，可在門/住診由熟悉處理過敏症狀之醫事人員提供接種，並於接種後觀察438分鐘，無不適症狀再離開。五、 其他經醫師評估不適合接種者，不予' \u0006",
        "twd97x": 296968.74,
        "twd97y": 2767206.41,
        "經度": 121.465356,
        "緯度": 25.012172
      }
    },
    {
      "type": "Feature",
      "geometry": {
        "type": "Point",
        "coordinates": [
          121.465356,
          25.012172
        ]
      },
      "properties": {
        "no": 3530000000.0,
        "name": "謝坤川診所",
        "tel": "2256-2949",
        "address": "新北市陽明街10號",
        "type": "診所",
        "remark": "如要接種，請先致電詢問疫苗庫存",
        "reservation": "現場",
        "own_expense": "是",
        "division": "家醫科",
        "notice": "接種禁忌一、已知對疫苗的成份有過敏者，不予接種。二、過去注射曾經發生嚴重不良反應者，不予接種。接種注意事項一、 發燒或正患有急性中重疾病者，宜待病情穩定後再接種。二、 出生未滿6個月，因無使用效益及安全性等臨床資料，故不予接種。三、 先前接種本疫苗6週內曾發生Guillain-Barr? 症候群(GBS)者，宜請醫師評估。四、已知對「蛋」之蛋白質有嚴重過敏者，可在門/住診由熟悉處理過敏症狀之醫事人員提供接種，並於接種後觀察439分鐘，無不適症狀再離開。五、 其他經醫師評估不適合接種者，不予' \u0006",
        "twd97x": 296968.74,
        "twd97y": 2767206.41,
        "經度": 121.465356,
        "緯度": 25.012172
      }
    },
    {
      "type": "Feature",
      "geometry": {
        "type": "Point",
        "coordinates": [
          121.465356,
          25.012172
        ]
      },
      "properties": {
        "no": 3530000000.0,
        "name": "燿星小兒科診所",
        "tel": "2952-2377",
        "address": "新北市實踐路113號",
        "type": "診所",
        "remark": "如要接種，請先致電詢問疫苗庫存",
        "reservation": "電話、現場",
        "own_expense": "是",
        "division": "小兒科",
        "notice": "接種禁忌一、已知對疫苗的成份有過敏者，不予接種。二、過去注射曾經發生嚴重不良反應者，不予接種。接種注意事項一、 發燒或正患有急性中重疾病者，宜待病情穩定後再接種。二、 出生未滿6個月，因無使用效益及安全性等臨床資料，故不予接種。三、 先前接種本疫苗6週內曾發生Guillain-Barr? 症候群(GBS)者，宜請醫師評估。四、已知對「蛋」之蛋白質有嚴重過敏者，可在門/住診由熟悉處理過敏症狀之醫事人員提供接種，並於接種後觀察440分鐘，無不適症狀再離開。五、 其他經醫師評估不適合接種者，不予' \u0006",
        "twd97x": 296968.74,
        "twd97y": 2767206.41,
        "經度": 121.465356,
        "緯度": 25.012172
      }
    },
    {
      "type": "Feature",
      "geometry": {
        "type": "Point",
        "coordinates": [
          121.465356,
          25.012172
        ]
      },
      "properties": {
        "no": 3530000000.0,
        "name": "豐禾婦產科診所",
        "tel": "8951-0666",
        "address": "新北市中山路一段279號3樓之一",
        "type": "診所",
        "remark": "如要接種，請先致電詢問疫苗庫存",
        "reservation": "網路、電話、現場",
        "own_expense": "是",
        "division": "婦產科/小兒科",
        "notice": "接種禁忌一、已知對疫苗的成份有過敏者，不予接種。二、過去注射曾經發生嚴重不良反應者，不予接種。接種注意事項一、 發燒或正患有急性中重疾病者，宜待病情穩定後再接種。二、 出生未滿6個月，因無使用效益及安全性等臨床資料，故不予接種。三、 先前接種本疫苗6週內曾發生Guillain-Barr? 症候群(GBS)者，宜請醫師評估。四、已知對「蛋」之蛋白質有嚴重過敏者，可在門/住診由熟悉處理過敏症狀之醫事人員提供接種，並於接種後觀察441分鐘，無不適症狀再離開。五、 其他經醫師評估不適合接種者，不予' \u0006",
        "twd97x": 296968.74,
        "twd97y": 2767206.41,
        "經度": 121.465356,
        "緯度": 25.012172
      }
    },
    {
      "type": "Feature",
      "geometry": {
        "type": "Point",
        "coordinates": [
          121.465356,
          25.012172
        ]
      },
      "properties": {
        "no": 3530000000.0,
        "name": "麗暘診所",
        "tel": "2250-1841",
        "address": "新北市懷德街78巷2號",
        "type": "診所",
        "remark": "如要接種，請先致電詢問疫苗庫存",
        "reservation": "現場",
        "own_expense": "是",
        "division": "家醫科",
        "notice": "接種禁忌一、已知對疫苗的成份有過敏者，不予接種。二、過去注射曾經發生嚴重不良反應者，不予接種。接種注意事項一、 發燒或正患有急性中重疾病者，宜待病情穩定後再接種。二、 出生未滿6個月，因無使用效益及安全性等臨床資料，故不予接種。三、 先前接種本疫苗6週內曾發生Guillain-Barr? 症候群(GBS)者，宜請醫師評估。四、已知對「蛋」之蛋白質有嚴重過敏者，可在門/住診由熟悉處理過敏症狀之醫事人員提供接種，並於接種後觀察442分鐘，無不適症狀再離開。五、 其他經醫師評估不適合接種者，不予' \u0006",
        "twd97x": 296968.74,
        "twd97y": 2767206.41,
        "經度": 121.465356,
        "緯度": 25.012172
      }
    },
    {
      "type": "Feature",
      "geometry": {
        "type": "Point",
        "coordinates": [
          121.465356,
          25.012172
        ]
      },
      "properties": {
        "no": 3530000000.0,
        "name": "耀安小兒科診所",
        "tel": "2961-6781",
        "address": "新北市漢生東路324號1樓",
        "type": "診所",
        "remark": "如要接種，請先致電詢問疫苗庫存",
        "reservation": "網路、電話、現場",
        "own_expense": "是",
        "division": "小兒科",
        "notice": "接種禁忌一、已知對疫苗的成份有過敏者，不予接種。二、過去注射曾經發生嚴重不良反應者，不予接種。接種注意事項一、 發燒或正患有急性中重疾病者，宜待病情穩定後再接種。二、 出生未滿6個月，因無使用效益及安全性等臨床資料，故不予接種。三、 先前接種本疫苗6週內曾發生Guillain-Barr? 症候群(GBS)者，宜請醫師評估。四、已知對「蛋」之蛋白質有嚴重過敏者，可在門/住診由熟悉處理過敏症狀之醫事人員提供接種，並於接種後觀察443分鐘，無不適症狀再離開。五、 其他經醫師評估不適合接種者，不予' \u0006",
        "twd97x": 296968.74,
        "twd97y": 2767206.41,
        "經度": 121.465356,
        "緯度": 25.012172
      }
    },
    {
      "type": "Feature",
      "geometry": {
        "type": "Point",
        "coordinates": [
          121.364057,
          25.069842
        ]
      },
      "properties": {
        "no": 2330000000.0,
        "name": "林口區衛生所",
        "tel": "2606-8760",
        "address": "新北市林口區忠孝二路55號",
        "type": "衛生所",
        "remark": "如要接種，請先致電詢問疫苗庫存",
        "reservation": "現場",
        "own_expense": "否",
        "division": "家醫科",
        "notice": "接種禁忌一、已知對疫苗的成份有過敏者，不予接種。二、過去注射曾經發生嚴重不良反應者，不予接種。接種注意事項一、 發燒或正患有急性中重疾病者，宜待病情穩定後再接種。二、 出生未滿6個月，因無使用效益及安全性等臨床資料，故不予接種。三、 先前接種本疫苗6週內曾發生Guillain-Barr? 症候群(GBS)者，宜請醫師評估。四、已知對「蛋」之蛋白質有嚴重過敏者，可在門/住診由熟悉處理過敏症狀之醫事人員提供接種，並於接種後觀察444分鐘，無不適症狀再離開。五、 其他經醫師評估不適合接種者，不予' \u0006",
        "twd97x": 286727.36,
        "twd97y": 2773562.89,
        "經度": 121.364057,
        "緯度": 25.069842
      }
    },
    {
      "type": "Feature",
      "geometry": {
        "type": "Point",
        "coordinates": [
          121.376041,
          25.078713
        ]
      },
      "properties": {
        "no": 3530000000.0,
        "name": "未來小兒科",
        "tel": "2602-9090",
        "address": "新北市林口區文化二路一段577號",
        "type": "診所",
        "remark": "如要接種，請先致電詢問疫苗庫存",
        "reservation": "現場",
        "own_expense": "是",
        "division": "兒科",
        "notice": "接種禁忌一、已知對疫苗的成份有過敏者，不予接種。二、過去注射曾經發生嚴重不良反應者，不予接種。接種注意事項一、 發燒或正患有急性中重疾病者，宜待病情穩定後再接種。二、 出生未滿6個月，因無使用效益及安全性等臨床資料，故不予接種。三、 先前接種本疫苗6週內曾發生Guillain-Barr? 症候群(GBS)者，宜請醫師評估。四、已知對「蛋」之蛋白質有嚴重過敏者，可在門/住診由熟悉處理過敏症狀之醫事人員提供接種，並於接種後觀察445分鐘，無不適症狀再離開。五、 其他經醫師評估不適合接種者，不予' \u0006",
        "twd97x": 287933.62,
        "twd97y": 2774548.78,
        "經度": 121.376041,
        "緯度": 25.078713
      }
    },
    {
      "type": "Feature",
      "geometry": {
        "type": "Point",
        "coordinates": [
          121.375573,
          25.077618
        ]
      },
      "properties": {
        "no": 3530000000.0,
        "name": "永健診所",
        "tel": "2601-6129",
        "address": "新北市林口區文化二路一段392-3號1樓",
        "type": "診所",
        "remark": "如要接種，請先致電詢問疫苗庫存",
        "reservation": "電話、現場",
        "own_expense": "是",
        "division": "兒科",
        "notice": "接種禁忌一、已知對疫苗的成份有過敏者，不予接種。二、過去注射曾經發生嚴重不良反應者，不予接種。接種注意事項一、 發燒或正患有急性中重疾病者，宜待病情穩定後再接種。二、 出生未滿6個月，因無使用效益及安全性等臨床資料，故不予接種。三、 先前接種本疫苗6週內曾發生Guillain-Barr? 症候群(GBS)者，宜請醫師評估。四、已知對「蛋」之蛋白質有嚴重過敏者，可在門/住診由熟悉處理過敏症狀之醫事人員提供接種，並於接種後觀察446分鐘，無不適症狀再離開。五、 其他經醫師評估不適合接種者，不予' \u0006",
        "twd97x": 287886.67,
        "twd97y": 2774427.45,
        "經度": 121.375573,
        "緯度": 25.077618
      }
    },
    {
      "type": "Feature",
      "geometry": {
        "type": "Point",
        "coordinates": [
          121.389009,
          25.079119
        ]
      },
      "properties": {
        "no": 3530000000.0,
        "name": "明揚診所",
        "tel": "2603-5801",
        "address": "新北市林口區中山路192號",
        "type": "診所",
        "remark": "如要接種，請先致電詢問疫苗庫存",
        "reservation": "電話、傳真、現場",
        "own_expense": "是",
        "division": "內科",
        "notice": "接種禁忌一、已知對疫苗的成份有過敏者，不予接種。二、過去注射曾經發生嚴重不良反應者，不予接種。接種注意事項一、 發燒或正患有急性中重疾病者，宜待病情穩定後再接種。二、 出生未滿6個月，因無使用效益及安全性等臨床資料，故不予接種。三、 先前接種本疫苗6週內曾發生Guillain-Barr? 症候群(GBS)者，宜請醫師評估。四、已知對「蛋」之蛋白質有嚴重過敏者，可在門/住診由熟悉處理過敏症狀之醫事人員提供接種，並於接種後觀察447分鐘，無不適症狀再離開。五、 其他經醫師評估不適合接種者，不予' \u0006",
        "twd97x": 289241.64,
        "twd97y": 2774597.45,
        "經度": 121.389009,
        "緯度": 25.079119
      }
    },
    {
      "type": "Feature",
      "geometry": {
        "type": "Point",
        "coordinates": [
          121.367451,
          25.074325
        ]
      },
      "properties": {
        "no": 3530000000.0,
        "name": "林口微笑親子耳鼻喉科診所",
        "tel": "2600-0515",
        "address": "新北市林口區文化三路一段421號一樓",
        "type": "診所",
        "remark": "如要接種，請先致電詢問疫苗庫存",
        "reservation": "現場",
        "own_expense": "是",
        "division": "耳鼻喉科",
        "notice": "接種禁忌一、已知對疫苗的成份有過敏者，不予接種。二、過去注射曾經發生嚴重不良反應者，不予接種。接種注意事項一、 發燒或正患有急性中重疾病者，宜待病情穩定後再接種。二、 出生未滿6個月，因無使用效益及安全性等臨床資料，故不予接種。三、 先前接種本疫苗6週內曾發生Guillain-Barr? 症候群(GBS)者，宜請醫師評估。四、已知對「蛋」之蛋白質有嚴重過敏者，可在門/住診由熟悉處理過敏症狀之醫事人員提供接種，並於接種後觀察448分鐘，無不適症狀再離開。五、 其他經醫師評估不適合接種者，不予' \u0006",
        "twd97x": 287068.34,
        "twd97y": 2774060.39,
        "經度": 121.367451,
        "緯度": 25.074325
      }
    },
    {
      "type": "Feature",
      "geometry": {
        "type": "Point",
        "coordinates": [
          121.366813,
          25.067859
        ]
      },
      "properties": {
        "no": 3530000000.0,
        "name": "侯志龍小兒科診所",
        "tel": "2608-9001",
        "address": "新北市林口區公園路25號1F",
        "type": "診所",
        "remark": "如要接種，請先致電詢問疫苗庫存",
        "reservation": "現場",
        "own_expense": "是",
        "division": "兒科",
        "notice": "接種禁忌一、已知對疫苗的成份有過敏者，不予接種。二、過去注射曾經發生嚴重不良反應者，不予接種。接種注意事項一、 發燒或正患有急性中重疾病者，宜待病情穩定後再接種。二、 出生未滿6個月，因無使用效益及安全性等臨床資料，故不予接種。三、 先前接種本疫苗6週內曾發生Guillain-Barr? 症候群(GBS)者，宜請醫師評估。四、已知對「蛋」之蛋白質有嚴重過敏者，可在門/住診由熟悉處理過敏症狀之醫事人員提供接種，並於接種後觀察449分鐘，無不適症狀再離開。五、 其他經醫師評估不適合接種者，不予' \u0006",
        "twd97x": 287005.98,
        "twd97y": 2773344.03,
        "經度": 121.366813,
        "緯度": 25.067859
      }
    },
    {
      "type": "Feature",
      "geometry": {
        "type": "Point",
        "coordinates": [
          121.376605,
          25.070121
        ]
      },
      "properties": {
        "no": 3530000000.0,
        "name": "捷仁診所",
        "tel": "2600-9405",
        "address": "新北市林口區麗園一街6巷1號1樓之4",
        "type": "診所",
        "remark": "如要接種，請先致電詢問疫苗庫存",
        "reservation": "電話、現場",
        "own_expense": "否",
        "division": "家庭醫學科",
        "notice": "接種禁忌一、已知對疫苗的成份有過敏者，不予接種。二、過去注射曾經發生嚴重不良反應者，不予接種。接種注意事項一、 發燒或正患有急性中重疾病者，宜待病情穩定後再接種。二、 出生未滿6個月，因無使用效益及安全性等臨床資料，故不予接種。三、 先前接種本疫苗6週內曾發生Guillain-Barr? 症候群(GBS)者，宜請醫師評估。四、已知對「蛋」之蛋白質有嚴重過敏者，可在門/住診由熟悉處理過敏症狀之醫事人員提供接種，並於接種後觀察450分鐘，無不適症狀再離開。五、 其他經醫師評估不適合接種者，不予' \u0006",
        "twd97x": 287993.16,
        "twd97y": 2773597.3,
        "經度": 121.376605,
        "緯度": 25.070121
      }
    },
    {
      "type": "Feature",
      "geometry": {
        "type": "Point",
        "coordinates": [
          121.383982,
          25.074891
        ]
      },
      "properties": {
        "no": 3530000000.0,
        "name": "陽光耳鼻喉科",
        "tel": "2601-6068#115",
        "address": "新北市林口區仁愛路2段115號1樓",
        "type": "診所",
        "remark": "如要接種，請先致電詢問疫苗庫存",
        "reservation": "現場",
        "own_expense": "是",
        "division": "耳鼻喉科",
        "notice": "接種禁忌一、已知對疫苗的成份有過敏者，不予接種。二、過去注射曾經發生嚴重不良反應者，不予接種。接種注意事項一、 發燒或正患有急性中重疾病者，宜待病情穩定後再接種。二、 出生未滿6個月，因無使用效益及安全性等臨床資料，故不予接種。三、 先前接種本疫苗6週內曾發生Guillain-Barr? 症候群(GBS)者，宜請醫師評估。四、已知對「蛋」之蛋白質有嚴重過敏者，可在門/住診由熟悉處理過敏症狀之醫事人員提供接種，並於接種後觀察451分鐘，無不適症狀再離開。五、 其他經醫師評估不適合接種者，不予' \u0006",
        "twd97x": 288735.82,
        "twd97y": 2774127.69,
        "經度": 121.383982,
        "緯度": 25.074891
      }
    },
    {
      "type": "Feature",
      "geometry": {
        "type": "Point",
        "coordinates": [
          121.372549,
          25.075985
        ]
      },
      "properties": {
        "no": 3530000000.0,
        "name": "黃紹基診所",
        "tel": "2600-5385#9",
        "address": "新北市林口區民有街156號1樓",
        "type": "診所",
        "remark": "如要接種，請先致電詢問疫苗庫存",
        "reservation": "現場",
        "own_expense": "是",
        "division": "兒科",
        "notice": "接種禁忌一、已知對疫苗的成份有過敏者，不予接種。二、過去注射曾經發生嚴重不良反應者，不予接種。接種注意事項一、 發燒或正患有急性中重疾病者，宜待病情穩定後再接種。二、 出生未滿6個月，因無使用效益及安全性等臨床資料，故不予接種。三、 先前接種本疫苗6週內曾發生Guillain-Barr? 症候群(GBS)者，宜請醫師評估。四、已知對「蛋」之蛋白質有嚴重過敏者，可在門/住診由熟悉處理過敏症狀之醫事人員提供接種，並於接種後觀察452分鐘，無不適症狀再離開。五、 其他經醫師評估不適合接種者，不予' \u0006",
        "twd97x": 287582.2,
        "twd97y": 2774245.68,
        "經度": 121.372549,
        "緯度": 25.075985
      }
    },
    {
      "type": "Feature",
      "geometry": {
        "type": "Point",
        "coordinates": [
          121.373979,
          25.076482
        ]
      },
      "properties": {
        "no": 3530000000.0,
        "name": "穎欣診所",
        "tel": "2606-9786",
        "address": "新北市林口區文化二路一段535號1樓",
        "type": "診所",
        "remark": "如要接種，請先致電詢問疫苗庫存",
        "reservation": "電話、現場",
        "own_expense": "是",
        "division": "兒科",
        "notice": "接種禁忌一、已知對疫苗的成份有過敏者，不予接種。二、過去注射曾經發生嚴重不良反應者，不予接種。接種注意事項一、 發燒或正患有急性中重疾病者，宜待病情穩定後再接種。二、 出生未滿6個月，因無使用效益及安全性等臨床資料，故不予接種。三、 先前接種本疫苗6週內曾發生Guillain-Barr? 症候群(GBS)者，宜請醫師評估。四、已知對「蛋」之蛋白質有嚴重過敏者，可在門/住診由熟悉處理過敏症狀之醫事人員提供接種，並於接種後觀察453分鐘，無不適症狀再離開。五、 其他經醫師評估不適合接種者，不予' \u0006",
        "twd97x": 287726.28,
        "twd97y": 2774301.08,
        "經度": 121.373979,
        "緯度": 25.076482
      }
    },
    {
      "type": "Feature",
      "geometry": {
        "type": "Point",
        "coordinates": [
          121.383982,
          25.074891
        ]
      },
      "properties": {
        "no": 3530000000.0,
        "name": "親子耳鼻喉科診所",
        "tel": "2601-6068#115",
        "address": "新北市林口區仁愛路2段115號1樓",
        "type": "診所",
        "remark": "如要接種，請先致電詢問疫苗庫存",
        "reservation": "現場",
        "own_expense": "是",
        "division": "耳鼻喉科",
        "notice": "接種禁忌一、已知對疫苗的成份有過敏者，不予接種。二、過去注射曾經發生嚴重不良反應者，不予接種。接種注意事項一、 發燒或正患有急性中重疾病者，宜待病情穩定後再接種。二、 出生未滿6個月，因無使用效益及安全性等臨床資料，故不予接種。三、 先前接種本疫苗6週內曾發生Guillain-Barr? 症候群(GBS)者，宜請醫師評估。四、已知對「蛋」之蛋白質有嚴重過敏者，可在門/住診由熟悉處理過敏症狀之醫事人員提供接種，並於接種後觀察454分鐘，無不適症狀再離開。五、 其他經醫師評估不適合接種者，不予' \u0006",
        "twd97x": 288735.82,
        "twd97y": 2774127.69,
        "經度": 121.383982,
        "緯度": 25.074891
      }
    },
    {
      "type": "Feature",
      "geometry": {
        "type": "Point",
        "coordinates": [
          121.369461,
          25.071601
        ]
      },
      "properties": {
        "no": 3530000000.0,
        "name": "麗林耳鼻喉科",
        "tel": "2608-2795",
        "address": "新北市林口區忠孝路379號",
        "type": "診所",
        "remark": "如要接種，請先致電詢問疫苗庫存",
        "reservation": "現場",
        "own_expense": "是",
        "division": "耳鼻喉科",
        "notice": "接種禁忌一、已知對疫苗的成份有過敏者，不予接種。二、過去注射曾經發生嚴重不良反應者，不予接種。接種注意事項一、 發燒或正患有急性中重疾病者，宜待病情穩定後再接種。二、 出生未滿6個月，因無使用效益及安全性等臨床資料，故不予接種。三、 先前接種本疫苗6週內曾發生Guillain-Barr? 症候群(GBS)者，宜請醫師評估。四、已知對「蛋」之蛋白質有嚴重過敏者，可在門/住診由熟悉處理過敏症狀之醫事人員提供接種，並於接種後觀察455分鐘，無不適症狀再離開。五、 其他經醫師評估不適合接種者，不予' \u0006",
        "twd97x": 287272.0,
        "twd97y": 2773759.22,
        "經度": 121.369461,
        "緯度": 25.071601
      }
    },
    {
      "type": "Feature",
      "geometry": {
        "type": "Point",
        "coordinates": [
          121.641163,
          25.22046
        ]
      },
      "properties": {
        "no": 2330000000.0,
        "name": "金山區衛生所",
        "tel": "2498-2778",
        "address": "新北市金山區民生路59號",
        "type": "衛生所",
        "remark": "如要接種，請先致電詢問疫苗庫存",
        "reservation": "網路、電話、現場",
        "own_expense": "否",
        "division": "家醫科",
        "notice": "接種禁忌一、已知對疫苗的成份有過敏者，不予接種。二、過去注射曾經發生嚴重不良反應者，不予接種。接種注意事項一、 發燒或正患有急性中重疾病者，宜待病情穩定後再接種。二、 出生未滿6個月，因無使用效益及安全性等臨床資料，故不予接種。三、 先前接種本疫苗6週內曾發生Guillain-Barr? 症候群(GBS)者，宜請醫師評估。四、已知對「蛋」之蛋白質有嚴重過敏者，可在門/住診由熟悉處理過敏症狀之醫事人員提供接種，並於接種後觀察456分鐘，無不適症狀再離開。五、 其他經醫師評估不適合接種者，不予' \u0006",
        "twd97x": 314603.99,
        "twd97y": 2790350.59,
        "經度": 121.641163,
        "緯度": 25.22046
      }
    },
    {
      "type": "Feature",
      "geometry": {
        "type": "Point",
        "coordinates": [
          121.637385,
          25.22166
        ]
      },
      "properties": {
        "no": 3530000000.0,
        "name": "東大診所",
        "tel": "2498-3191",
        "address": "新北市金山區中山路231號",
        "type": "診所",
        "remark": "如要接種，請先致電詢問疫苗庫存",
        "reservation": "電話、現場",
        "own_expense": "否",
        "division": "一般科",
        "notice": "接種禁忌一、已知對疫苗的成份有過敏者，不予接種。二、過去注射曾經發生嚴重不良反應者，不予接種。接種注意事項一、 發燒或正患有急性中重疾病者，宜待病情穩定後再接種。二、 出生未滿6個月，因無使用效益及安全性等臨床資料，故不予接種。三、 先前接種本疫苗6週內曾發生Guillain-Barr? 症候群(GBS)者，宜請醫師評估。四、已知對「蛋」之蛋白質有嚴重過敏者，可在門/住診由熟悉處理過敏症狀之醫事人員提供接種，並於接種後觀察457分鐘，無不適症狀再離開。五、 其他經醫師評估不適合接種者，不予' \u0006",
        "twd97x": 314222.65,
        "twd97y": 2790481.69,
        "經度": 121.637385,
        "緯度": 25.22166
      }
    },
    {
      "type": "Feature",
      "geometry": {
        "type": "Point",
        "coordinates": [
          121.628344,
          25.219469
        ]
      },
      "properties": {
        "no": 431270012.0,
        "name": "國立臺灣大學醫學院附設醫院金山分院",
        "tel": "2498-9898#7615",
        "address": "新北市金山區玉爐路7號",
        "type": "地區醫院",
        "remark": "如要接種，請先致電詢問疫苗庫存",
        "reservation": "電話、現場",
        "own_expense": "否",
        "division": "內科、家醫、耳鼻喉科",
        "notice": "接種禁忌一、已知對疫苗的成份有過敏者，不予接種。二、過去注射曾經發生嚴重不良反應者，不予接種。接種注意事項一、 發燒或正患有急性中重疾病者，宜待病情穩定後再接種。二、 出生未滿6個月，因無使用效益及安全性等臨床資料，故不予接種。三、 先前接種本疫苗6週內曾發生Guillain-Barr? 症候群(GBS)者，宜請醫師評估。四、已知對「蛋」之蛋白質有嚴重過敏者，可在門/住診由熟悉處理過敏症狀之醫事人員提供接種，並於接種後觀察458分鐘，無不適症狀再離開。五、 其他經醫師評估不適合接種者，不予' \u0006",
        "twd97x": 313312.75,
        "twd97y": 2790234.64,
        "經度": 121.628344,
        "緯度": 25.219469
      }
    },
    {
      "type": "Feature",
      "geometry": {
        "type": "Point",
        "coordinates": [
          121.433653,
          25.05613
        ]
      },
      "properties": {
        "no": 2330000000.0,
        "name": "泰山區衛生所",
        "tel": "2909-9921",
        "address": "新北市泰山區全興路212號3樓",
        "type": "衛生所",
        "remark": "如要接種，請先致電詢問疫苗庫存",
        "reservation": "現場",
        "own_expense": "否",
        "division": "家醫科",
        "notice": "接種禁忌一、已知對疫苗的成份有過敏者，不予接種。二、過去注射曾經發生嚴重不良反應者，不予接種。接種注意事項一、 發燒或正患有急性中重疾病者，宜待病情穩定後再接種。二、 出生未滿6個月，因無使用效益及安全性等臨床資料，故不予接種。三、 先前接種本疫苗6週內曾發生Guillain-Barr? 症候群(GBS)者，宜請醫師評估。四、已知對「蛋」之蛋白質有嚴重過敏者，可在門/住診由熟悉處理過敏症狀之醫事人員提供接種，並於接種後觀察459分鐘，無不適症狀再離開。五、 其他經醫師評估不適合接種者，不予' \u0006",
        "twd97x": 293753.33,
        "twd97y": 2772064.84,
        "經度": 121.433653,
        "緯度": 25.05613
      }
    },
    {
      "type": "Feature",
      "geometry": {
        "type": "Point",
        "coordinates": [
          121.432128,
          25.060077
        ]
      },
      "properties": {
        "no": 3531161595.0,
        "name": "王嘉興診所",
        "tel": "8531-4123",
        "address": "新北市泰山區明志路一段271號",
        "type": "診所",
        "remark": "如要接種，請先致電詢問疫苗庫存",
        "reservation": "電話、現場",
        "own_expense": "是",
        "division": "家醫科",
        "notice": "接種禁忌一、已知對疫苗的成份有過敏者，不予接種。二、過去注射曾經發生嚴重不良反應者，不予接種。接種注意事項一、 發燒或正患有急性中重疾病者，宜待病情穩定後再接種。二、 出生未滿6個月，因無使用效益及安全性等臨床資料，故不予接種。三、 先前接種本疫苗6週內曾發生Guillain-Barr? 症候群(GBS)者，宜請醫師評估。四、已知對「蛋」之蛋白質有嚴重過敏者，可在門/住診由熟悉處理過敏症狀之醫事人員提供接種，並於接種後觀察460分鐘，無不適症狀再離開。五、 其他經醫師評估不適合接種者，不予' \u0006",
        "twd97x": 293598.12,
        "twd97y": 2772501.5,
        "經度": 121.432128,
        "緯度": 25.060077
      }
    },
    {
      "type": "Feature",
      "geometry": {
        "type": "Point",
        "coordinates": [
          121.432211,
          25.060299
        ]
      },
      "properties": {
        "no": 3530000000.0,
        "name": "弘森診所",
        "tel": "2909-0568",
        "address": "新北市泰山區明志路一段257號",
        "type": "診所",
        "remark": "如要接種，請先致電詢問疫苗庫存",
        "reservation": "電話、現場",
        "own_expense": "是",
        "division": "兒科、耳鼻喉科",
        "notice": "接種禁忌一、已知對疫苗的成份有過敏者，不予接種。二、過去注射曾經發生嚴重不良反應者，不予接種。接種注意事項一、 發燒或正患有急性中重疾病者，宜待病情穩定後再接種。二、 出生未滿6個月，因無使用效益及安全性等臨床資料，故不予接種。三、 先前接種本疫苗6週內曾發生Guillain-Barr? 症候群(GBS)者，宜請醫師評估。四、已知對「蛋」之蛋白質有嚴重過敏者，可在門/住診由熟悉處理過敏症狀之醫事人員提供接種，並於接種後觀察461分鐘，無不適症狀再離開。五、 其他經醫師評估不適合接種者，不予' \u0006",
        "twd97x": 293606.33,
        "twd97y": 2772526.11,
        "經度": 121.432211,
        "緯度": 25.060299
      }
    },
    {
      "type": "Feature",
      "geometry": {
        "type": "Point",
        "coordinates": [
          121.433633,
          25.055578
        ]
      },
      "properties": {
        "no": 3531161773.0,
        "name": "永安診所",
        "tel": "8531-8184",
        "address": "新北市泰山區仁愛路112之2號",
        "type": "診所",
        "remark": "如要接種，請先致電詢問疫苗庫存",
        "reservation": "電話、現場",
        "own_expense": "是",
        "division": "家醫科",
        "notice": "接種禁忌一、已知對疫苗的成份有過敏者，不予接種。二、過去注射曾經發生嚴重不良反應者，不予接種。接種注意事項一、 發燒或正患有急性中重疾病者，宜待病情穩定後再接種。二、 出生未滿6個月，因無使用效益及安全性等臨床資料，故不予接種。三、 先前接種本疫苗6週內曾發生Guillain-Barr? 症候群(GBS)者，宜請醫師評估。四、已知對「蛋」之蛋白質有嚴重過敏者，可在門/住診由熟悉處理過敏症狀之醫事人員提供接種，並於接種後觀察462分鐘，無不適症狀再離開。五、 其他經醫師評估不適合接種者，不予' \u0006",
        "twd97x": 293751.52,
        "twd97y": 2772003.68,
        "經度": 121.433633,
        "緯度": 25.055578
      }
    },
    {
      "type": "Feature",
      "geometry": {
        "type": "Point",
        "coordinates": [
          121.432991,
          25.055253
        ]
      },
      "properties": {
        "no": 3531161684.0,
        "name": "永旭診所",
        "tel": "2297-9722",
        "address": "新北市泰山區仁愛路88號1樓",
        "type": "診所",
        "remark": "如要接種，請先致電詢問疫苗庫存",
        "reservation": "電話、現場",
        "own_expense": "是",
        "division": "兒科",
        "notice": "接種禁忌一、已知對疫苗的成份有過敏者，不予接種。二、過去注射曾經發生嚴重不良反應者，不予接種。接種注意事項一、 發燒或正患有急性中重疾病者，宜待病情穩定後再接種。二、 出生未滿6個月，因無使用效益及安全性等臨床資料，故不予接種。三、 先前接種本疫苗6週內曾發生Guillain-Barr? 症候群(GBS)者，宜請醫師評估。四、已知對「蛋」之蛋白質有嚴重過敏者，可在門/住診由熟悉處理過敏症狀之醫事人員提供接種，並於接種後觀察463分鐘，無不適症狀再離開。五、 其他經醫師評估不適合接種者，不予' \u0006",
        "twd97x": 293686.9,
        "twd97y": 2771967.51,
        "經度": 121.432991,
        "緯度": 25.055253
      }
    },
    {
      "type": "Feature",
      "geometry": {
        "type": "Point",
        "coordinates": [
          121.425958,
          25.045614
        ]
      },
      "properties": {
        "no": 3531161559.0,
        "name": "佳欣診所",
        "tel": "2904-8622",
        "address": "新北市泰山區明志路二段336號",
        "type": "診所",
        "remark": "如要接種，請先致電詢問疫苗庫存",
        "reservation": "現場",
        "own_expense": "是",
        "division": "兒科",
        "notice": "接種禁忌一、已知對疫苗的成份有過敏者，不予接種。二、過去注射曾經發生嚴重不良反應者，不予接種。接種注意事項一、 發燒或正患有急性中重疾病者，宜待病情穩定後再接種。二、 出生未滿6個月，因無使用效益及安全性等臨床資料，故不予接種。三、 先前接種本疫苗6週內曾發生Guillain-Barr? 症候群(GBS)者，宜請醫師評估。四、已知對「蛋」之蛋白質有嚴重過敏者，可在門/住診由熟悉處理過敏症狀之醫事人員提供接種，並於接種後觀察464分鐘，無不適症狀再離開。五、 其他經醫師評估不適合接種者，不予' \u0006",
        "twd97x": 292980.58,
        "twd97y": 2770897.61,
        "經度": 121.425958,
        "緯度": 25.045614
      }
    },
    {
      "type": "Feature",
      "geometry": {
        "type": "Point",
        "coordinates": [
          121.434038,
          25.056591
        ]
      },
      "properties": {
        "no": 3530000000.0,
        "name": "泰山新庚診所",
        "tel": "2900-0298",
        "address": "新北市泰山區仁德路73號1樓",
        "type": "診所",
        "remark": "如要接種，請先致電詢問疫苗庫存",
        "reservation": "現場",
        "own_expense": "否",
        "division": "家醫科",
        "notice": "接種禁忌一、已知對疫苗的成份有過敏者，不予接種。二、過去注射曾經發生嚴重不良反應者，不予接種。接種注意事項一、 發燒或正患有急性中重疾病者，宜待病情穩定後再接種。二、 出生未滿6個月，因無使用效益及安全性等臨床資料，故不予接種。三、 先前接種本疫苗6週內曾發生Guillain-Barr? 症候群(GBS)者，宜請醫師評估。四、已知對「蛋」之蛋白質有嚴重過敏者，可在門/住診由熟悉處理過敏症狀之醫事人員提供接種，並於接種後觀察465分鐘，無不適症狀再離開。五、 其他經醫師評估不適合接種者，不予' \u0006",
        "twd97x": 293792.06,
        "twd97y": 2772116.05,
        "經度": 121.434038,
        "緯度": 25.056591
      }
    },
    {
      "type": "Feature",
      "geometry": {
        "type": "Point",
        "coordinates": [
          121.43376,
          25.060825
        ]
      },
      "properties": {
        "no": 3530000000.0,
        "name": "泰安診所",
        "tel": "2296-1869",
        "address": "新北市泰山區泰林路二段182號",
        "type": "診所",
        "remark": "如要接種，請先致電詢問疫苗庫存",
        "reservation": "電話、現場",
        "own_expense": "是",
        "division": "家醫科",
        "notice": "接種禁忌一、已知對疫苗的成份有過敏者，不予接種。二、過去注射曾經發生嚴重不良反應者，不予接種。接種注意事項一、 發燒或正患有急性中重疾病者，宜待病情穩定後再接種。二、 出生未滿6個月，因無使用效益及安全性等臨床資料，故不予接種。三、 先前接種本疫苗6週內曾發生Guillain-Barr? 症候群(GBS)者，宜請醫師評估。四、已知對「蛋」之蛋白質有嚴重過敏者，可在門/住診由熟悉處理過敏症狀之醫事人員提供接種，並於接種後觀察466分鐘，無不適症狀再離開。五、 其他經醫師評估不適合接種者，不予' \u0006",
        "twd97x": 293762.52,
        "twd97y": 2772584.89,
        "經度": 121.43376,
        "緯度": 25.060825
      }
    },
    {
      "type": "Feature",
      "geometry": {
        "type": "Point",
        "coordinates": [
          121.429024,
          25.052689
        ]
      },
      "properties": {
        "no": 3530000000.0,
        "name": "泰和診所",
        "tel": "8531-5320",
        "address": "新北市泰山區明志路二段62號",
        "type": "診所",
        "remark": "如要接種，請先致電詢問疫苗庫存",
        "reservation": "電話、現場",
        "own_expense": "是",
        "division": "家醫科",
        "notice": "接種禁忌一、已知對疫苗的成份有過敏者，不予接種。二、過去注射曾經發生嚴重不良反應者，不予接種。接種注意事項一、 發燒或正患有急性中重疾病者，宜待病情穩定後再接種。二、 出生未滿6個月，因無使用效益及安全性等臨床資料，故不予接種。三、 先前接種本疫苗6週內曾發生Guillain-Barr? 症候群(GBS)者，宜請醫師評估。四、已知對「蛋」之蛋白質有嚴重過敏者，可在門/住診由熟悉處理過敏症狀之醫事人員提供接種，並於接種後觀察467分鐘，無不適症狀再離開。五、 其他經醫師評估不適合接種者，不予' \u0006",
        "twd97x": 293287.46,
        "twd97y": 2771682.2,
        "經度": 121.429024,
        "緯度": 25.052689
      }
    },
    {
      "type": "Feature",
      "geometry": {
        "type": "Point",
        "coordinates": [
          121.429903,
          25.053627
        ]
      },
      "properties": {
        "no": 3531160285.0,
        "name": "陳獻宗診所",
        "tel": "2297-4050",
        "address": "新北市泰山區明志路二段12號",
        "type": "診所",
        "remark": "如要接種，請先致電詢問疫苗庫存",
        "reservation": "電話、現場",
        "own_expense": "否",
        "division": "內科",
        "notice": "接種禁忌一、已知對疫苗的成份有過敏者，不予接種。二、過去注射曾經發生嚴重不良反應者，不予接種。接種注意事項一、 發燒或正患有急性中重疾病者，宜待病情穩定後再接種。二、 出生未滿6個月，因無使用效益及安全性等臨床資料，故不予接種。三、 先前接種本疫苗6週內曾發生Guillain-Barr? 症候群(GBS)者，宜請醫師評估。四、已知對「蛋」之蛋白質有嚴重過敏者，可在門/住診由熟悉處理過敏症狀之醫事人員提供接種，並於接種後觀察468分鐘，無不適症狀再離開。五、 其他經醫師評估不適合接種者，不予' \u0006",
        "twd97x": 293375.86,
        "twd97y": 2771786.37,
        "經度": 121.429903,
        "緯度": 25.053627
      }
    },
    {
      "type": "Feature",
      "geometry": {
        "type": "Point",
        "coordinates": [
          121.433508,
          25.062438
        ]
      },
      "properties": {
        "no": 3531161531.0,
        "name": "楓江診所",
        "tel": "2296-9708",
        "address": "新北市泰山區楓江路8號",
        "type": "診所",
        "remark": "如要接種，請先致電詢問疫苗庫存",
        "reservation": "電話、現場",
        "own_expense": "是",
        "division": "家醫科",
        "notice": "接種禁忌一、已知對疫苗的成份有過敏者，不予接種。二、過去注射曾經發生嚴重不良反應者，不予接種。接種注意事項一、 發燒或正患有急性中重疾病者，宜待病情穩定後再接種。二、 出生未滿6個月，因無使用效益及安全性等臨床資料，故不予接種。三、 先前接種本疫苗6週內曾發生Guillain-Barr? 症候群(GBS)者，宜請醫師評估。四、已知對「蛋」之蛋白質有嚴重過敏者，可在門/住診由熟悉處理過敏症狀之醫事人員提供接種，並於接種後觀察469分鐘，無不適症狀再離開。五、 其他經醫師評估不適合接種者，不予' \u0006",
        "twd97x": 293736.45,
        "twd97y": 2772763.47,
        "經度": 121.433508,
        "緯度": 25.062438
      }
    },
    {
      "type": "Feature",
      "geometry": {
        "type": "Point",
        "coordinates": [
          121.433545,
          25.060757
        ]
      },
      "properties": {
        "no": 3531160203.0,
        "name": "溫法烈耳鼻喉科診所",
        "tel": "2909-8253",
        "address": "新北市泰山區泰林路二段175號",
        "type": "診所",
        "remark": "如要接種，請先致電詢問疫苗庫存",
        "reservation": "電話、現場",
        "own_expense": "否",
        "division": "耳鼻喉科",
        "notice": "接種禁忌一、已知對疫苗的成份有過敏者，不予接種。二、過去注射曾經發生嚴重不良反應者，不予接種。接種注意事項一、 發燒或正患有急性中重疾病者，宜待病情穩定後再接種。二、 出生未滿6個月，因無使用效益及安全性等臨床資料，故不予接種。三、 先前接種本疫苗6週內曾發生Guillain-Barr? 症候群(GBS)者，宜請醫師評估。四、已知對「蛋」之蛋白質有嚴重過敏者，可在門/住診由熟悉處理過敏症狀之醫事人員提供接種，並於接種後觀察470分鐘，無不適症狀再離開。五、 其他經醫師評估不適合接種者，不予' \u0006",
        "twd97x": 293740.81,
        "twd97y": 2772577.33,
        "經度": 121.433545,
        "緯度": 25.060757
      }
    },
    {
      "type": "Feature",
      "geometry": {
        "type": "Point",
        "coordinates": [
          121.430799,
          25.039675
        ]
      },
      "properties": {
        "no": 1330000000.0,
        "name": "輔仁大學學校財團法人輔仁大學附設醫院",
        "tel": "8512-8888",
        "address": "新北市泰山區貴子路69號",
        "type": "地區醫院",
        "remark": "如要接種，請先致電詢問疫苗庫存",
        "reservation": "電話、現場",
        "own_expense": "是",
        "division": "家醫科、感染科、兒科",
        "notice": "接種禁忌一、已知對疫苗的成份有過敏者，不予接種。二、過去注射曾經發生嚴重不良反應者，不予接種。接種注意事項一、 發燒或正患有急性中重疾病者，宜待病情穩定後再接種。二、 出生未滿6個月，因無使用效益及安全性等臨床資料，故不予接種。三、 先前接種本疫苗6週內曾發生Guillain-Barr? 症候群(GBS)者，宜請醫師評估。四、已知對「蛋」之蛋白質有嚴重過敏者，可在門/住診由熟悉處理過敏症狀之醫事人員提供接種，並於接種後觀察471分鐘，無不適症狀再離開。五、 其他經醫師評估不適合接種者，不予' \u0006",
        "twd97x": 293471.18,
        "twd97y": 2770241.3,
        "經度": 121.430799,
        "緯度": 25.039675
      }
    },
    {
      "type": "Feature",
      "geometry": {
        "type": "Point",
        "coordinates": [
          121.42944,
          25.0531
        ]
      },
      "properties": {
        "no": 3531160267.0,
        "name": "賴和鴻診所",
        "tel": "2909-4502",
        "address": "新北市泰山區明志路二段42號",
        "type": "診所",
        "remark": "如要接種，請先致電詢問疫苗庫存",
        "reservation": "現場",
        "own_expense": "否",
        "division": "家醫科",
        "notice": "接種禁忌一、已知對疫苗的成份有過敏者，不予接種。二、過去注射曾經發生嚴重不良反應者，不予接種。接種注意事項一、 發燒或正患有急性中重疾病者，宜待病情穩定後再接種。二、 出生未滿6個月，因無使用效益及安全性等臨床資料，故不予接種。三、 先前接種本疫苗6週內曾發生Guillain-Barr? 症候群(GBS)者，宜請醫師評估。四、已知對「蛋」之蛋白質有嚴重過敏者，可在門/住診由熟悉處理過敏症狀之醫事人員提供接種，並於接種後觀察472分鐘，無不適症狀再離開。五、 其他經醫師評估不適合接種者，不予' \u0006",
        "twd97x": 293329.29,
        "twd97y": 2771727.89,
        "經度": 121.42944,
        "緯度": 25.0531
      }
    },
    {
      "type": "Feature",
      "geometry": {
        "type": "Point",
        "coordinates": [
          121.547977,
          24.871965
        ]
      },
      "properties": {
        "no": 2330000000.0,
        "name": "烏來區衛生所",
        "tel": "2661-7200",
        "address": "新北市烏來區新烏路5段109號",
        "type": "衛生所",
        "remark": "如要接種，請先致電詢問疫苗庫存",
        "reservation": "現場",
        "own_expense": "否",
        "division": "不分科(家醫科)",
        "notice": "接種禁忌一、已知對疫苗的成份有過敏者，不予接種。二、過去注射曾經發生嚴重不良反應者，不予接種。接種注意事項一、 發燒或正患有急性中重疾病者，宜待病情穩定後再接種。二、 出生未滿6個月，因無使用效益及安全性等臨床資料，故不予接種。三、 先前接種本疫苗6週內曾發生Guillain-Barr? 症候群(GBS)者，宜請醫師評估。四、已知對「蛋」之蛋白質有嚴重過敏者，可在門/住診由熟悉處理過敏症狀之醫事人員提供接種，並於接種後觀察473分鐘，無不適症狀再離開。五、 其他經醫師評估不適合接種者，不予' \u0006",
        "twd97x": 305370.55,
        "twd97y": 2751707.72,
        "經度": 121.547977,
        "緯度": 24.871965
      }
    },
    {
      "type": "Feature",
      "geometry": {
        "type": "Point",
        "coordinates": [
          121.465356,
          25.012172
        ]
      },
      "properties": {
        "no": 2330000000.0,
        "name": "貢寮區衛生所",
        "tel": "2490-1431",
        "address": "新北市仁愛路128號",
        "type": "衛生所",
        "remark": "如要接種，請先致電詢問疫苗庫存",
        "reservation": "現場",
        "own_expense": "否",
        "division": "不分科",
        "notice": "接種禁忌一、已知對疫苗的成份有過敏者，不予接種。二、過去注射曾經發生嚴重不良反應者，不予接種。接種注意事項一、 發燒或正患有急性中重疾病者，宜待病情穩定後再接種。二、 出生未滿6個月，因無使用效益及安全性等臨床資料，故不予接種。三、 先前接種本疫苗6週內曾發生Guillain-Barr? 症候群(GBS)者，宜請醫師評估。四、已知對「蛋」之蛋白質有嚴重過敏者，可在門/住診由熟悉處理過敏症狀之醫事人員提供接種，並於接種後觀察474分鐘，無不適症狀再離開。五、 其他經醫師評估不適合接種者，不予' \u0006",
        "twd97x": 296968.74,
        "twd97y": 2767206.41,
        "經度": 121.465356,
        "緯度": 25.012172
      }
    },
    {
      "type": "Feature",
      "geometry": {
        "type": "Point",
        "coordinates": [
          121.440843,
          25.172777
        ]
      },
      "properties": {
        "no": 2330000000.0,
        "name": "淡水區衛生所",
        "tel": "2621-5620",
        "address": "新北市淡水區中山路158號",
        "type": "衛生所",
        "remark": "如要接種，請先致電詢問疫苗庫存",
        "reservation": "現場",
        "own_expense": "否",
        "division": "家醫科",
        "notice": "接種禁忌一、已知對疫苗的成份有過敏者，不予接種。二、過去注射曾經發生嚴重不良反應者，不予接種。接種注意事項一、 發燒或正患有急性中重疾病者，宜待病情穩定後再接種。二、 出生未滿6個月，因無使用效益及安全性等臨床資料，故不予接種。三、 先前接種本疫苗6週內曾發生Guillain-Barr? 症候群(GBS)者，宜請醫師評估。四、已知對「蛋」之蛋白質有嚴重過敏者，可在門/住診由熟悉處理過敏症狀之醫事人員提供接種，並於接種後觀察475分鐘，無不適症狀再離開。五、 其他經醫師評估不適合接種者，不予' \u0006",
        "twd97x": 294436.61,
        "twd97y": 2784987.67,
        "經度": 121.440843,
        "緯度": 25.172777
      }
    },
    {
      "type": "Feature",
      "geometry": {
        "type": "Point",
        "coordinates": [
          121.447684,
          25.177558
        ]
      },
      "properties": {
        "no": 3530000000.0,
        "name": "大忠耳鼻喉科診所",
        "tel": "2620-5188",
        "address": "新北市淡水區大忠街113巷31號1樓",
        "type": "診所",
        "remark": "如要接種，請先致電詢問疫苗庫存",
        "reservation": "電話、現場",
        "own_expense": "否",
        "division": "耳鼻喉科.兒科",
        "notice": "接種禁忌一、已知對疫苗的成份有過敏者，不予接種。二、過去注射曾經發生嚴重不良反應者，不予接種。接種注意事項一、 發燒或正患有急性中重疾病者，宜待病情穩定後再接種。二、 出生未滿6個月，因無使用效益及安全性等臨床資料，故不予接種。三、 先前接種本疫苗6週內曾發生Guillain-Barr? 症候群(GBS)者，宜請醫師評估。四、已知對「蛋」之蛋白質有嚴重過敏者，可在門/住診由熟悉處理過敏症狀之醫事人員提供接種，並於接種後觀察476分鐘，無不適症狀再離開。五、 其他經醫師評估不適合接種者，不予' \u0006",
        "twd97x": 295124.41,
        "twd97y": 2785519.51,
        "經度": 121.447684,
        "緯度": 25.177558
      }
    },
    {
      "type": "Feature",
      "geometry": {
        "type": "Point",
        "coordinates": [
          121.443929,
          25.186922
        ]
      },
      "properties": {
        "no": 1530000000.0,
        "name": "公祥醫院",
        "tel": "2622-6551 2621-7638",
        "address": "新北市淡水區38號",
        "type": "地區醫院",
        "remark": "如要接種，請先致電詢問疫苗庫存",
        "reservation": "現場",
        "own_expense": "否",
        "division": "綜合科",
        "notice": "接種禁忌一、已知對疫苗的成份有過敏者，不予接種。二、過去注射曾經發生嚴重不良反應者，不予接種。接種注意事項一、 發燒或正患有急性中重疾病者，宜待病情穩定後再接種。二、 出生未滿6個月，因無使用效益及安全性等臨床資料，故不予接種。三、 先前接種本疫苗6週內曾發生Guillain-Barr? 症候群(GBS)者，宜請醫師評估。四、已知對「蛋」之蛋白質有嚴重過敏者，可在門/住診由熟悉處理過敏症狀之醫事人員提供接種，並於接種後觀察477分鐘，無不適症狀再離開。五、 其他經醫師評估不適合接種者，不予' \u0006",
        "twd97x": 294742.45,
        "twd97y": 2786555.41,
        "經度": 121.443929,
        "緯度": 25.186922
      }
    },
    {
      "type": "Feature",
      "geometry": {
        "type": "Point",
        "coordinates": [
          121.442244,
          25.176271
        ]
      },
      "properties": {
        "no": 3530000000.0,
        "name": "文川耳鼻喉科診所",
        "tel": "8631-0533",
        "address": "新北市淡水區中山北路一段91號1樓",
        "type": "診所",
        "remark": "如要接種，請先致電詢問疫苗庫存",
        "reservation": "電話、現場",
        "own_expense": "是",
        "division": "耳鼻喉科",
        "notice": "接種禁忌一、已知對疫苗的成份有過敏者，不予接種。二、過去注射曾經發生嚴重不良反應者，不予接種。接種注意事項一、 發燒或正患有急性中重疾病者，宜待病情穩定後再接種。二、 出生未滿6個月，因無使用效益及安全性等臨床資料，故不予接種。三、 先前接種本疫苗6週內曾發生Guillain-Barr? 症候群(GBS)者，宜請醫師評估。四、已知對「蛋」之蛋白質有嚴重過敏者，可在門/住診由熟悉處理過敏症狀之醫事人員提供接種，並於接種後觀察478分鐘，無不適症狀再離開。五、 其他經醫師評估不適合接種者，不予' \u0006",
        "twd97x": 294576.52,
        "twd97y": 2785375.17,
        "經度": 121.442244,
        "緯度": 25.176271
      }
    },
    {
      "type": "Feature",
      "geometry": {
        "type": "Point",
        "coordinates": [
          121.447856,
          25.177314
        ]
      },
      "properties": {
        "no": 3530000000.0,
        "name": "水碓瑞安診所",
        "tel": "2620-3669",
        "address": "新北市淡水區北新路182巷61號",
        "type": "診所",
        "remark": "如要接種，請先致電詢問疫苗庫存",
        "reservation": "電話、現場",
        "own_expense": "是",
        "division": "家醫科",
        "notice": "接種禁忌一、已知對疫苗的成份有過敏者，不予接種。二、過去注射曾經發生嚴重不良反應者，不予接種。接種注意事項一、 發燒或正患有急性中重疾病者，宜待病情穩定後再接種。二、 出生未滿6個月，因無使用效益及安全性等臨床資料，故不予接種。三、 先前接種本疫苗6週內曾發生Guillain-Barr? 症候群(GBS)者，宜請醫師評估。四、已知對「蛋」之蛋白質有嚴重過敏者，可在門/住診由熟悉處理過敏症狀之醫事人員提供接種，並於接種後觀察479分鐘，無不適症狀再離開。五、 其他經醫師評估不適合接種者，不予' \u0006",
        "twd97x": 295141.86,
        "twd97y": 2785492.58,
        "經度": 121.447856,
        "緯度": 25.177314
      }
    },
    {
      "type": "Feature",
      "geometry": {
        "type": "Point",
        "coordinates": [
          121.460498,
          25.139534
        ]
      },
      "properties": {
        "no": 1130000000.0,
        "name": "台灣基督長老教會馬偕財團法人淡水馬偕紀念醫院",
        "tel": "2809-4661",
        "address": "新北市淡水區民生路45號",
        "type": "醫學中心",
        "remark": "如要接種，請先致電詢問疫苗庫存",
        "reservation": "網路、電話、現場",
        "own_expense": "是",
        "division": "綜合科",
        "notice": "接種禁忌一、已知對疫苗的成份有過敏者，不予接種。二、過去注射曾經發生嚴重不良反應者，不予接種。接種注意事項一、 發燒或正患有急性中重疾病者，宜待病情穩定後再接種。二、 出生未滿6個月，因無使用效益及安全性等臨床資料，故不予接種。三、 先前接種本疫苗6週內曾發生Guillain-Barr? 症候群(GBS)者，宜請醫師評估。四、已知對「蛋」之蛋白質有嚴重過敏者，可在門/住診由熟悉處理過敏症狀之醫事人員提供接種，並於接種後觀察480分鐘，無不適症狀再離開。五、 其他經醫師評估不適合接種者，不予' \u0006",
        "twd97x": 296430.44,
        "twd97y": 2781312.11,
        "經度": 121.460498,
        "緯度": 25.139534
      }
    },
    {
      "type": "Feature",
      "geometry": {
        "type": "Point",
        "coordinates": [
          121.439079,
          25.189233
        ]
      },
      "properties": {
        "no": 3530000000.0,
        "name": "沐恩診所",
        "tel": "2629-9777",
        "address": "新北市淡水區濱海路一段143號1樓",
        "type": "診所",
        "remark": "如要接種，請先致電詢問疫苗庫存",
        "reservation": "電話、現場",
        "own_expense": "否",
        "division": "外科",
        "notice": "接種禁忌一、已知對疫苗的成份有過敏者，不予接種。二、過去注射曾經發生嚴重不良反應者，不予接種。接種注意事項一、 發燒或正患有急性中重疾病者，宜待病情穩定後再接種。二、 出生未滿6個月，因無使用效益及安全性等臨床資料，故不予接種。三、 先前接種本疫苗6週內曾發生Guillain-Barr? 症候群(GBS)者，宜請醫師評估。四、已知對「蛋」之蛋白質有嚴重過敏者，可在門/住診由熟悉處理過敏症狀之醫事人員提供接種，並於接種後觀察481分鐘，無不適症狀再離開。五、 其他經醫師評估不適合接種者，不予' \u0006",
        "twd97x": 294252.85,
        "twd97y": 2786809.86,
        "經度": 121.439079,
        "緯度": 25.189233
      }
    },
    {
      "type": "Feature",
      "geometry": {
        "type": "Point",
        "coordinates": [
          121.430792,
          25.186634
        ]
      },
      "properties": {
        "no": 3530000000.0,
        "name": "卓訓德診所",
        "tel": "2620-2022",
        "address": "新北市淡水區新市一路一段36號",
        "type": "診所",
        "remark": "如要接種，請先致電詢問疫苗庫存",
        "reservation": "電話、現場",
        "own_expense": "是",
        "division": "兒科",
        "notice": "接種禁忌一、已知對疫苗的成份有過敏者，不予接種。二、過去注射曾經發生嚴重不良反應者，不予接種。接種注意事項一、 發燒或正患有急性中重疾病者，宜待病情穩定後再接種。二、 出生未滿6個月，因無使用效益及安全性等臨床資料，故不予接種。三、 先前接種本疫苗6週內曾發生Guillain-Barr? 症候群(GBS)者，宜請醫師評估。四、已知對「蛋」之蛋白質有嚴重過敏者，可在門/住診由熟悉處理過敏症狀之醫事人員提供接種，並於接種後觀察482分鐘，無不適症狀再離開。五、 其他經醫師評估不適合接種者，不予' \u0006",
        "twd97x": 293418.54,
        "twd97y": 2786519.21,
        "經度": 121.430792,
        "緯度": 25.186634
      }
    },
    {
      "type": "Feature",
      "geometry": {
        "type": "Point",
        "coordinates": [
          121.446564,
          25.183137
        ]
      },
      "properties": {
        "no": 3530000000.0,
        "name": "宜禾診所",
        "tel": "2625-9798",
        "address": "新北市淡水區新市一路三段105號",
        "type": "診所",
        "remark": "如要接種，請先致電詢問疫苗庫存",
        "reservation": "現場",
        "own_expense": "是",
        "division": "不分科(家醫科)",
        "notice": "接種禁忌一、已知對疫苗的成份有過敏者，不予接種。二、過去注射曾經發生嚴重不良反應者，不予接種。接種注意事項一、 發燒或正患有急性中重疾病者，宜待病情穩定後再接種。二、 出生未滿6個月，因無使用效益及安全性等臨床資料，故不予接種。三、 先前接種本疫苗6週內曾發生Guillain-Barr? 症候群(GBS)者，宜請醫師評估。四、已知對「蛋」之蛋白質有嚴重過敏者，可在門/住診由熟悉處理過敏症狀之醫事人員提供接種，並於接種後觀察483分鐘，無不適症狀再離開。五、 其他經醫師評估不適合接種者，不予' \u0006",
        "twd97x": 295009.47,
        "twd97y": 2786137.13,
        "經度": 121.446564,
        "緯度": 25.183137
      }
    },
    {
      "type": "Feature",
      "geometry": {
        "type": "Point",
        "coordinates": [
          121.445878,
          25.171747
        ]
      },
      "properties": {
        "no": 3530000000.0,
        "name": "英專耳鼻喉科皮膚科診所",
        "tel": "8631-7678",
        "address": "新北市淡水區英專路96號",
        "type": "診所",
        "remark": "如要接種，請先致電詢問疫苗庫存",
        "reservation": "電話、現場",
        "own_expense": "是",
        "division": "耳鼻喉科.皮膚科",
        "notice": "接種禁忌一、已知對疫苗的成份有過敏者，不予接種。二、過去注射曾經發生嚴重不良反應者，不予接種。接種注意事項一、 發燒或正患有急性中重疾病者，宜待病情穩定後再接種。二、 出生未滿6個月，因無使用效益及安全性等臨床資料，故不予接種。三、 先前接種本疫苗6週內曾發生Guillain-Barr? 症候群(GBS)者，宜請醫師評估。四、已知對「蛋」之蛋白質有嚴重過敏者，可在門/住診由熟悉處理過敏症狀之醫事人員提供接種，並於接種後觀察484分鐘，無不適症狀再離開。五、 其他經醫師評估不適合接種者，不予' \u0006",
        "twd97x": 294944.48,
        "twd97y": 2784875.28,
        "經度": 121.445878,
        "緯度": 25.171747
      }
    },
    {
      "type": "Feature",
      "geometry": {
        "type": "Point",
        "coordinates": [
          121.461096,
          25.136809
        ]
      },
      "properties": {
        "no": 3530000000.0,
        "name": "祐銘耳鼻喉科診所",
        "tel": "8809-5239",
        "address": "新北市淡水區民族路31號1.2樓",
        "type": "診所",
        "remark": "如要接種，請先致電詢問疫苗庫存",
        "reservation": "現場",
        "own_expense": "是",
        "division": "耳鼻喉科.兒科",
        "notice": "接種禁忌一、已知對疫苗的成份有過敏者，不予接種。二、過去注射曾經發生嚴重不良反應者，不予接種。接種注意事項一、 發燒或正患有急性中重疾病者，宜待病情穩定後再接種。二、 出生未滿6個月，因無使用效益及安全性等臨床資料，故不予接種。三、 先前接種本疫苗6週內曾發生Guillain-Barr? 症候群(GBS)者，宜請醫師評估。四、已知對「蛋」之蛋白質有嚴重過敏者，可在門/住診由熟悉處理過敏症狀之醫事人員提供接種，並於接種後觀察485分鐘，無不適症狀再離開。五、 其他經醫師評估不適合接種者，不予' \u0006",
        "twd97x": 296491.77,
        "twd97y": 2781010.47,
        "經度": 121.461096,
        "緯度": 25.136809
      }
    },
    {
      "type": "Feature",
      "geometry": {
        "type": "Point",
        "coordinates": [
          121.447759,
          25.168933
        ]
      },
      "properties": {
        "no": 3530000000.0,
        "name": "淳仁聯合診所",
        "tel": "2623-7866",
        "address": "新北市淡水區學府路35號",
        "type": "診所",
        "remark": "如要接種，請先致電詢問疫苗庫存",
        "reservation": "電話、現場",
        "own_expense": "是",
        "division": "耳鼻喉科.皮膚科",
        "notice": "接種禁忌一、已知對疫苗的成份有過敏者，不予接種。二、過去注射曾經發生嚴重不良反應者，不予接種。接種注意事項一、 發燒或正患有急性中重疾病者，宜待病情穩定後再接種。二、 出生未滿6個月，因無使用效益及安全性等臨床資料，故不予接種。三、 先前接種本疫苗6週內曾發生Guillain-Barr? 症候群(GBS)者，宜請醫師評估。四、已知對「蛋」之蛋白質有嚴重過敏者，可在門/住診由熟悉處理過敏症狀之醫事人員提供接種，並於接種後觀察486分鐘，無不適症狀再離開。五、 其他經醫師評估不適合接種者，不予' \u0006",
        "twd97x": 295135.19,
        "twd97y": 2784564.11,
        "經度": 121.447759,
        "緯度": 25.168933
      }
    },
    {
      "type": "Feature",
      "geometry": {
        "type": "Point",
        "coordinates": [
          121.444071,
          25.169877
        ]
      },
      "properties": {
        "no": 3530000000.0,
        "name": "許景新耳鼻喉科診所",
        "tel": "2621-2779",
        "address": "新北市淡水區中山路17號",
        "type": "診所",
        "remark": "如要接種，請先致電詢問疫苗庫存",
        "reservation": "電話、現場",
        "own_expense": "否",
        "division": "耳鼻喉科",
        "notice": "接種禁忌一、已知對疫苗的成份有過敏者，不予接種。二、過去注射曾經發生嚴重不良反應者，不予接種。接種注意事項一、 發燒或正患有急性中重疾病者，宜待病情穩定後再接種。二、 出生未滿6個月，因無使用效益及安全性等臨床資料，故不予接種。三、 先前接種本疫苗6週內曾發生Guillain-Barr? 症候群(GBS)者，宜請醫師評估。四、已知對「蛋」之蛋白質有嚴重過敏者，可在門/住診由熟悉處理過敏症狀之醫事人員提供接種，並於接種後觀察487分鐘，無不適症狀再離開。五、 其他經醫師評估不適合接種者，不予' \u0006",
        "twd97x": 294763.04,
        "twd97y": 2784667.46,
        "經度": 121.444071,
        "緯度": 25.169877
      }
    },
    {
      "type": "Feature",
      "geometry": {
        "type": "Point",
        "coordinates": [
          121.441026,
          25.174435
        ]
      },
      "properties": {
        "no": 3530000000.0,
        "name": "陳世芳診所",
        "tel": "2622-7467",
        "address": "新北市淡水區重建街198號",
        "type": "診所",
        "remark": "如要接種，請先致電詢問疫苗庫存",
        "reservation": "電話、現場",
        "own_expense": "是",
        "division": "家醫科、兒科",
        "notice": "接種禁忌一、已知對疫苗的成份有過敏者，不予接種。二、過去注射曾經發生嚴重不良反應者，不予接種。接種注意事項一、 發燒或正患有急性中重疾病者，宜待病情穩定後再接種。二、 出生未滿6個月，因無使用效益及安全性等臨床資料，故不予接種。三、 先前接種本疫苗6週內曾發生Guillain-Barr? 症候群(GBS)者，宜請醫師評估。四、已知對「蛋」之蛋白質有嚴重過敏者，可在門/住診由熟悉處理過敏症狀之醫事人員提供接種，並於接種後觀察488分鐘，無不適症狀再離開。五、 其他經醫師評估不適合接種者，不予' \u0006",
        "twd97x": 294454.39,
        "twd97y": 2785171.35,
        "經度": 121.441026,
        "緯度": 25.174435
      }
    },
    {
      "type": "Feature",
      "geometry": {
        "type": "Point",
        "coordinates": [
          121.444379,
          25.16978
        ]
      },
      "properties": {
        "no": 3530000000.0,
        "name": "陳正熙診所",
        "tel": "2625-9595",
        "address": "新北市淡水區中山路30號1.2.3樓",
        "type": "診所",
        "remark": "如要接種，請先致電詢問疫苗庫存",
        "reservation": "電話、現場",
        "own_expense": "是",
        "division": "內科",
        "notice": "接種禁忌一、已知對疫苗的成份有過敏者，不予接種。二、過去注射曾經發生嚴重不良反應者，不予接種。接種注意事項一、 發燒或正患有急性中重疾病者，宜待病情穩定後再接種。二、 出生未滿6個月，因無使用效益及安全性等臨床資料，故不予接種。三、 先前接種本疫苗6週內曾發生Guillain-Barr? 症候群(GBS)者，宜請醫師評估。四、已知對「蛋」之蛋白質有嚴重過敏者，可在門/住診由熟悉處理過敏症狀之醫事人員提供接種，並於接種後觀察489分鐘，無不適症狀再離開。五、 其他經醫師評估不適合接種者，不予' \u0006",
        "twd97x": 294794.14,
        "twd97y": 2784656.87,
        "經度": 121.444379,
        "緯度": 25.16978
      }
    },
    {
      "type": "Feature",
      "geometry": {
        "type": "Point",
        "coordinates": [
          121.444154,
          25.169674
        ]
      },
      "properties": {
        "no": 3530000000.0,
        "name": "黃秋陽診所",
        "tel": "2622-9596",
        "address": "新北市淡水區中山路7號",
        "type": "診所",
        "remark": "如要接種，請先致電詢問疫苗庫存",
        "reservation": "電話、現場",
        "own_expense": "是",
        "division": "家醫科、兒科",
        "notice": "接種禁忌一、已知對疫苗的成份有過敏者，不予接種。二、過去注射曾經發生嚴重不良反應者，不予接種。接種注意事項一、 發燒或正患有急性中重疾病者，宜待病情穩定後再接種。二、 出生未滿6個月，因無使用效益及安全性等臨床資料，故不予接種。三、 先前接種本疫苗6週內曾發生Guillain-Barr? 症候群(GBS)者，宜請醫師評估。四、已知對「蛋」之蛋白質有嚴重過敏者，可在門/住診由熟悉處理過敏症狀之醫事人員提供接種，並於接種後觀察490分鐘，無不適症狀再離開。五、 其他經醫師評估不適合接種者，不予' \u0006",
        "twd97x": 294771.44,
        "twd97y": 2784645.06,
        "經度": 121.444154,
        "緯度": 25.169674
      }
    },
    {
      "type": "Feature",
      "geometry": {
        "type": "Point",
        "coordinates": [
          121.442393,
          25.176462
        ]
      },
      "properties": {
        "no": 3530000000.0,
        "name": "?眾內科診所",
        "tel": "2622-9773",
        "address": "新北市淡水區中山北路一段101號",
        "type": "診所",
        "remark": "如要接種，請先致電詢問疫苗庫存",
        "reservation": "電話、現場",
        "own_expense": "是",
        "division": "內科",
        "notice": "接種禁忌一、已知對疫苗的成份有過敏者，不予接種。二、過去注射曾經發生嚴重不良反應者，不予接種。接種注意事項一、 發燒或正患有急性中重疾病者，宜待病情穩定後再接種。二、 出生未滿6個月，因無使用效益及安全性等臨床資料，故不予接種。三、 先前接種本疫苗6週內曾發生Guillain-Barr? 症候群(GBS)者，宜請醫師評估。四、已知對「蛋」之蛋白質有嚴重過敏者，可在門/住診由熟悉處理過敏症狀之醫事人員提供接種，並於接種後觀察491分鐘，無不適症狀再離開。五、 其他經醫師評估不適合接種者，不予' \u0006",
        "twd97x": 294591.51,
        "twd97y": 2785396.33,
        "經度": 121.442393,
        "緯度": 25.176462
      }
    },
    {
      "type": "Feature",
      "geometry": {
        "type": "Point",
        "coordinates": [
          121.450658,
          25.179597
        ]
      },
      "properties": {
        "no": 3530000000.0,
        "name": "劉小冰兒科診所",
        "tel": "2629-6982",
        "address": "新北市淡水區北新路175號",
        "type": "診所",
        "remark": "如要接種，請先致電詢問疫苗庫存",
        "reservation": "電話、現場",
        "own_expense": "是",
        "division": "耳鼻喉科.兒科",
        "notice": "接種禁忌一、已知對疫苗的成份有過敏者，不予接種。二、過去注射曾經發生嚴重不良反應者，不予接種。接種注意事項一、 發燒或正患有急性中重疾病者，宜待病情穩定後再接種。二、 出生未滿6個月，因無使用效益及安全性等臨床資料，故不予接種。三、 先前接種本疫苗6週內曾發生Guillain-Barr? 症候群(GBS)者，宜請醫師評估。四、已知對「蛋」之蛋白質有嚴重過敏者，可在門/住診由熟悉處理過敏症狀之醫事人員提供接種，並於接種後觀察492分鐘，無不適症狀再離開。五、 其他經醫師評估不適合接種者，不予' \u0006",
        "twd97x": 295423.39,
        "twd97y": 2785746.35,
        "經度": 121.450658,
        "緯度": 25.179597
      }
    },
    {
      "type": "Feature",
      "geometry": {
        "type": "Point",
        "coordinates": [
          121.443283,
          25.170399
        ]
      },
      "properties": {
        "no": 3530000000.0,
        "name": "劉政耳鼻喉科",
        "tel": "2625-3428",
        "address": "新北市淡水區中山路53號",
        "type": "診所",
        "remark": "如要接種，請先致電詢問疫苗庫存",
        "reservation": "電話、現場",
        "own_expense": "是",
        "division": "耳鼻喉科",
        "notice": "接種禁忌一、已知對疫苗的成份有過敏者，不予接種。二、過去注射曾經發生嚴重不良反應者，不予接種。接種注意事項一、 發燒或正患有急性中重疾病者，宜待病情穩定後再接種。二、 出生未滿6個月，因無使用效益及安全性等臨床資料，故不予接種。三、 先前接種本疫苗6週內曾發生Guillain-Barr? 症候群(GBS)者，宜請醫師評估。四、已知對「蛋」之蛋白質有嚴重過敏者，可在門/住診由熟悉處理過敏症狀之醫事人員提供接種，並於接種後觀察493分鐘，無不適症狀再離開。五、 其他經醫師評估不適合接種者，不予' \u0006",
        "twd97x": 294683.38,
        "twd97y": 2784725.09,
        "經度": 121.443283,
        "緯度": 25.170399
      }
    },
    {
      "type": "Feature",
      "geometry": {
        "type": "Point",
        "coordinates": [
          121.461642,
          25.135827
        ]
      },
      "properties": {
        "no": 3530000000.0,
        "name": "鴻恩診所",
        "tel": "2808-2277",
        "address": "新北市淡水區民族路50巷1號1樓",
        "type": "診所",
        "remark": "如要接種，請先致電詢問疫苗庫存",
        "reservation": "電話、現場",
        "own_expense": "是",
        "division": "兒科.內科",
        "notice": "接種禁忌一、已知對疫苗的成份有過敏者，不予接種。二、過去注射曾經發生嚴重不良反應者，不予接種。接種注意事項一、 發燒或正患有急性中重疾病者，宜待病情穩定後再接種。二、 出生未滿6個月，因無使用效益及安全性等臨床資料，故不予接種。三、 先前接種本疫苗6週內曾發生Guillain-Barr? 症候群(GBS)者，宜請醫師評估。四、已知對「蛋」之蛋白質有嚴重過敏者，可在門/住診由熟悉處理過敏症狀之醫事人員提供接種，並於接種後觀察494分鐘，無不適症狀再離開。五、 其他經醫師評估不適合接種者，不予' \u0006",
        "twd97x": 296547.15,
        "twd97y": 2780901.89,
        "經度": 121.461642,
        "緯度": 25.135827
      }
    },
    {
      "type": "Feature",
      "geometry": {
        "type": "Point",
        "coordinates": [
          121.612643,
          25.000937
        ]
      },
      "properties": {
        "no": 2330000000.0,
        "name": "深坑區衛生所",
        "tel": "2662-1567",
        "address": "新北市深坑區深坑街165號",
        "type": "衛生所",
        "remark": "如要接種，請先致電詢問疫苗庫存",
        "reservation": "電話",
        "own_expense": "否",
        "division": "家醫科",
        "notice": "接種禁忌一、已知對疫苗的成份有過敏者，不予接種。二、過去注射曾經發生嚴重不良反應者，不予接種。接種注意事項一、 發燒或正患有急性中重疾病者，宜待病情穩定後再接種。二、 出生未滿6個月，因無使用效益及安全性等臨床資料，故不予接種。三、 先前接種本疫苗6週內曾發生Guillain-Barr? 症候群(GBS)者，宜請醫師評估。四、已知對「蛋」之蛋白質有嚴重過敏者，可在門/住診由熟悉處理過敏症狀之醫事人員提供接種，並於接種後觀察495分鐘，無不適症狀再離開。五、 其他經醫師評估不適合接種者，不予' \u0006",
        "twd97x": 311840.5,
        "twd97y": 2766021.18,
        "經度": 121.612643,
        "緯度": 25.000937
      }
    },
    {
      "type": "Feature",
      "geometry": {
        "type": "Point",
        "coordinates": [
          121.601714,
          25.003495
        ]
      },
      "properties": {
        "no": 3531180198.0,
        "name": "幼恩診所",
        "tel": "2662-5951",
        "address": "新北市深坑區北深路三段173號",
        "type": "診所",
        "remark": "如要接種，請先致電詢問疫苗庫存",
        "reservation": "電話",
        "own_expense": "是",
        "division": "兒科",
        "notice": "接種禁忌一、已知對疫苗的成份有過敏者，不予接種。二、過去注射曾經發生嚴重不良反應者，不予接種。接種注意事項一、 發燒或正患有急性中重疾病者，宜待病情穩定後再接種。二、 出生未滿6個月，因無使用效益及安全性等臨床資料，故不予接種。三、 先前接種本疫苗6週內曾發生Guillain-Barr? 症候群(GBS)者，宜請醫師評估。四、已知對「蛋」之蛋白質有嚴重過敏者，可在門/住診由熟悉處理過敏症狀之醫事人員提供接種，並於接種後觀察496分鐘，無不適症狀再離開。五、 其他經醫師評估不適合接種者，不予' \u0006",
        "twd97x": 310736.07,
        "twd97y": 2766299.58,
        "經度": 121.601714,
        "緯度": 25.003495
      }
    },
    {
      "type": "Feature",
      "geometry": {
        "type": "Point",
        "coordinates": [
          121.616789,
          25.003331
        ]
      },
      "properties": {
        "no": 3530000000.0,
        "name": "林振得診所",
        "tel": "2.66E+07",
        "address": "新北市深坑區北深路二段106號",
        "type": "診所",
        "remark": "如要接種，請先致電詢問疫苗庫存",
        "reservation": "現場",
        "own_expense": "是",
        "division": "家醫",
        "notice": "接種禁忌一、已知對疫苗的成份有過敏者，不予接種。二、過去注射曾經發生嚴重不良反應者，不予接種。接種注意事項一、 發燒或正患有急性中重疾病者，宜待病情穩定後再接種。二、 出生未滿6個月，因無使用效益及安全性等臨床資料，故不予接種。三、 先前接種本疫苗6週內曾發生Guillain-Barr? 症候群(GBS)者，宜請醫師評估。四、已知對「蛋」之蛋白質有嚴重過敏者，可在門/住診由熟悉處理過敏症狀之醫事人員提供接種，並於接種後觀察497分鐘，無不適症狀再離開。五、 其他經醫師評估不適合接種者，不予' \u0006",
        "twd97x": 312257.87,
        "twd97y": 2766288.24,
        "經度": 121.616789,
        "緯度": 25.003331
      }
    },
    {
      "type": "Feature",
      "geometry": {
        "type": "Point",
        "coordinates": [
          121.605794,
          25.001666
        ]
      },
      "properties": {
        "no": 3530000000.0,
        "name": "詠靜診所",
        "tel": "2662-1660",
        "address": "新北市深坑區北深路3段99號",
        "type": "診所",
        "remark": "如要接種，請先致電詢問疫苗庫存",
        "reservation": "電話、現場",
        "own_expense": "否",
        "division": "內科",
        "notice": "接種禁忌一、已知對疫苗的成份有過敏者，不予接種。二、過去注射曾經發生嚴重不良反應者，不予接種。接種注意事項一、 發燒或正患有急性中重疾病者，宜待病情穩定後再接種。二、 出生未滿6個月，因無使用效益及安全性等臨床資料，故不予接種。三、 先前接種本疫苗6週內曾發生Guillain-Barr? 症候群(GBS)者，宜請醫師評估。四、已知對「蛋」之蛋白質有嚴重過敏者，可在門/住診由熟悉處理過敏症狀之醫事人員提供接種，並於接種後觀察498分鐘，無不適症狀再離開。五、 其他經醫師評估不適合接種者，不予' \u0006",
        "twd97x": 311148.79,
        "twd97y": 2766098.78,
        "經度": 121.605794,
        "緯度": 25.001666
      }
    },
    {
      "type": "Feature",
      "geometry": {
        "type": "Point",
        "coordinates": [
          121.620908,
          25.00282
        ]
      },
      "properties": {
        "no": 3531181319.0,
        "name": "麒安診所",
        "tel": "2662-0275",
        "address": "新北市深坑區埔新街41號",
        "type": "診所",
        "remark": "如要接種，請先致電詢問疫苗庫存",
        "reservation": "電話、現場",
        "own_expense": "是",
        "division": "家醫",
        "notice": "接種禁忌一、已知對疫苗的成份有過敏者，不予接種。二、過去注射曾經發生嚴重不良反應者，不予接種。接種注意事項一、 發燒或正患有急性中重疾病者，宜待病情穩定後再接種。二、 出生未滿6個月，因無使用效益及安全性等臨床資料，故不予接種。三、 先前接種本疫苗6週內曾發生Guillain-Barr? 症候群(GBS)者，宜請醫師評估。四、已知對「蛋」之蛋白質有嚴重過敏者，可在門/住診由熟悉處理過敏症狀之醫事人員提供接種，並於接種後觀察499分鐘，無不適症狀再離開。五、 其他經醫師評估不適合接種者，不予' \u0006",
        "twd97x": 312673.9,
        "twd97y": 2766233.47,
        "經度": 121.620908,
        "緯度": 25.00282
      }
    },
    {
      "type": "Feature",
      "geometry": {
        "type": "Point",
        "coordinates": [
          121.543015,
          24.967274
        ]
      },
      "properties": {
        "no": 2331050010.0,
        "name": "新店區衛生所",
        "tel": "2911-3984",
        "address": "新北市新店區北新路１段８８巷１１號",
        "type": "衛生所",
        "remark": "如要接種，請先致電詢問疫苗庫存",
        "reservation": "現場",
        "own_expense": "否",
        "division": "家醫科",
        "notice": "接種禁忌一、已知對疫苗的成份有過敏者，不予接種。二、過去注射曾經發生嚴重不良反應者，不予接種。接種注意事項一、 發燒或正患有急性中重疾病者，宜待病情穩定後再接種。二、 出生未滿6個月，因無使用效益及安全性等臨床資料，故不予接種。三、 先前接種本疫苗6週內曾發生Guillain-Barr? 症候群(GBS)者，宜請醫師評估。四、已知對「蛋」之蛋白質有嚴重過敏者，可在門/住診由熟悉處理過敏症狀之醫事人員提供接種，並於接種後觀察500分鐘，無不適症狀再離開。五、 其他經醫師評估不適合接種者，不予' \u0006",
        "twd97x": 304827.01,
        "twd97y": 2762262.53,
        "經度": 121.543015,
        "緯度": 24.967274
      }
    },
    {
      "type": "Feature",
      "geometry": {
        "type": "Point",
        "coordinates": [
          121.534639,
          24.977382
        ]
      },
      "properties": {
        "no": 3530000000.0,
        "name": "仁佑診所",
        "tel": "2219-0567",
        "address": "新北市新店區中正路396號",
        "type": "診所",
        "remark": "如要接種，請先致電詢問疫苗庫存",
        "reservation": "電話、現場",
        "own_expense": "是",
        "division": "家醫科",
        "notice": "接種禁忌一、已知對疫苗的成份有過敏者，不予接種。二、過去注射曾經發生嚴重不良反應者，不予接種。接種注意事項一、 發燒或正患有急性中重疾病者，宜待病情穩定後再接種。二、 出生未滿6個月，因無使用效益及安全性等臨床資料，故不予接種。三、 先前接種本疫苗6週內曾發生Guillain-Barr? 症候群(GBS)者，宜請醫師評估。四、已知對「蛋」之蛋白質有嚴重過敏者，可在門/住診由熟悉處理過敏症狀之醫事人員提供接種，並於接種後觀察501分鐘，無不適症狀再離開。五、 其他經醫師評估不適合接種者，不予' \u0006",
        "twd97x": 303976.86,
        "twd97y": 2763378.7,
        "經度": 121.534639,
        "緯度": 24.977382
      }
    },
    {
      "type": "Feature",
      "geometry": {
        "type": "Point",
        "coordinates": [
          121.540692,
          24.976099
        ]
      },
      "properties": {
        "no": 3530000000.0,
        "name": "文玉小兒科",
        "tel": "2910-4898",
        "address": "新北市新店區國豐里建國路70號1樓",
        "type": "診所",
        "remark": "如要接種，請先致電詢問疫苗庫存",
        "reservation": "現場",
        "own_expense": "是",
        "division": "兒科",
        "notice": "接種禁忌一、已知對疫苗的成份有過敏者，不予接種。二、過去注射曾經發生嚴重不良反應者，不予接種。接種注意事項一、 發燒或正患有急性中重疾病者，宜待病情穩定後再接種。二、 出生未滿6個月，因無使用效益及安全性等臨床資料，故不予接種。三、 先前接種本疫苗6週內曾發生Guillain-Barr? 症候群(GBS)者，宜請醫師評估。四、已知對「蛋」之蛋白質有嚴重過敏者，可在門/住診由熟悉處理過敏症狀之醫事人員提供接種，並於接種後觀察502分鐘，無不適症狀再離開。五、 其他經醫師評估不適合接種者，不予' \u0006",
        "twd97x": 304588.57,
        "twd97y": 2763239.02,
        "經度": 121.540692,
        "緯度": 24.976099
      }
    },
    {
      "type": "Feature",
      "geometry": {
        "type": "Point",
        "coordinates": [
          121.541189,
          24.966362
        ]
      },
      "properties": {
        "no": 3530000000.0,
        "name": "王慶祥小兒科診所",
        "tel": "2910-6485",
        "address": "新北市新店區中興里北新路一段56號",
        "type": "診所",
        "remark": "如要接種，請先致電詢問疫苗庫存",
        "reservation": "電話、現場",
        "own_expense": "是",
        "division": "兒科",
        "notice": "接種禁忌一、已知對疫苗的成份有過敏者，不予接種。二、過去注射曾經發生嚴重不良反應者，不予接種。接種注意事項一、 發燒或正患有急性中重疾病者，宜待病情穩定後再接種。二、 出生未滿6個月，因無使用效益及安全性等臨床資料，故不予接種。三、 先前接種本疫苗6週內曾發生Guillain-Barr? 症候群(GBS)者，宜請醫師評估。四、已知對「蛋」之蛋白質有嚴重過敏者，可在門/住診由熟悉處理過敏症狀之醫事人員提供接種，並於接種後觀察503分鐘，無不適症狀再離開。五、 其他經醫師評估不適合接種者，不予' \u0006",
        "twd97x": 304643.08,
        "twd97y": 2762160.74,
        "經度": 121.541189,
        "緯度": 24.966362
      }
    },
    {
      "type": "Feature",
      "geometry": {
        "type": "Point",
        "coordinates": [
          121.494551,
          24.95042
        ]
      },
      "properties": {
        "no": 3530000000.0,
        "name": "加加小兒科",
        "tel": "2210-4948",
        "address": "新北市新店區玫瑰里玫瑰路14號",
        "type": "診所",
        "remark": "如要接種，請先致電詢問疫苗庫存",
        "reservation": "現場",
        "own_expense": "是",
        "division": "小兒科",
        "notice": "接種禁忌一、已知對疫苗的成份有過敏者，不予接種。二、過去注射曾經發生嚴重不良反應者，不予接種。接種注意事項一、 發燒或正患有急性中重疾病者，宜待病情穩定後再接種。二、 出生未滿6個月，因無使用效益及安全性等臨床資料，故不予接種。三、 先前接種本疫苗6週內曾發生Guillain-Barr? 症候群(GBS)者，宜請醫師評估。四、已知對「蛋」之蛋白質有嚴重過敏者，可在門/住診由熟悉處理過敏症狀之醫事人員提供接種，並於接種後觀察504分鐘，無不適症狀再離開。五、 其他經醫師評估不適合接種者，不予' \u0006",
        "twd97x": 299940.48,
        "twd97y": 2760377.04,
        "經度": 121.494551,
        "緯度": 24.95042
      }
    },
    {
      "type": "Feature",
      "geometry": {
        "type": "Point",
        "coordinates": [
          121.512979,
          24.962572
        ]
      },
      "properties": {
        "no": 3530000000.0,
        "name": "幼安小兒科",
        "tel": "8666-0909",
        "address": "新北市新店區公崙里安康路二段99號",
        "type": "診所",
        "remark": "如要接種，請先致電詢問疫苗庫存",
        "reservation": "現場",
        "own_expense": "是",
        "division": "兒科",
        "notice": "接種禁忌一、已知對疫苗的成份有過敏者，不予接種。二、過去注射曾經發生嚴重不良反應者，不予接種。接種注意事項一、 發燒或正患有急性中重疾病者，宜待病情穩定後再接種。二、 出生未滿6個月，因無使用效益及安全性等臨床資料，故不予接種。三、 先前接種本疫苗6週內曾發生Guillain-Barr? 症候群(GBS)者，宜請醫師評估。四、已知對「蛋」之蛋白質有嚴重過敏者，可在門/住診由熟悉處理過敏症狀之醫事人員提供接種，並於接種後觀察505分鐘，無不適症狀再離開。五、 其他經醫師評估不適合接種者，不予' \u0006",
        "twd97x": 301796.27,
        "twd97y": 2761729.91,
        "經度": 121.512979,
        "緯度": 24.962572
      }
    },
    {
      "type": "Feature",
      "geometry": {
        "type": "Point",
        "coordinates": [
          121.523414,
          24.979653
        ]
      },
      "properties": {
        "no": 3530000000.0,
        "name": "全康診所",
        "tel": "8218-0607",
        "address": "新北市新店區中山里溪園路383號",
        "type": "診所",
        "remark": "如要接種，請先致電詢問疫苗庫存",
        "reservation": "現場",
        "own_expense": "是",
        "division": "一般科",
        "notice": "接種禁忌一、已知對疫苗的成份有過敏者，不予接種。二、過去注射曾經發生嚴重不良反應者，不予接種。接種注意事項一、 發燒或正患有急性中重疾病者，宜待病情穩定後再接種。二、 出生未滿6個月，因無使用效益及安全性等臨床資料，故不予接種。三、 先前接種本疫苗6週內曾發生Guillain-Barr? 症候群(GBS)者，宜請醫師評估。四、已知對「蛋」之蛋白質有嚴重過敏者，可在門/住診由熟悉處理過敏症狀之醫事人員提供接種，並於接種後觀察506分鐘，無不適症狀再離開。五、 其他經醫師評估不適合接種者，不予' \u0006",
        "twd97x": 302842.58,
        "twd97y": 2763625.88,
        "經度": 121.523414,
        "緯度": 24.979653
      }
    },
    {
      "type": "Feature",
      "geometry": {
        "type": "Point",
        "coordinates": [
          121.537745,
          24.982766
        ]
      },
      "properties": {
        "no": 1530000000.0,
        "name": "同仁醫院",
        "tel": "2917-0201#107",
        "address": "新北市新店區江陵里民權路89號",
        "type": "地區醫院",
        "remark": "如要接種，請先致電詢問疫苗庫存",
        "reservation": "電話、現場",
        "own_expense": "是",
        "division": "不分科",
        "notice": "接種禁忌一、已知對疫苗的成份有過敏者，不予接種。二、過去注射曾經發生嚴重不良反應者，不予接種。接種注意事項一、 發燒或正患有急性中重疾病者，宜待病情穩定後再接種。二、 出生未滿6個月，因無使用效益及安全性等臨床資料，故不予接種。三、 先前接種本疫苗6週內曾發生Guillain-Barr? 症候群(GBS)者，宜請醫師評估。四、已知對「蛋」之蛋白質有嚴重過敏者，可在門/住診由熟悉處理過敏症狀之醫事人員提供接種，並於接種後觀察507分鐘，無不適症狀再離開。五、 其他經醫師評估不適合接種者，不予' \u0006",
        "twd97x": 304288.1,
        "twd97y": 2763976.4,
        "經度": 121.537745,
        "緯度": 24.982766
      }
    },
    {
      "type": "Feature",
      "geometry": {
        "type": "Point",
        "coordinates": [
          121.548221,
          24.95143
        ]
      },
      "properties": {
        "no": 3530000000.0,
        "name": "安立診所",
        "tel": "2217-7669",
        "address": "新北市新店區北宜路二段28號",
        "type": "診所",
        "remark": "如要接種，請先致電詢問疫苗庫存",
        "reservation": "電話、現場",
        "own_expense": "是",
        "division": "家醫科",
        "notice": "接種禁忌一、已知對疫苗的成份有過敏者，不予接種。二、過去注射曾經發生嚴重不良反應者，不予接種。接種注意事項一、 發燒或正患有急性中重疾病者，宜待病情穩定後再接種。二、 出生未滿6個月，因無使用效益及安全性等臨床資料，故不予接種。三、 先前接種本疫苗6週內曾發生Guillain-Barr? 症候群(GBS)者，宜請醫師評估。四、已知對「蛋」之蛋白質有嚴重過敏者，可在門/住診由熟悉處理過敏症狀之醫事人員提供接種，並於接種後觀察508分鐘，無不適症狀再離開。五、 其他經醫師評估不適合接種者，不予' \u0006",
        "twd97x": 305359.8,
        "twd97y": 2760509.64,
        "經度": 121.548221,
        "緯度": 24.95143
      }
    },
    {
      "type": "Feature",
      "geometry": {
        "type": "Point",
        "coordinates": [
          121.542058,
          24.971418
        ]
      },
      "properties": {
        "no": 3530000000.0,
        "name": "安倍診所",
        "tel": "8911-9181",
        "address": "新北市新店區中正路132號",
        "type": "診所",
        "remark": "如要接種，請先致電詢問疫苗庫存",
        "reservation": "電話、現場",
        "own_expense": "是",
        "division": "內科",
        "notice": "接種禁忌一、已知對疫苗的成份有過敏者，不予接種。二、過去注射曾經發生嚴重不良反應者，不予接種。接種注意事項一、 發燒或正患有急性中重疾病者，宜待病情穩定後再接種。二、 出生未滿6個月，因無使用效益及安全性等臨床資料，故不予接種。三、 先前接種本疫苗6週內曾發生Guillain-Barr? 症候群(GBS)者，宜請醫師評估。四、已知對「蛋」之蛋白質有嚴重過敏者，可在門/住診由熟悉處理過敏症狀之醫事人員提供接種，並於接種後觀察509分鐘，無不適症狀再離開。五、 其他經醫師評估不適合接種者，不予' \u0006",
        "twd97x": 304728.57,
        "twd97y": 2762721.08,
        "經度": 121.542058,
        "緯度": 24.971418
      }
    },
    {
      "type": "Feature",
      "geometry": {
        "type": "Point",
        "coordinates": [
          121.483997,
          24.950911
        ]
      },
      "properties": {
        "no": 3530000000.0,
        "name": "佑康聯合診所",
        "tel": "2215-3239",
        "address": "新北市新店區日興里安康路3段17號",
        "type": "診所",
        "remark": "如要接種，請先致電詢問疫苗庫存",
        "reservation": "現場",
        "own_expense": "否",
        "division": "內科",
        "notice": "接種禁忌一、已知對疫苗的成份有過敏者，不予接種。二、過去注射曾經發生嚴重不良反應者，不予接種。接種注意事項一、 發燒或正患有急性中重疾病者，宜待病情穩定後再接種。二、 出生未滿6個月，因無使用效益及安全性等臨床資料，故不予接種。三、 先前接種本疫苗6週內曾發生Guillain-Barr? 症候群(GBS)者，宜請醫師評估。四、已知對「蛋」之蛋白質有嚴重過敏者，可在門/住診由熟悉處理過敏症狀之醫事人員提供接種，並於接種後觀察510分鐘，無不適症狀再離開。五、 其他經醫師評估不適合接種者，不予' \u0006",
        "twd97x": 298874.42,
        "twd97y": 2760427.48,
        "經度": 121.483997,
        "緯度": 24.950911
      }
    },
    {
      "type": "Feature",
      "geometry": {
        "type": "Point",
        "coordinates": [
          121.535807,
          24.98578
        ]
      },
      "properties": {
        "no": 1130000000.0,
        "name": "佛教慈濟醫療財團法人臺北慈濟醫院",
        "tel": "6628-9779#5803",
        "address": "新北市新店區建國路289號",
        "type": "區域醫院",
        "remark": "如要接種，請先致電詢問疫苗庫存",
        "reservation": "網路、電話、現場",
        "own_expense": "是",
        "division": "內科/家醫科/兒科/耳鼻喉科/婦產科/骨科/外科",
        "notice": "接種禁忌一、已知對疫苗的成份有過敏者，不予接種。二、過去注射曾經發生嚴重不良反應者，不予接種。接種注意事項一、 發燒或正患有急性中重疾病者，宜待病情穩定後再接種。二、 出生未滿6個月，因無使用效益及安全性等臨床資料，故不予接種。三、 先前接種本疫苗6週內曾發生Guillain-Barr? 症候群(GBS)者，宜請醫師評估。四、已知對「蛋」之蛋白質有嚴重過敏者，可在門/住診由熟悉處理過敏症狀之醫事人員提供接種，並於接種後觀察511分鐘，無不適症狀再離開。五、 其他經醫師評估不適合接種者，不予' \u0006",
        "twd97x": 304091.16,
        "twd97y": 2764309.46,
        "經度": 121.535807,
        "緯度": 24.98578
      }
    },
    {
      "type": "Feature",
      "geometry": {
        "type": "Point",
        "coordinates": [
          121.539869,
          24.97837
        ]
      },
      "properties": {
        "no": 3530000000.0,
        "name": "吳耳鼻喉科診所",
        "tel": "2915-1245",
        "address": "新北市新店區民族路61號",
        "type": "診所",
        "remark": "如要接種，請先致電詢問疫苗庫存",
        "reservation": "電話、現場",
        "own_expense": "是",
        "division": "耳鼻喉科",
        "notice": "接種禁忌一、已知對疫苗的成份有過敏者，不予接種。二、過去注射曾經發生嚴重不良反應者，不予接種。接種注意事項一、 發燒或正患有急性中重疾病者，宜待病情穩定後再接種。二、 出生未滿6個月，因無使用效益及安全性等臨床資料，故不予接種。三、 先前接種本疫苗6週內曾發生Guillain-Barr? 症候群(GBS)者，宜請醫師評估。四、已知對「蛋」之蛋白質有嚴重過敏者，可在門/住診由熟悉處理過敏症狀之醫事人員提供接種，並於接種後觀察512分鐘，無不適症狀再離開。五、 其他經醫師評估不適合接種者，不予' \u0006",
        "twd97x": 304504.47,
        "twd97y": 2763490.27,
        "經度": 121.539869,
        "緯度": 24.97837
      }
    },
    {
      "type": "Feature",
      "geometry": {
        "type": "Point",
        "coordinates": [
          121.512373,
          24.961544
        ]
      },
      "properties": {
        "no": 3530000000.0,
        "name": "呈恩診所",
        "tel": "8666-2207",
        "address": "新北市新店區公崙里安康路二段146號",
        "type": "診所",
        "remark": "如要接種，請先致電詢問疫苗庫存",
        "reservation": "電話、現場",
        "own_expense": "是",
        "division": "一般科",
        "notice": "接種禁忌一、已知對疫苗的成份有過敏者，不予接種。二、過去注射曾經發生嚴重不良反應者，不予接種。接種注意事項一、 發燒或正患有急性中重疾病者，宜待病情穩定後再接種。二、 出生未滿6個月，因無使用效益及安全性等臨床資料，故不予接種。三、 先前接種本疫苗6週內曾發生Guillain-Barr? 症候群(GBS)者，宜請醫師評估。四、已知對「蛋」之蛋白質有嚴重過敏者，可在門/住診由熟悉處理過敏症狀之醫事人員提供接種，並於接種後觀察513分鐘，無不適症狀再離開。五、 其他經醫師評估不適合接種者，不予' \u0006",
        "twd97x": 301735.55,
        "twd97y": 2761615.85,
        "經度": 121.512373,
        "緯度": 24.961544
      }
    },
    {
      "type": "Feature",
      "geometry": {
        "type": "Point",
        "coordinates": [
          121.512493,
          24.961248
        ]
      },
      "properties": {
        "no": 3530000000.0,
        "name": "李亭鋒耳鼻喉醫院",
        "tel": "8666-0991",
        "address": "新北市新店區公崙里安康路二段123-1號",
        "type": "診所",
        "remark": "如要接種，請先致電詢問疫苗庫存",
        "reservation": "現場",
        "own_expense": "是",
        "division": "耳鼻喉科",
        "notice": "接種禁忌一、已知對疫苗的成份有過敏者，不予接種。二、過去注射曾經發生嚴重不良反應者，不予接種。接種注意事項一、 發燒或正患有急性中重疾病者，宜待病情穩定後再接種。二、 出生未滿6個月，因無使用效益及安全性等臨床資料，故不予接種。三、 先前接種本疫苗6週內曾發生Guillain-Barr? 症候群(GBS)者，宜請醫師評估。四、已知對「蛋」之蛋白質有嚴重過敏者，可在門/住診由熟悉處理過敏症狀之醫事人員提供接種，並於接種後觀察514分鐘，無不適症狀再離開。五、 其他經醫師評估不適合接種者，不予' \u0006",
        "twd97x": 301747.77,
        "twd97y": 2761583.09,
        "經度": 121.512493,
        "緯度": 24.961248
      }
    },
    {
      "type": "Feature",
      "geometry": {
        "type": "Point",
        "coordinates": [
          121.510217,
          24.960962
        ]
      },
      "properties": {
        "no": 3530000000.0,
        "name": "和成診所",
        "tel": "8666-0443",
        "address": "新北市新店區安昌里安成街26號",
        "type": "診所",
        "remark": "如要接種，請先致電詢問疫苗庫存",
        "reservation": "現場",
        "own_expense": "是",
        "division": "家醫科",
        "notice": "接種禁忌一、已知對疫苗的成份有過敏者，不予接種。二、過去注射曾經發生嚴重不良反應者，不予接種。接種注意事項一、 發燒或正患有急性中重疾病者，宜待病情穩定後再接種。二、 出生未滿6個月，因無使用效益及安全性等臨床資料，故不予接種。三、 先前接種本疫苗6週內曾發生Guillain-Barr? 症候群(GBS)者，宜請醫師評估。四、已知對「蛋」之蛋白質有嚴重過敏者，可在門/住診由熟悉處理過敏症狀之醫事人員提供接種，並於接種後觀察515分鐘，無不適症狀再離開。五、 其他經醫師評估不適合接種者，不予' \u0006",
        "twd97x": 301518.01,
        "twd97y": 2761550.49,
        "經度": 121.510217,
        "緯度": 24.960962
      }
    },
    {
      "type": "Feature",
      "geometry": {
        "type": "Point",
        "coordinates": [
          121.541538,
          24.971881
        ]
      },
      "properties": {
        "no": 3530000000.0,
        "name": "林建良耳鼻喉科診所",
        "tel": "2913-1313",
        "address": "新北市新店區中正路158號1樓",
        "type": "診所",
        "remark": "如要接種，請先致電詢問疫苗庫存",
        "reservation": "電話、現場",
        "own_expense": "否",
        "division": "耳鼻喉科",
        "notice": "接種禁忌一、已知對疫苗的成份有過敏者，不予接種。二、過去注射曾經發生嚴重不良反應者，不予接種。接種注意事項一、 發燒或正患有急性中重疾病者，宜待病情穩定後再接種。二、 出生未滿6個月，因無使用效益及安全性等臨床資料，故不予接種。三、 先前接種本疫苗6週內曾發生Guillain-Barr? 症候群(GBS)者，宜請醫師評估。四、已知對「蛋」之蛋白質有嚴重過敏者，可在門/住診由熟悉處理過敏症狀之醫事人員提供接種，並於接種後觀察516分鐘，無不適症狀再離開。五、 其他經醫師評估不適合接種者，不予' \u0006",
        "twd97x": 304675.82,
        "twd97y": 2762772.22,
        "經度": 121.541538,
        "緯度": 24.971881
      }
    },
    {
      "type": "Feature",
      "geometry": {
        "type": "Point",
        "coordinates": [
          121.493433,
          24.953286
        ]
      },
      "properties": {
        "no": 3530000000.0,
        "name": "林逢慶診所",
        "tel": "2215-6150",
        "address": "新北市新店區雙城里安康路三段21號",
        "type": "診所",
        "remark": "如要接種，請先致電詢問疫苗庫存",
        "reservation": "電話、現場",
        "own_expense": "否",
        "division": "內科",
        "notice": "接種禁忌一、已知對疫苗的成份有過敏者，不予接種。二、過去注射曾經發生嚴重不良反應者，不予接種。接種注意事項一、 發燒或正患有急性中重疾病者，宜待病情穩定後再接種。二、 出生未滿6個月，因無使用效益及安全性等臨床資料，故不予接種。三、 先前接種本疫苗6週內曾發生Guillain-Barr? 症候群(GBS)者，宜請醫師評估。四、已知對「蛋」之蛋白質有嚴重過敏者，可在門/住診由熟悉處理過敏症狀之醫事人員提供接種，並於接種後觀察517分鐘，無不適症狀再離開。五、 其他經醫師評估不適合接種者，不予' \u0006",
        "twd97x": 299826.37,
        "twd97y": 2760694.02,
        "經度": 121.493433,
        "緯度": 24.953286
      }
    },
    {
      "type": "Feature",
      "geometry": {
        "type": "Point",
        "coordinates": [
          121.516621,
          24.985558
        ]
      },
      "properties": {
        "no": 3530000000.0,
        "name": "欣和診所",
        "tel": "2940-1103",
        "address": "新北市新店區安和路三段151號",
        "type": "診所",
        "remark": "如要接種，請先致電詢問疫苗庫存",
        "reservation": "現場",
        "own_expense": "是",
        "division": "一般科",
        "notice": "接種禁忌一、已知對疫苗的成份有過敏者，不予接種。二、過去注射曾經發生嚴重不良反應者，不予接種。接種注意事項一、 發燒或正患有急性中重疾病者，宜待病情穩定後再接種。二、 出生未滿6個月，因無使用效益及安全性等臨床資料，故不予接種。三、 先前接種本疫苗6週內曾發生Guillain-Barr? 症候群(GBS)者，宜請醫師評估。四、已知對「蛋」之蛋白質有嚴重過敏者，可在門/住診由熟悉處理過敏症狀之醫事人員提供接種，並於接種後觀察518分鐘，無不適症狀再離開。五、 其他經醫師評估不適合接種者，不予' \u0006",
        "twd97x": 302154.31,
        "twd97y": 2764277.36,
        "經度": 121.516621,
        "緯度": 24.985558
      }
    },
    {
      "type": "Feature",
      "geometry": {
        "type": "Point",
        "coordinates": [
          121.537801,
          24.981459
        ]
      },
      "properties": {
        "no": 3530000000.0,
        "name": "邱?凱小兒科診所",
        "tel": "2913-0360",
        "address": "新北市新店區江陵里建國路226號",
        "type": "診所",
        "remark": "如要接種，請先致電詢問疫苗庫存",
        "reservation": "電話、現場",
        "own_expense": "是",
        "division": "兒科",
        "notice": "接種禁忌一、已知對疫苗的成份有過敏者，不予接種。二、過去注射曾經發生嚴重不良反應者，不予接種。接種注意事項一、 發燒或正患有急性中重疾病者，宜待病情穩定後再接種。二、 出生未滿6個月，因無使用效益及安全性等臨床資料，故不予接種。三、 先前接種本疫苗6週內曾發生Guillain-Barr? 症候群(GBS)者，宜請醫師評估。四、已知對「蛋」之蛋白質有嚴重過敏者，可在門/住診由熟悉處理過敏症狀之醫事人員提供接種，並於接種後觀察519分鐘，無不適症狀再離開。五、 其他經醫師評估不適合接種者，不予' \u0006",
        "twd97x": 304294.31,
        "twd97y": 2763831.58,
        "經度": 121.537801,
        "緯度": 24.981459
      }
    },
    {
      "type": "Feature",
      "geometry": {
        "type": "Point",
        "coordinates": [
          121.548628,
          24.980359
        ]
      },
      "properties": {
        "no": 3530000000.0,
        "name": "恩康診所",
        "tel": "2910-3051",
        "address": "新北市新店區寶中路88號3樓",
        "type": "診所",
        "remark": "如要接種，請先致電詢問疫苗庫存",
        "reservation": "電話、現場",
        "own_expense": "否",
        "division": "內科",
        "notice": "接種禁忌一、已知對疫苗的成份有過敏者，不予接種。二、過去注射曾經發生嚴重不良反應者，不予接種。接種注意事項一、 發燒或正患有急性中重疾病者，宜待病情穩定後再接種。二、 出生未滿6個月，因無使用效益及安全性等臨床資料，故不予接種。三、 先前接種本疫苗6週內曾發生Guillain-Barr? 症候群(GBS)者，宜請醫師評估。四、已知對「蛋」之蛋白質有嚴重過敏者，可在門/住診由熟悉處理過敏症狀之醫事人員提供接種，並於接種後觀察520分鐘，無不適症狀再離開。五、 其他經醫師評估不適合接種者，不予' \u0006",
        "twd97x": 305387.86,
        "twd97y": 2763714.18,
        "經度": 121.548628,
        "緯度": 24.980359
      }
    },
    {
      "type": "Feature",
      "geometry": {
        "type": "Point",
        "coordinates": [
          121.504536,
          24.953976
        ]
      },
      "properties": {
        "no": 1230000000.0,
        "name": "耕莘醫院(安康)",
        "tel": "2212-3066",
        "address": "新北市新店區德安里車子路15號",
        "type": "區域醫院",
        "remark": "如要接種，請先致電詢問疫苗庫存",
        "reservation": "網路、電話、傳真、現場",
        "own_expense": "是",
        "division": "內科/家醫科/兒科/耳鼻喉科/婦產科/骨科/外科",
        "notice": "接種禁忌一、已知對疫苗的成份有過敏者，不予接種。二、過去注射曾經發生嚴重不良反應者，不予接種。接種注意事項一、 發燒或正患有急性中重疾病者，宜待病情穩定後再接種。二、 出生未滿6個月，因無使用效益及安全性等臨床資料，故不予接種。三、 先前接種本疫苗6週內曾發生Guillain-Barr? 症候群(GBS)者，宜請醫師評估。四、已知對「蛋」之蛋白質有嚴重過敏者，可在門/住診由熟悉處理過敏症狀之醫事人員提供接種，並於接種後觀察521分鐘，無不適症狀再離開。五、 其他經醫師評估不適合接種者，不予' \u0006",
        "twd97x": 300947.3,
        "twd97y": 2760774.61,
        "經度": 121.504536,
        "緯度": 24.953976
      }
    },
    {
      "type": "Feature",
      "geometry": {
        "type": "Point",
        "coordinates": [
          121.535618,
          24.976083
        ]
      },
      "properties": {
        "no": 1230000000.0,
        "name": "耕莘醫院(新店)",
        "tel": "2219-3391#66132",
        "address": "新北市新店區百合里中正路362號",
        "type": "區域醫院",
        "remark": "如要接種，請先致電詢問疫苗庫存",
        "reservation": "網路、電話、傳真、現場",
        "own_expense": "是",
        "division": "內科/家醫科/兒科/耳鼻喉科/婦產科/骨科/外科",
        "notice": "接種禁忌一、已知對疫苗的成份有過敏者，不予接種。二、過去注射曾經發生嚴重不良反應者，不予接種。接種注意事項一、 發燒或正患有急性中重疾病者，宜待病情穩定後再接種。二、 出生未滿6個月，因無使用效益及安全性等臨床資料，故不予接種。三、 先前接種本疫苗6週內曾發生Guillain-Barr? 症候群(GBS)者，宜請醫師評估。四、已知對「蛋」之蛋白質有嚴重過敏者，可在門/住診由熟悉處理過敏症狀之醫事人員提供接種，並於接種後觀察522分鐘，無不適症狀再離開。五、 其他經醫師評估不適合接種者，不予' \u0006",
        "twd97x": 304076.34,
        "twd97y": 2763235.3,
        "經度": 121.535618,
        "緯度": 24.976083
      }
    },
    {
      "type": "Feature",
      "geometry": {
        "type": "Point",
        "coordinates": [
          121.509971,
          24.961213
        ]
      },
      "properties": {
        "no": 3530000000.0,
        "name": "高兒科診所",
        "tel": "2212-1545",
        "address": "新北市新店區安昌里安成街38號",
        "type": "診所",
        "remark": "如要接種，請先致電詢問疫苗庫存",
        "reservation": "現場",
        "own_expense": "是",
        "division": "內兒科",
        "notice": "接種禁忌一、已知對疫苗的成份有過敏者，不予接種。二、過去注射曾經發生嚴重不良反應者，不予接種。接種注意事項一、 發燒或正患有急性中重疾病者，宜待病情穩定後再接種。二、 出生未滿6個月，因無使用效益及安全性等臨床資料，故不予接種。三、 先前接種本疫苗6週內曾發生Guillain-Barr? 症候群(GBS)者，宜請醫師評估。四、已知對「蛋」之蛋白質有嚴重過敏者，可在門/住診由熟悉處理過敏症狀之醫事人員提供接種，並於接種後觀察523分鐘，無不適症狀再離開。五、 其他經醫師評估不適合接種者，不予' \u0006",
        "twd97x": 301493.13,
        "twd97y": 2761578.27,
        "經度": 121.509971,
        "緯度": 24.961213
      }
    },
    {
      "type": "Feature",
      "geometry": {
        "type": "Point",
        "coordinates": [
          121.543055,
          24.976791
        ]
      },
      "properties": {
        "no": 3530000000.0,
        "name": "國城診所",
        "tel": "2917-5941",
        "address": "新北市新店區北新路二段200號2.3F",
        "type": "診所",
        "remark": "如要接種，請先致電詢問疫苗庫存",
        "reservation": "現場",
        "own_expense": "否",
        "division": "腎臟內科",
        "notice": "接種禁忌一、已知對疫苗的成份有過敏者，不予接種。二、過去注射曾經發生嚴重不良反應者，不予接種。接種注意事項一、 發燒或正患有急性中重疾病者，宜待病情穩定後再接種。二、 出生未滿6個月，因無使用效益及安全性等臨床資料，故不予接種。三、 先前接種本疫苗6週內曾發生Guillain-Barr? 症候群(GBS)者，宜請醫師評估。四、已知對「蛋」之蛋白質有嚴重過敏者，可在門/住診由熟悉處理過敏症狀之醫事人員提供接種，並於接種後觀察524分鐘，無不適症狀再離開。五、 其他經醫師評估不適合接種者，不予' \u0006",
        "twd97x": 304826.83,
        "twd97y": 2763316.64,
        "經度": 121.543055,
        "緯度": 24.976791
      }
    },
    {
      "type": "Feature",
      "geometry": {
        "type": "Point",
        "coordinates": [
          121.54192,
          24.97153
        ]
      },
      "properties": {
        "no": 3530000000.0,
        "name": "康禾診所",
        "tel": "2910-9696",
        "address": "新北市新店區仁愛里中正路140號1F",
        "type": "診所",
        "remark": "如要接種，請先致電詢問疫苗庫存",
        "reservation": "現場",
        "own_expense": "是",
        "division": "耳鼻喉科",
        "notice": "接種禁忌一、已知對疫苗的成份有過敏者，不予接種。二、過去注射曾經發生嚴重不良反應者，不予接種。接種注意事項一、 發燒或正患有急性中重疾病者，宜待病情穩定後再接種。二、 出生未滿6個月，因無使用效益及安全性等臨床資料，故不予接種。三、 先前接種本疫苗6週內曾發生Guillain-Barr? 症候群(GBS)者，宜請醫師評估。四、已知對「蛋」之蛋白質有嚴重過敏者，可在門/住診由熟悉處理過敏症狀之醫事人員提供接種，並於接種後觀察525分鐘，無不適症狀再離開。五、 其他經醫師評估不適合接種者，不予' \u0006",
        "twd97x": 304714.6,
        "twd97y": 2762733.47,
        "經度": 121.54192,
        "緯度": 24.97153
      }
    },
    {
      "type": "Feature",
      "geometry": {
        "type": "Point",
        "coordinates": [
          121.540405,
          24.976436
        ]
      },
      "properties": {
        "no": 3530000000.0,
        "name": "張榮宗內科診所",
        "tel": "2917-9322  2917-9565",
        "address": "新北市新店區國豐里建國路83之1號",
        "type": "診所",
        "remark": "如要接種，請先致電詢問疫苗庫存",
        "reservation": "電話、現場",
        "own_expense": "否",
        "division": "內科",
        "notice": "接種禁忌一、已知對疫苗的成份有過敏者，不予接種。二、過去注射曾經發生嚴重不良反應者，不予接種。接種注意事項一、 發燒或正患有急性中重疾病者，宜待病情穩定後再接種。二、 出生未滿6個月，因無使用效益及安全性等臨床資料，故不予接種。三、 先前接種本疫苗6週內曾發生Guillain-Barr? 症候群(GBS)者，宜請醫師評估。四、已知對「蛋」之蛋白質有嚴重過敏者，可在門/住診由熟悉處理過敏症狀之醫事人員提供接種，並於接種後觀察526分鐘，無不適症狀再離開。五、 其他經醫師評估不適合接種者，不予' \u0006",
        "twd97x": 304559.47,
        "twd97y": 2763276.33,
        "經度": 121.540405,
        "緯度": 24.976436
      }
    },
    {
      "type": "Feature",
      "geometry": {
        "type": "Point",
        "coordinates": [
          121.539201,
          24.973208
        ]
      },
      "properties": {
        "no": 3530000000.0,
        "name": "陳正宗診所",
        "tel": "2912-9981",
        "address": "新北市新店區中正里中正路241號",
        "type": "診所",
        "remark": "如要接種，請先致電詢問疫苗庫存",
        "reservation": "電話、現場",
        "own_expense": "是",
        "division": "家醫科/兒科",
        "notice": "接種禁忌一、已知對疫苗的成份有過敏者，不予接種。二、過去注射曾經發生嚴重不良反應者，不予接種。接種注意事項一、 發燒或正患有急性中重疾病者，宜待病情穩定後再接種。二、 出生未滿6個月，因無使用效益及安全性等臨床資料，故不予接種。三、 先前接種本疫苗6週內曾發生Guillain-Barr? 症候群(GBS)者，宜請醫師評估。四、已知對「蛋」之蛋白質有嚴重過敏者，可在門/住診由熟悉處理過敏症狀之醫事人員提供接種，並於接種後觀察527分鐘，無不適症狀再離開。五、 其他經醫師評估不適合接種者，不予' \u0006",
        "twd97x": 304439.28,
        "twd97y": 2762918.28,
        "經度": 121.539201,
        "緯度": 24.973208
      }
    },
    {
      "type": "Feature",
      "geometry": {
        "type": "Point",
        "coordinates": [
          121.535376,
          24.971845
        ]
      },
      "properties": {
        "no": 3530000000.0,
        "name": "富森診所",
        "tel": "8665-8711",
        "address": "新北市新店區百福里三民路97號",
        "type": "診所",
        "remark": "如要接種，請先致電詢問疫苗庫存",
        "reservation": "電話、現場",
        "own_expense": "是",
        "division": "一般科",
        "notice": "接種禁忌一、已知對疫苗的成份有過敏者，不予接種。二、過去注射曾經發生嚴重不良反應者，不予接種。接種注意事項一、 發燒或正患有急性中重疾病者，宜待病情穩定後再接種。二、 出生未滿6個月，因無使用效益及安全性等臨床資料，故不予接種。三、 先前接種本疫苗6週內曾發生Guillain-Barr? 症候群(GBS)者，宜請醫師評估。四、已知對「蛋」之蛋白質有嚴重過敏者，可在門/住診由熟悉處理過敏症狀之醫事人員提供接種，並於接種後觀察528分鐘，無不適症狀再離開。五、 其他經醫師評估不適合接種者，不予' \u0006",
        "twd97x": 304053.68,
        "twd97y": 2762765.73,
        "經度": 121.535376,
        "緯度": 24.971845
      }
    },
    {
      "type": "Feature",
      "geometry": {
        "type": "Point",
        "coordinates": [
          121.545443,
          24.974866
        ]
      },
      "properties": {
        "no": 3530000000.0,
        "name": "曾俊睿小兒科診所",
        "tel": "2913-7201",
        "address": "新北市新店區寶橋路54號1樓",
        "type": "診所",
        "remark": "如要接種，請先致電詢問疫苗庫存",
        "reservation": "電話、現場",
        "own_expense": "是",
        "division": "兒科",
        "notice": "接種禁忌一、已知對疫苗的成份有過敏者，不予接種。二、過去注射曾經發生嚴重不良反應者，不予接種。接種注意事項一、 發燒或正患有急性中重疾病者，宜待病情穩定後再接種。二、 出生未滿6個月，因無使用效益及安全性等臨床資料，故不予接種。三、 先前接種本疫苗6週內曾發生Guillain-Barr? 症候群(GBS)者，宜請醫師評估。四、已知對「蛋」之蛋白質有嚴重過敏者，可在門/住診由熟悉處理過敏症狀之醫事人員提供接種，並於接種後觀察529分鐘，無不適症狀再離開。五、 其他經醫師評估不適合接種者，不予' \u0006",
        "twd97x": 305068.77,
        "twd97y": 2763104.4,
        "經度": 121.545443,
        "緯度": 24.974866
      }
    },
    {
      "type": "Feature",
      "geometry": {
        "type": "Point",
        "coordinates": [
          121.535141,
          24.982693
        ]
      },
      "properties": {
        "no": 3530000000.0,
        "name": "逸守診所",
        "tel": "2218-6333",
        "address": "新北市新店區江陵里民權路131號5樓",
        "type": "診所",
        "remark": "如要接種，請先致電詢問疫苗庫存",
        "reservation": "現場",
        "own_expense": "否",
        "division": "內科",
        "notice": "接種禁忌一、已知對疫苗的成份有過敏者，不予接種。二、過去注射曾經發生嚴重不良反應者，不予接種。接種注意事項一、 發燒或正患有急性中重疾病者，宜待病情穩定後再接種。二、 出生未滿6個月，因無使用效益及安全性等臨床資料，故不予接種。三、 先前接種本疫苗6週內曾發生Guillain-Barr? 症候群(GBS)者，宜請醫師評估。四、已知對「蛋」之蛋白質有嚴重過敏者，可在門/住診由熟悉處理過敏症狀之醫事人員提供接種，並於接種後觀察530分鐘，無不適症狀再離開。五、 其他經醫師評估不適合接種者，不予' \u0006",
        "twd97x": 304025.25,
        "twd97y": 2763967.19,
        "經度": 121.535141,
        "緯度": 24.982693
      }
    },
    {
      "type": "Feature",
      "geometry": {
        "type": "Point",
        "coordinates": [
          121.535141,
          24.982693
        ]
      },
      "properties": {
        "no": 3530000000.0,
        "name": "逸安診所",
        "tel": "2219-8333",
        "address": "新北市新店區江陵里民權路131號4樓",
        "type": "診所",
        "remark": "如要接種，請先致電詢問疫苗庫存",
        "reservation": "電話、現場",
        "own_expense": "否",
        "division": "內科",
        "notice": "接種禁忌一、已知對疫苗的成份有過敏者，不予接種。二、過去注射曾經發生嚴重不良反應者，不予接種。接種注意事項一、 發燒或正患有急性中重疾病者，宜待病情穩定後再接種。二、 出生未滿6個月，因無使用效益及安全性等臨床資料，故不予接種。三、 先前接種本疫苗6週內曾發生Guillain-Barr? 症候群(GBS)者，宜請醫師評估。四、已知對「蛋」之蛋白質有嚴重過敏者，可在門/住診由熟悉處理過敏症狀之醫事人員提供接種，並於接種後觀察531分鐘，無不適症狀再離開。五、 其他經醫師評估不適合接種者，不予' \u0006",
        "twd97x": 304025.25,
        "twd97y": 2763967.19,
        "經度": 121.535141,
        "緯度": 24.982693
      }
    },
    {
      "type": "Feature",
      "geometry": {
        "type": "Point",
        "coordinates": [
          121.51059,
          24.960593
        ]
      },
      "properties": {
        "no": 3530000000.0,
        "name": "雁秋診所",
        "tel": "2212-1461",
        "address": "新北市新店區安昌里安成街10號",
        "type": "診所",
        "remark": "如要接種，請先致電詢問疫苗庫存",
        "reservation": "現場",
        "own_expense": "是",
        "division": "內科",
        "notice": "接種禁忌一、已知對疫苗的成份有過敏者，不予接種。二、過去注射曾經發生嚴重不良反應者，不予接種。接種注意事項一、 發燒或正患有急性中重疾病者，宜待病情穩定後再接種。二、 出生未滿6個月，因無使用效益及安全性等臨床資料，故不予接種。三、 先前接種本疫苗6週內曾發生Guillain-Barr? 症候群(GBS)者，宜請醫師評估。四、已知對「蛋」之蛋白質有嚴重過敏者，可在門/住診由熟悉處理過敏症狀之醫事人員提供接種，並於接種後觀察532分鐘，無不適症狀再離開。五、 其他經醫師評估不適合接種者，不予' \u0006",
        "twd97x": 301555.83,
        "twd97y": 2761509.74,
        "經度": 121.51059,
        "緯度": 24.960593
      }
    },
    {
      "type": "Feature",
      "geometry": {
        "type": "Point",
        "coordinates": [
          121.499651,
          24.955541
        ]
      },
      "properties": {
        "no": 1530000000.0,
        "name": "新北仁康",
        "tel": "2215-2345 ",
        "address": "新北市新店區安康路二段323號",
        "type": "地區醫院",
        "remark": "如要接種，請先致電詢問疫苗庫存",
        "reservation": "電話、現場",
        "own_expense": "否",
        "division": "內科/外科",
        "notice": "接種禁忌一、已知對疫苗的成份有過敏者，不予接種。二、過去注射曾經發生嚴重不良反應者，不予接種。接種注意事項一、 發燒或正患有急性中重疾病者，宜待病情穩定後再接種。二、 出生未滿6個月，因無使用效益及安全性等臨床資料，故不予接種。三、 先前接種本疫苗6週內曾發生Guillain-Barr? 症候群(GBS)者，宜請醫師評估。四、已知對「蛋」之蛋白質有嚴重過敏者，可在門/住診由熟悉處理過敏症狀之醫事人員提供接種，並於接種後觀察533分鐘，無不適症狀再離開。五、 其他經醫師評估不適合接種者，不予' \u0006",
        "twd97x": 300453.32,
        "twd97y": 2760946.14,
        "經度": 121.499651,
        "緯度": 24.955541
      }
    },
    {
      "type": "Feature",
      "geometry": {
        "type": "Point",
        "coordinates": [
          121.54192,
          24.97153
        ]
      },
      "properties": {
        "no": 3530000000.0,
        "name": "瑞安耳鼻喉科診所",
        "tel": "2910-9696",
        "address": "新北市新店區仁愛里中正路140號",
        "type": "診所",
        "remark": "如要接種，請先致電詢問疫苗庫存",
        "reservation": "現場",
        "own_expense": "是",
        "division": "耳鼻喉科",
        "notice": "接種禁忌一、已知對疫苗的成份有過敏者，不予接種。二、過去注射曾經發生嚴重不良反應者，不予接種。接種注意事項一、 發燒或正患有急性中重疾病者，宜待病情穩定後再接種。二、 出生未滿6個月，因無使用效益及安全性等臨床資料，故不予接種。三、 先前接種本疫苗6週內曾發生Guillain-Barr? 症候群(GBS)者，宜請醫師評估。四、已知對「蛋」之蛋白質有嚴重過敏者，可在門/住診由熟悉處理過敏症狀之醫事人員提供接種，並於接種後觀察534分鐘，無不適症狀再離開。五、 其他經醫師評估不適合接種者，不予' \u0006",
        "twd97x": 304714.6,
        "twd97y": 2762733.47,
        "經度": 121.54192,
        "緯度": 24.97153
      }
    },
    {
      "type": "Feature",
      "geometry": {
        "type": "Point",
        "coordinates": [
          121.541887,
          24.981201
        ]
      },
      "properties": {
        "no": 3530000000.0,
        "name": "聖康診所",
        "tel": "8665-5858",
        "address": "新北市新店區北新路三段104號1樓",
        "type": "診所",
        "remark": "如要接種，請先致電詢問疫苗庫存",
        "reservation": "現場",
        "own_expense": "是",
        "division": "家醫科",
        "notice": "接種禁忌一、已知對疫苗的成份有過敏者，不予接種。二、過去注射曾經發生嚴重不良反應者，不予接種。接種注意事項一、 發燒或正患有急性中重疾病者，宜待病情穩定後再接種。二、 出生未滿6個月，因無使用效益及安全性等臨床資料，故不予接種。三、 先前接種本疫苗6週內曾發生Guillain-Barr? 症候群(GBS)者，宜請醫師評估。四、已知對「蛋」之蛋白質有嚴重過敏者，可在門/住診由熟悉處理過敏症狀之醫事人員提供接種，並於接種後觀察535分鐘，無不適症狀再離開。五、 其他經醫師評估不適合接種者，不予' \u0006",
        "twd97x": 304706.93,
        "twd97y": 2763804.72,
        "經度": 121.541887,
        "緯度": 24.981201
      }
    },
    {
      "type": "Feature",
      "geometry": {
        "type": "Point",
        "coordinates": [
          121.543294,
          24.973393
        ]
      },
      "properties": {
        "no": 3530000000.0,
        "name": "聖新診所",
        "tel": "2913-1415",
        "address": "新北市新店區張北里寶橋路4號",
        "type": "診所",
        "remark": "如要接種，請先致電詢問疫苗庫存",
        "reservation": "電話、現場",
        "own_expense": "是",
        "division": "家醫科",
        "notice": "接種禁忌一、已知對疫苗的成份有過敏者，不予接種。二、過去注射曾經發生嚴重不良反應者，不予接種。接種注意事項一、 發燒或正患有急性中重疾病者，宜待病情穩定後再接種。二、 出生未滿6個月，因無使用效益及安全性等臨床資料，故不予接種。三、 先前接種本疫苗6週內曾發生Guillain-Barr? 症候群(GBS)者，宜請醫師評估。四、已知對「蛋」之蛋白質有嚴重過敏者，可在門/住診由熟悉處理過敏症狀之醫事人員提供接種，並於接種後觀察536分鐘，無不適症狀再離開。五、 其他經醫師評估不適合接種者，不予' \u0006",
        "twd97x": 304852.49,
        "twd97y": 2762940.4,
        "經度": 121.543294,
        "緯度": 24.973393
      }
    },
    {
      "type": "Feature",
      "geometry": {
        "type": "Point",
        "coordinates": [
          121.54192,
          24.97153
        ]
      },
      "properties": {
        "no": 3530000000.0,
        "name": "睿安診所",
        "tel": "2910-9696",
        "address": "新北市新店區仁愛里中正路140號1樓",
        "type": "診所",
        "remark": "如要接種，請先致電詢問疫苗庫存",
        "reservation": "電話、現場",
        "own_expense": "是",
        "division": "耳鼻喉科",
        "notice": "接種禁忌一、已知對疫苗的成份有過敏者，不予接種。二、過去注射曾經發生嚴重不良反應者，不予接種。接種注意事項一、 發燒或正患有急性中重疾病者，宜待病情穩定後再接種。二、 出生未滿6個月，因無使用效益及安全性等臨床資料，故不予接種。三、 先前接種本疫苗6週內曾發生Guillain-Barr? 症候群(GBS)者，宜請醫師評估。四、已知對「蛋」之蛋白質有嚴重過敏者，可在門/住診由熟悉處理過敏症狀之醫事人員提供接種，並於接種後觀察537分鐘，無不適症狀再離開。五、 其他經醫師評估不適合接種者，不予' \u0006",
        "twd97x": 304714.6,
        "twd97y": 2762733.47,
        "經度": 121.54192,
        "緯度": 24.97153
      }
    },
    {
      "type": "Feature",
      "geometry": {
        "type": "Point",
        "coordinates": [
          121.537805,
          24.959062
        ]
      },
      "properties": {
        "no": 3530000000.0,
        "name": "碧潭診所",
        "tel": "2911-6698",
        "address": "新北市新店區張南里北新路一段21號",
        "type": "診所",
        "remark": "如要接種，請先致電詢問疫苗庫存",
        "reservation": "電話、現場",
        "own_expense": "是",
        "division": "兒科",
        "notice": "接種禁忌一、已知對疫苗的成份有過敏者，不予接種。二、過去注射曾經發生嚴重不良反應者，不予接種。接種注意事項一、 發燒或正患有急性中重疾病者，宜待病情穩定後再接種。二、 出生未滿6個月，因無使用效益及安全性等臨床資料，故不予接種。三、 先前接種本疫苗6週內曾發生Guillain-Barr? 症候群(GBS)者，宜請醫師評估。四、已知對「蛋」之蛋白質有嚴重過敏者，可在門/住診由熟悉處理過敏症狀之醫事人員提供接種，並於接種後觀察538分鐘，無不適症狀再離開。五、 其他經醫師評估不適合接種者，不予' \u0006",
        "twd97x": 304304.57,
        "twd97y": 2761350.76,
        "經度": 121.537805,
        "緯度": 24.959062
      }
    },
    {
      "type": "Feature",
      "geometry": {
        "type": "Point",
        "coordinates": [
          121.539975,
          24.973422
        ]
      },
      "properties": {
        "no": 3530000000.0,
        "name": "維霖內科診所",
        "tel": "8914-7799",
        "address": "新北市新店區仁愛里建國路6-1號",
        "type": "診所",
        "remark": "如要接種，請先致電詢問疫苗庫存",
        "reservation": "電話、現場",
        "own_expense": "否",
        "division": "內科",
        "notice": "接種禁忌一、已知對疫苗的成份有過敏者，不予接種。二、過去注射曾經發生嚴重不良反應者，不予接種。接種注意事項一、 發燒或正患有急性中重疾病者，宜待病情穩定後再接種。二、 出生未滿6個月，因無使用效益及安全性等臨床資料，故不予接種。三、 先前接種本疫苗6週內曾發生Guillain-Barr? 症候群(GBS)者，宜請醫師評估。四、已知對「蛋」之蛋白質有嚴重過敏者，可在門/住診由熟悉處理過敏症狀之醫事人員提供接種，並於接種後觀察539分鐘，無不適症狀再離開。五、 其他經醫師評估不適合接種者，不予' \u0006",
        "twd97x": 304517.33,
        "twd97y": 2762942.21,
        "經度": 121.539975,
        "緯度": 24.973422
      }
    },
    {
      "type": "Feature",
      "geometry": {
        "type": "Point",
        "coordinates": [
          121.545384,
          24.969696
        ]
      },
      "properties": {
        "no": 3530000000.0,
        "name": "劉建梅",
        "tel": "2912-4106",
        "address": "新北市新店區張北里中正路20號",
        "type": "診所",
        "remark": "如要接種，請先致電詢問疫苗庫存",
        "reservation": "現場",
        "own_expense": "是",
        "division": "神經內科",
        "notice": "接種禁忌一、已知對疫苗的成份有過敏者，不予接種。二、過去注射曾經發生嚴重不良反應者，不予接種。接種注意事項一、 發燒或正患有急性中重疾病者，宜待病情穩定後再接種。二、 出生未滿6個月，因無使用效益及安全性等臨床資料，故不予接種。三、 先前接種本疫苗6週內曾發生Guillain-Barr? 症候群(GBS)者，宜請醫師評估。四、已知對「蛋」之蛋白質有嚴重過敏者，可在門/住診由熟悉處理過敏症狀之醫事人員提供接種，並於接種後觀察540分鐘，無不適症狀再離開。五、 其他經醫師評估不適合接種者，不予' \u0006",
        "twd97x": 305065.17,
        "twd97y": 2762531.76,
        "經度": 121.545384,
        "緯度": 24.969696
      }
    },
    {
      "type": "Feature",
      "geometry": {
        "type": "Point",
        "coordinates": [
          121.51157,
          24.963241
        ]
      },
      "properties": {
        "no": 1530000000.0,
        "name": "豐榮醫院",
        "tel": "2212-2111",
        "address": "新北市新店區安德街26巷3號",
        "type": "地區醫院",
        "remark": "如要接種，請先致電詢問疫苗庫存",
        "reservation": "電話、現場",
        "own_expense": "是",
        "division": "一般科",
        "notice": "接種禁忌一、已知對疫苗的成份有過敏者，不予接種。二、過去注射曾經發生嚴重不良反應者，不予接種。接種注意事項一、 發燒或正患有急性中重疾病者，宜待病情穩定後再接種。二、 出生未滿6個月，因無使用效益及安全性等臨床資料，故不予接種。三、 先前接種本疫苗6週內曾發生Guillain-Barr? 症候群(GBS)者，宜請醫師評估。四、已知對「蛋」之蛋白質有嚴重過敏者，可在門/住診由熟悉處理過敏症狀之醫事人員提供接種，並於接種後觀察541分鐘，無不適症狀再離開。五、 其他經醫師評估不適合接種者，不予' \u0006",
        "twd97x": 301653.74,
        "twd97y": 2761803.46,
        "經度": 121.51157,
        "緯度": 24.963241
      }
    },
    {
      "type": "Feature",
      "geometry": {
        "type": "Point",
        "coordinates": [
          121.535058,
          24.972335
        ]
      },
      "properties": {
        "no": 3530000000.0,
        "name": "耀程耳鼻喉科診所",
        "tel": "2917-1110",
        "address": "新北市新店區三民路66號1樓",
        "type": "診所",
        "remark": "如要接種，請先致電詢問疫苗庫存",
        "reservation": "電話、現場",
        "own_expense": "是",
        "division": "耳鼻喉科",
        "notice": "接種禁忌一、已知對疫苗的成份有過敏者，不予接種。二、過去注射曾經發生嚴重不良反應者，不予接種。接種注意事項一、 發燒或正患有急性中重疾病者，宜待病情穩定後再接種。二、 出生未滿6個月，因無使用效益及安全性等臨床資料，故不予接種。三、 先前接種本疫苗6週內曾發生Guillain-Barr? 症候群(GBS)者，宜請醫師評估。四、已知對「蛋」之蛋白質有嚴重過敏者，可在門/住診由熟悉處理過敏症狀之醫事人員提供接種，並於接種後觀察542分鐘，無不適症狀再離開。五、 其他經醫師評估不適合接種者，不予' \u0006",
        "twd97x": 304021.44,
        "twd97y": 2762819.9,
        "經度": 121.535058,
        "緯度": 24.972335
      }
    },
    {
      "type": "Feature",
      "geometry": {
        "type": "Point",
        "coordinates": [
          121.539954,
          24.973386
        ]
      },
      "properties": {
        "no": 3530000000.0,
        "name": "蘇景傑診所",
        "tel": "8665-7771",
        "address": "新北市新店區建國路6號",
        "type": "診所",
        "remark": "如要接種，請先致電詢問疫苗庫存",
        "reservation": "網路、電話、現場",
        "own_expense": "否",
        "division": "內科",
        "notice": "接種禁忌一、已知對疫苗的成份有過敏者，不予接種。二、過去注射曾經發生嚴重不良反應者，不予接種。接種注意事項一、 發燒或正患有急性中重疾病者，宜待病情穩定後再接種。二、 出生未滿6個月，因無使用效益及安全性等臨床資料，故不予接種。三、 先前接種本疫苗6週內曾發生Guillain-Barr? 症候群(GBS)者，宜請醫師評估。四、已知對「蛋」之蛋白質有嚴重過敏者，可在門/住診由熟悉處理過敏症狀之醫事人員提供接種，並於接種後觀察543分鐘，無不適症狀再離開。五、 其他經醫師評估不適合接種者，不予' \u0006",
        "twd97x": 304515.22,
        "twd97y": 2762938.24,
        "經度": 121.539954,
        "緯度": 24.973386
      }
    },
    {
      "type": "Feature",
      "geometry": {
        "type": "Point",
        "coordinates": [
          121.510083,
          24.961098
        ]
      },
      "properties": {
        "no": 3530000000.0,
        "name": "護康診所",
        "tel": "8666-3366",
        "address": "新北市新店區安昌里安成街32號",
        "type": "診所",
        "remark": "如要接種，請先致電詢問疫苗庫存",
        "reservation": "電話、現場",
        "own_expense": "是",
        "division": "家醫科",
        "notice": "接種禁忌一、已知對疫苗的成份有過敏者，不予接種。二、過去注射曾經發生嚴重不良反應者，不予接種。接種注意事項一、 發燒或正患有急性中重疾病者，宜待病情穩定後再接種。二、 出生未滿6個月，因無使用效益及安全性等臨床資料，故不予接種。三、 先前接種本疫苗6週內曾發生Guillain-Barr? 症候群(GBS)者，宜請醫師評估。四、已知對「蛋」之蛋白質有嚴重過敏者，可在門/住診由熟悉處理過敏症狀之醫事人員提供接種，並於接種後觀察544分鐘，無不適症狀再離開。五、 其他經醫師評估不適合接種者，不予' \u0006",
        "twd97x": 301504.5,
        "twd97y": 2761565.57,
        "經度": 121.510083,
        "緯度": 24.961098
      }
    },
    {
      "type": "Feature",
      "geometry": {
        "type": "Point",
        "coordinates": [
          121.452247,
          25.036409
        ]
      },
      "properties": {
        "no": 2330000000.0,
        "name": "新莊區衛生所",
        "tel": "2996-7123",
        "address": "新北市新莊區中華路一段2號",
        "type": "衛生所",
        "remark": "如要接種，請先致電詢問疫苗庫存",
        "reservation": "現場",
        "own_expense": "否",
        "division": "家醫科",
        "notice": "接種禁忌一、已知對疫苗的成份有過敏者，不予接種。二、過去注射曾經發生嚴重不良反應者，不予接種。接種注意事項一、 發燒或正患有急性中重疾病者，宜待病情穩定後再接種。二、 出生未滿6個月，因無使用效益及安全性等臨床資料，故不予接種。三、 先前接種本疫苗6週內曾發生Guillain-Barr? 症候群(GBS)者，宜請醫師評估。四、已知對「蛋」之蛋白質有嚴重過敏者，可在門/住診由熟悉處理過敏症狀之醫事人員提供接種，並於接種後觀察545分鐘，無不適症狀再離開。五、 其他經醫師評估不適合接種者，不予' \u0006",
        "twd97x": 295636.71,
        "twd97y": 2769886.57,
        "經度": 121.452247,
        "緯度": 25.036409
      }
    },
    {
      "type": "Feature",
      "geometry": {
        "type": "Point",
        "coordinates": [
          121.451168,
          25.035755
        ]
      },
      "properties": {
        "no": 1530000000.0,
        "name": "大順醫院",
        "tel": "2991-1726",
        "address": "新北市新莊區中正路215號",
        "type": "地區醫院",
        "remark": "如要接種，請先致電詢問疫苗庫存",
        "reservation": "現場",
        "own_expense": "是",
        "division": "家醫科",
        "notice": "接種禁忌一、已知對疫苗的成份有過敏者，不予接種。二、過去注射曾經發生嚴重不良反應者，不予接種。接種注意事項一、 發燒或正患有急性中重疾病者，宜待病情穩定後再接種。二、 出生未滿6個月，因無使用效益及安全性等臨床資料，故不予接種。三、 先前接種本疫苗6週內曾發生Guillain-Barr? 症候群(GBS)者，宜請醫師評估。四、已知對「蛋」之蛋白質有嚴重過敏者，可在門/住診由熟悉處理過敏症狀之醫事人員提供接種，並於接種後觀察546分鐘，無不適症狀再離開。五、 其他經醫師評估不適合接種者，不予' \u0006",
        "twd97x": 295528.08,
        "twd97y": 2769813.81,
        "經度": 121.451168,
        "緯度": 25.035755
      }
    },
    {
      "type": "Feature",
      "geometry": {
        "type": "Point",
        "coordinates": [
          121.452436,
          25.044926
        ]
      },
      "properties": {
        "no": 3530000000.0,
        "name": "中心診所",
        "tel": "2276-5992",
        "address": "新北市新莊區中港路321號",
        "type": "診所",
        "remark": "如要接種，請先致電詢問疫苗庫存",
        "reservation": "電話、現場",
        "own_expense": "是",
        "division": "不分科",
        "notice": "接種禁忌一、已知對疫苗的成份有過敏者，不予接種。二、過去注射曾經發生嚴重不良反應者，不予接種。接種注意事項一、 發燒或正患有急性中重疾病者，宜待病情穩定後再接種。二、 出生未滿6個月，因無使用效益及安全性等臨床資料，故不予接種。三、 先前接種本疫苗6週內曾發生Guillain-Barr? 症候群(GBS)者，宜請醫師評估。四、已知對「蛋」之蛋白質有嚴重過敏者，可在門/住診由熟悉處理過敏症狀之醫事人員提供接種，並於接種後觀察547分鐘，無不適症狀再離開。五、 其他經醫師評估不適合接種者，不予' \u0006",
        "twd97x": 295652.57,
        "twd97y": 2770829.97,
        "經度": 121.452436,
        "緯度": 25.044926
      }
    },
    {
      "type": "Feature",
      "geometry": {
        "type": "Point",
        "coordinates": [
          121.444672,
          25.043713
        ]
      },
      "properties": {
        "no": 3530000000.0,
        "name": "中平耳鼻喉科",
        "tel": "2997-7307",
        "address": "新北市新莊區中平路29號",
        "type": "診所",
        "remark": "如要接種，請先致電詢問疫苗庫存",
        "reservation": "電話",
        "own_expense": "是",
        "division": "耳鼻喉科",
        "notice": "接種禁忌一、已知對疫苗的成份有過敏者，不予接種。二、過去注射曾經發生嚴重不良反應者，不予接種。接種注意事項一、 發燒或正患有急性中重疾病者，宜待病情穩定後再接種。二、 出生未滿6個月，因無使用效益及安全性等臨床資料，故不予接種。三、 先前接種本疫苗6週內曾發生Guillain-Barr? 症候群(GBS)者，宜請醫師評估。四、已知對「蛋」之蛋白質有嚴重過敏者，可在門/住診由熟悉處理過敏症狀之醫事人員提供接種，並於接種後觀察548分鐘，無不適症狀再離開。五、 其他經醫師評估不適合接種者，不予' \u0006",
        "twd97x": 294869.67,
        "twd97y": 2770693.05,
        "經度": 121.444672,
        "緯度": 25.043713
      }
    },
    {
      "type": "Feature",
      "geometry": {
        "type": "Point",
        "coordinates": [
          121.453143,
          25.046737
        ]
      },
      "properties": {
        "no": 3530000000.0,
        "name": "元程婦產科",
        "tel": "2997-3838",
        "address": "新北市新莊區中華路二段47號",
        "type": "診所",
        "remark": "如要接種，請先致電詢問疫苗庫存",
        "reservation": "電話、現場",
        "own_expense": "是",
        "division": "婦產科",
        "notice": "接種禁忌一、已知對疫苗的成份有過敏者，不予接種。二、過去注射曾經發生嚴重不良反應者，不予接種。接種注意事項一、 發燒或正患有急性中重疾病者，宜待病情穩定後再接種。二、 出生未滿6個月，因無使用效益及安全性等臨床資料，故不予接種。三、 先前接種本疫苗6週內曾發生Guillain-Barr? 症候群(GBS)者，宜請醫師評估。四、已知對「蛋」之蛋白質有嚴重過敏者，可在門/住診由熟悉處理過敏症狀之醫事人員提供接種，並於接種後觀察549分鐘，無不適症狀再離開。五、 其他經醫師評估不適合接種者，不予' \u0006",
        "twd97x": 295723.27,
        "twd97y": 2771030.85,
        "經度": 121.453143,
        "緯度": 25.046737
      }
    },
    {
      "type": "Feature",
      "geometry": {
        "type": "Point",
        "coordinates": [
          121.449436,
          25.039396
        ]
      },
      "properties": {
        "no": 3530000000.0,
        "name": "公園診所",
        "tel": "2994-3101",
        "address": "新北市新莊區公園路58號",
        "type": "診所",
        "remark": "如要接種，請先致電詢問疫苗庫存",
        "reservation": "現場",
        "own_expense": "是",
        "division": "家醫及兒科",
        "notice": "接種禁忌一、已知對疫苗的成份有過敏者，不予接種。二、過去注射曾經發生嚴重不良反應者，不予接種。接種注意事項一、 發燒或正患有急性中重疾病者，宜待病情穩定後再接種。二、 出生未滿6個月，因無使用效益及安全性等臨床資料，故不予接種。三、 先前接種本疫苗6週內曾發生Guillain-Barr? 症候群(GBS)者，宜請醫師評估。四、已知對「蛋」之蛋白質有嚴重過敏者，可在門/住診由熟悉處理過敏症狀之醫事人員提供接種，並於接種後觀察550分鐘，無不適症狀再離開。五、 其他經醫師評估不適合接種者，不予' \u0006",
        "twd97x": 295351.91,
        "twd97y": 2770216.45,
        "經度": 121.449436,
        "緯度": 25.039396
      }
    },
    {
      "type": "Feature",
      "geometry": {
        "type": "Point",
        "coordinates": [
          121.451987,
          25.049575
        ]
      },
      "properties": {
        "no": 3530000000.0,
        "name": "天佑診所",
        "tel": "2992-4069",
        "address": "新北市新莊區幸福路670巷2弄21號",
        "type": "診所",
        "remark": "如要接種，請先致電詢問疫苗庫存",
        "reservation": "電話、現場",
        "own_expense": "是",
        "division": "家醫及兒科",
        "notice": "接種禁忌一、已知對疫苗的成份有過敏者，不予接種。二、過去注射曾經發生嚴重不良反應者，不予接種。接種注意事項一、 發燒或正患有急性中重疾病者，宜待病情穩定後再接種。二、 出生未滿6個月，因無使用效益及安全性等臨床資料，故不予接種。三、 先前接種本疫苗6週內曾發生Guillain-Barr? 症候群(GBS)者，宜請醫師評估。四、已知對「蛋」之蛋白質有嚴重過敏者，可在門/住診由熟悉處理過敏症狀之醫事人員提供接種，並於接種後觀察551分鐘，無不適症狀再離開。五、 其他經醫師評估不適合接種者，不予' \u0006",
        "twd97x": 295605.57,
        "twd97y": 2771344.78,
        "經度": 121.451987,
        "緯度": 25.049575
      }
    },
    {
      "type": "Feature",
      "geometry": {
        "type": "Point",
        "coordinates": [
          121.452086,
          25.049582
        ]
      },
      "properties": {
        "no": 3530000000.0,
        "name": "天給婦產科診所",
        "tel": "2.99E+07",
        "address": "新北市新莊區幸福路670巷2弄23號",
        "type": "診所",
        "remark": "如要接種，請先致電詢問疫苗庫存",
        "reservation": "電話、現場",
        "own_expense": "是",
        "division": "婦產科",
        "notice": "接種禁忌一、已知對疫苗的成份有過敏者，不予接種。二、過去注射曾經發生嚴重不良反應者，不予接種。接種注意事項一、 發燒或正患有急性中重疾病者，宜待病情穩定後再接種。二、 出生未滿6個月，因無使用效益及安全性等臨床資料，故不予接種。三、 先前接種本疫苗6週內曾發生Guillain-Barr? 症候群(GBS)者，宜請醫師評估。四、已知對「蛋」之蛋白質有嚴重過敏者，可在門/住診由熟悉處理過敏症狀之醫事人員提供接種，並於接種後觀察552分鐘，無不適症狀再離開。五、 其他經醫師評估不適合接種者，不予' \u0006",
        "twd97x": 295615.62,
        "twd97y": 2771345.58,
        "經度": 121.452086,
        "緯度": 25.049582
      }
    },
    {
      "type": "Feature",
      "geometry": {
        "type": "Point",
        "coordinates": [
          121.42646,
          25.021774
        ]
      },
      "properties": {
        "no": 3530000000.0,
        "name": "文鼎診所",
        "tel": "2208-5068",
        "address": "新北市新莊區民安西路188巷8弄3號1樓",
        "type": "診所",
        "remark": "如要接種，請先致電詢問疫苗庫存",
        "reservation": "電話、現場",
        "own_expense": "否",
        "division": "內科",
        "notice": "接種禁忌一、已知對疫苗的成份有過敏者，不予接種。二、過去注射曾經發生嚴重不良反應者，不予接種。接種注意事項一、 發燒或正患有急性中重疾病者，宜待病情穩定後再接種。二、 出生未滿6個月，因無使用效益及安全性等臨床資料，故不予接種。三、 先前接種本疫苗6週內曾發生Guillain-Barr? 症候群(GBS)者，宜請醫師評估。四、已知對「蛋」之蛋白質有嚴重過敏者，可在門/住診由熟悉處理過敏症狀之醫事人員提供接種，並於接種後觀察553分鐘，無不適症狀再離開。五、 其他經醫師評估不適合接種者，不予' \u0006",
        "twd97x": 293039.58,
        "twd97y": 2768257.15,
        "經度": 121.42646,
        "緯度": 25.021774
      }
    },
    {
      "type": "Feature",
      "geometry": {
        "type": "Point",
        "coordinates": [
          121.447207,
          25.038241
        ]
      },
      "properties": {
        "no": 3530000000.0,
        "name": "王中煌診所",
        "tel": "2276-7366",
        "address": "新北市新莊區新泰路194號",
        "type": "診所",
        "remark": "如要接種，請先致電詢問疫苗庫存",
        "reservation": "電話、現場",
        "own_expense": "是",
        "division": "兒科",
        "notice": "接種禁忌一、已知對疫苗的成份有過敏者，不予接種。二、過去注射曾經發生嚴重不良反應者，不予接種。接種注意事項一、 發燒或正患有急性中重疾病者，宜待病情穩定後再接種。二、 出生未滿6個月，因無使用效益及安全性等臨床資料，故不予接種。三、 先前接種本疫苗6週內曾發生Guillain-Barr? 症候群(GBS)者，宜請醫師評估。四、已知對「蛋」之蛋白質有嚴重過敏者，可在門/住診由熟悉處理過敏症狀之醫事人員提供接種，並於接種後觀察554分鐘，無不適症狀再離開。五、 其他經醫師評估不適合接種者，不予' \u0006",
        "twd97x": 295127.42,
        "twd97y": 2770087.84,
        "經度": 121.447207,
        "緯度": 25.038241
      }
    },
    {
      "type": "Feature",
      "geometry": {
        "type": "Point",
        "coordinates": [
          121.458821,
          25.049556
        ]
      },
      "properties": {
        "no": 3530000000.0,
        "name": "王建民耳鼻喉科診所",
        "tel": "2990-7055",
        "address": "新北市新莊區幸福路26號",
        "type": "診所",
        "remark": "如要接種，請先致電詢問疫苗庫存",
        "reservation": "電話、現場",
        "own_expense": "否",
        "division": "耳鼻喉科",
        "notice": "接種禁忌一、已知對疫苗的成份有過敏者，不予接種。二、過去注射曾經發生嚴重不良反應者，不予接種。接種注意事項一、 發燒或正患有急性中重疾病者，宜待病情穩定後再接種。二、 出生未滿6個月，因無使用效益及安全性等臨床資料，故不予接種。三、 先前接種本疫苗6週內曾發生Guillain-Barr? 症候群(GBS)者，宜請醫師評估。四、已知對「蛋」之蛋白質有嚴重過敏者，可在門/住診由熟悉處理過敏症狀之醫事人員提供接種，並於接種後觀察555分鐘，無不適症狀再離開。五、 其他經醫師評估不適合接種者，不予' \u0006",
        "twd97x": 296295.13,
        "twd97y": 2771345.0,
        "經度": 121.458821,
        "緯度": 25.049556
      }
    },
    {
      "type": "Feature",
      "geometry": {
        "type": "Point",
        "coordinates": [
          121.447278,
          25.049407
        ]
      },
      "properties": {
        "no": 3530000000.0,
        "name": "王榮文小兒科",
        "tel": "8991-5595",
        "address": "新北市新莊區中和街149號",
        "type": "診所",
        "remark": "如要接種，請先致電詢問疫苗庫存",
        "reservation": "電話、現場",
        "own_expense": "是",
        "division": "兒科",
        "notice": "接種禁忌一、已知對疫苗的成份有過敏者，不予接種。二、過去注射曾經發生嚴重不良反應者，不予接種。接種注意事項一、 發燒或正患有急性中重疾病者，宜待病情穩定後再接種。二、 出生未滿6個月，因無使用效益及安全性等臨床資料，故不予接種。三、 先前接種本疫苗6週內曾發生Guillain-Barr? 症候群(GBS)者，宜請醫師評估。四、已知對「蛋」之蛋白質有嚴重過敏者，可在門/住診由熟悉處理過敏症狀之醫事人員提供接種，並於接種後觀察556分鐘，無不適症狀再離開。五、 其他經醫師評估不適合接種者，不予' \u0006",
        "twd97x": 295130.49,
        "twd97y": 2771324.58,
        "經度": 121.447278,
        "緯度": 25.049407
      }
    },
    {
      "type": "Feature",
      "geometry": {
        "type": "Point",
        "coordinates": [
          121.459622,
          25.043241
        ]
      },
      "properties": {
        "no": 131060029.0,
        "name": "台北醫院",
        "tel": "2276-5566分機2661",
        "address": "新北市新莊區思源路127號",
        "type": "區域醫院",
        "remark": "如要接種，請先致電詢問疫苗庫存",
        "reservation": "電話、現場",
        "own_expense": "是",
        "division": "家醫科",
        "notice": "接種禁忌一、已知對疫苗的成份有過敏者，不予接種。二、過去注射曾經發生嚴重不良反應者，不予接種。接種注意事項一、 發燒或正患有急性中重疾病者，宜待病情穩定後再接種。二、 出生未滿6個月，因無使用效益及安全性等臨床資料，故不予接種。三、 先前接種本疫苗6週內曾發生Guillain-Barr? 症候群(GBS)者，宜請醫師評估。四、已知對「蛋」之蛋白質有嚴重過敏者，可在門/住診由熟悉處理過敏症狀之醫事人員提供接種，並於接種後觀察557分鐘，無不適症狀再離開。五、 其他經醫師評估不適合接種者，不予' \u0006",
        "twd97x": 296378.37,
        "twd97y": 2770645.79,
        "經度": 121.459622,
        "緯度": 25.043241
      }
    },
    {
      "type": "Feature",
      "geometry": {
        "type": "Point",
        "coordinates": [
          121.446864,
          25.036754
        ]
      },
      "properties": {
        "no": 3530000000.0,
        "name": "巧兒親子診所",
        "tel": "2277-9263",
        "address": "新北市新莊區建中街92號",
        "type": "診所",
        "remark": "如要接種，請先致電詢問疫苗庫存",
        "reservation": "電話、現場",
        "own_expense": "是",
        "division": "兒科",
        "notice": "接種禁忌一、已知對疫苗的成份有過敏者，不予接種。二、過去注射曾經發生嚴重不良反應者，不予接種。接種注意事項一、 發燒或正患有急性中重疾病者，宜待病情穩定後再接種。二、 出生未滿6個月，因無使用效益及安全性等臨床資料，故不予接種。三、 先前接種本疫苗6週內曾發生Guillain-Barr? 症候群(GBS)者，宜請醫師評估。四、已知對「蛋」之蛋白質有嚴重過敏者，可在門/住診由熟悉處理過敏症狀之醫事人員提供接種，並於接種後觀察558分鐘，無不適症狀再離開。五、 其他經醫師評估不適合接種者，不予' \u0006",
        "twd97x": 295093.32,
        "twd97y": 2769922.98,
        "經度": 121.446864,
        "緯度": 25.036754
      }
    },
    {
      "type": "Feature",
      "geometry": {
        "type": "Point",
        "coordinates": [
          121.449431,
          25.03392
        ]
      },
      "properties": {
        "no": 3530000000.0,
        "name": "弘久診所",
        "tel": "2204-0904",
        "address": "新北市新莊區新泰路57號",
        "type": "診所",
        "remark": "如要接種，請先致電詢問疫苗庫存",
        "reservation": "現場",
        "own_expense": "是",
        "division": "內科",
        "notice": "接種禁忌一、已知對疫苗的成份有過敏者，不予接種。二、過去注射曾經發生嚴重不良反應者，不予接種。接種注意事項一、 發燒或正患有急性中重疾病者，宜待病情穩定後再接種。二、 出生未滿6個月，因無使用效益及安全性等臨床資料，故不予接種。三、 先前接種本疫苗6週內曾發生Guillain-Barr? 症候群(GBS)者，宜請醫師評估。四、已知對「蛋」之蛋白質有嚴重過敏者，可在門/住診由熟悉處理過敏症狀之醫事人員提供接種，並於接種後觀察559分鐘，無不適症狀再離開。五、 其他經醫師評估不適合接種者，不予' \u0006",
        "twd97x": 295353.41,
        "twd97y": 2769609.96,
        "經度": 121.449431,
        "緯度": 25.03392
      }
    },
    {
      "type": "Feature",
      "geometry": {
        "type": "Point",
        "coordinates": [
          121.448665,
          25.04295
        ]
      },
      "properties": {
        "no": 3530000000.0,
        "name": "禾欣診所",
        "tel": "8991-1091",
        "address": "新北市新莊區復興路一段91號",
        "type": "診所",
        "remark": "如要接種，請先致電詢問疫苗庫存",
        "reservation": "電話、現場",
        "own_expense": "是",
        "division": "家醫及幼兒科",
        "notice": "接種禁忌一、已知對疫苗的成份有過敏者，不予接種。二、過去注射曾經發生嚴重不良反應者，不予接種。接種注意事項一、 發燒或正患有急性中重疾病者，宜待病情穩定後再接種。二、 出生未滿6個月，因無使用效益及安全性等臨床資料，故不予接種。三、 先前接種本疫苗6週內曾發生Guillain-Barr? 症候群(GBS)者，宜請醫師評估。四、已知對「蛋」之蛋白質有嚴重過敏者，可在門/住診由熟悉處理過敏症狀之醫事人員提供接種，並於接種後觀察560分鐘，無不適症狀再離開。五、 其他經醫師評估不適合接種者，不予' \u0006",
        "twd97x": 295272.8,
        "twd97y": 2770609.89,
        "經度": 121.448665,
        "緯度": 25.04295
      }
    },
    {
      "type": "Feature",
      "geometry": {
        "type": "Point",
        "coordinates": [
          121.425561,
          25.022699
        ]
      },
      "properties": {
        "no": 3530000000.0,
        "name": "禾新耳鼻喉科",
        "tel": "2207-1315",
        "address": "新北市新莊區八德街3號",
        "type": "診所",
        "remark": "如要接種，請先致電詢問疫苗庫存",
        "reservation": "現場",
        "own_expense": "否",
        "division": "耳鼻喉科",
        "notice": "接種禁忌一、已知對疫苗的成份有過敏者，不予接種。二、過去注射曾經發生嚴重不良反應者，不予接種。接種注意事項一、 發燒或正患有急性中重疾病者，宜待病情穩定後再接種。二、 出生未滿6個月，因無使用效益及安全性等臨床資料，故不予接種。三、 先前接種本疫苗6週內曾發生Guillain-Barr? 症候群(GBS)者，宜請醫師評估。四、已知對「蛋」之蛋白質有嚴重過敏者，可在門/住診由熟悉處理過敏症狀之醫事人員提供接種，並於接種後觀察561分鐘，無不適症狀再離開。五、 其他經醫師評估不適合接種者，不予' \u0006",
        "twd97x": 292948.57,
        "twd97y": 2768359.24,
        "經度": 121.425561,
        "緯度": 25.022699
      }
    },
    {
      "type": "Feature",
      "geometry": {
        "type": "Point",
        "coordinates": [
          121.457777,
          25.051718
        ]
      },
      "properties": {
        "no": 3530000000.0,
        "name": "立安耳鼻喉科",
        "tel": "2993-3885",
        "address": "新北市新莊區福壽街134號",
        "type": "診所",
        "remark": "如要接種，請先致電詢問疫苗庫存",
        "reservation": "現場",
        "own_expense": "是",
        "division": "兒科",
        "notice": "接種禁忌一、已知對疫苗的成份有過敏者，不予接種。二、過去注射曾經發生嚴重不良反應者，不予接種。接種注意事項一、 發燒或正患有急性中重疾病者，宜待病情穩定後再接種。二、 出生未滿6個月，因無使用效益及安全性等臨床資料，故不予接種。三、 先前接種本疫苗6週內曾發生Guillain-Barr? 症候群(GBS)者，宜請醫師評估。四、已知對「蛋」之蛋白質有嚴重過敏者，可在門/住診由熟悉處理過敏症狀之醫事人員提供接種，並於接種後觀察562分鐘，無不適症狀再離開。五、 其他經醫師評估不適合接種者，不予' \u0006",
        "twd97x": 296188.97,
        "twd97y": 2771584.13,
        "經度": 121.457777,
        "緯度": 25.051718
      }
    },
    {
      "type": "Feature",
      "geometry": {
        "type": "Point",
        "coordinates": [
          121.425561,
          25.022699
        ]
      },
      "properties": {
        "no": 3530000000.0,
        "name": "合新診所",
        "tel": "2207-1315",
        "address": "新北市新莊區八德街3號",
        "type": "診所",
        "remark": "如要接種，請先致電詢問疫苗庫存",
        "reservation": "現場",
        "own_expense": "否",
        "division": "一般科",
        "notice": "接種禁忌一、已知對疫苗的成份有過敏者，不予接種。二、過去注射曾經發生嚴重不良反應者，不予接種。接種注意事項一、 發燒或正患有急性中重疾病者，宜待病情穩定後再接種。二、 出生未滿6個月，因無使用效益及安全性等臨床資料，故不予接種。三、 先前接種本疫苗6週內曾發生Guillain-Barr? 症候群(GBS)者，宜請醫師評估。四、已知對「蛋」之蛋白質有嚴重過敏者，可在門/住診由熟悉處理過敏症狀之醫事人員提供接種，並於接種後觀察563分鐘，無不適症狀再離開。五、 其他經醫師評估不適合接種者，不予' \u0006",
        "twd97x": 292948.57,
        "twd97y": 2768359.24,
        "經度": 121.425561,
        "緯度": 25.022699
      }
    },
    {
      "type": "Feature",
      "geometry": {
        "type": "Point",
        "coordinates": [
          121.452793,
          25.045263
        ]
      },
      "properties": {
        "no": 3530000000.0,
        "name": "安庚內科",
        "tel": "2277-9000",
        "address": "新北市新莊區中安街1號1樓",
        "type": "診所",
        "remark": "如要接種，請先致電詢問疫苗庫存",
        "reservation": "電話、現場",
        "own_expense": "否",
        "division": "內科",
        "notice": "接種禁忌一、已知對疫苗的成份有過敏者，不予接種。二、過去注射曾經發生嚴重不良反應者，不予接種。接種注意事項一、 發燒或正患有急性中重疾病者，宜待病情穩定後再接種。二、 出生未滿6個月，因無使用效益及安全性等臨床資料，故不予接種。三、 先前接種本疫苗6週內曾發生Guillain-Barr? 症候群(GBS)者，宜請醫師評估。四、已知對「蛋」之蛋白質有嚴重過敏者，可在門/住診由熟悉處理過敏症狀之醫事人員提供接種，並於接種後觀察564分鐘，無不適症狀再離開。五、 其他經醫師評估不適合接種者，不予' \u0006",
        "twd97x": 295688.48,
        "twd97y": 2770867.47,
        "經度": 121.452793,
        "緯度": 25.045263
      }
    },
    {
      "type": "Feature",
      "geometry": {
        "type": "Point",
        "coordinates": [
          121.458503,
          25.037556
        ]
      },
      "properties": {
        "no": 3530000000.0,
        "name": "安新診所",
        "tel": "8993-1172",
        "address": "新北市新莊區中正路145之22號",
        "type": "診所",
        "remark": "如要接種，請先致電詢問疫苗庫存",
        "reservation": "電話、現場",
        "own_expense": "否",
        "division": "內科",
        "notice": "接種禁忌一、已知對疫苗的成份有過敏者，不予接種。二、過去注射曾經發生嚴重不良反應者，不予接種。接種注意事項一、 發燒或正患有急性中重疾病者，宜待病情穩定後再接種。二、 出生未滿6個月，因無使用效益及安全性等臨床資料，故不予接種。三、 先前接種本疫苗6週內曾發生Guillain-Barr? 症候群(GBS)者，宜請醫師評估。四、已知對「蛋」之蛋白質有嚴重過敏者，可在門/住診由熟悉處理過敏症狀之醫事人員提供接種，並於接種後觀察565分鐘，無不適症狀再離開。五、 其他經醫師評估不適合接種者，不予' \u0006",
        "twd97x": 296267.62,
        "twd97y": 2770015.79,
        "經度": 121.458503,
        "緯度": 25.037556
      }
    },
    {
      "type": "Feature",
      "geometry": {
        "type": "Point",
        "coordinates": [
          121.458057,
          25.045544
        ]
      },
      "properties": {
        "no": 3530000000.0,
        "name": "自立診所",
        "tel": "8992-5770",
        "address": "新北市新莊區自立街231號",
        "type": "診所",
        "remark": "如要接種，請先致電詢問疫苗庫存",
        "reservation": "電話、現場",
        "own_expense": "是",
        "division": "外科",
        "notice": "接種禁忌一、已知對疫苗的成份有過敏者，不予接種。二、過去注射曾經發生嚴重不良反應者，不予接種。接種注意事項一、 發燒或正患有急性中重疾病者，宜待病情穩定後再接種。二、 出生未滿6個月，因無使用效益及安全性等臨床資料，故不予接種。三、 先前接種本疫苗6週內曾發生Guillain-Barr? 症候群(GBS)者，宜請醫師評估。四、已知對「蛋」之蛋白質有嚴重過敏者，可在門/住診由熟悉處理過敏症狀之醫事人員提供接種，並於接種後觀察566分鐘，無不適症狀再離開。五、 其他經醫師評估不適合接種者，不予' \u0006",
        "twd97x": 296219.59,
        "twd97y": 2770900.39,
        "經度": 121.458057,
        "緯度": 25.045544
      }
    },
    {
      "type": "Feature",
      "geometry": {
        "type": "Point",
        "coordinates": [
          121.417353,
          25.020892
        ]
      },
      "properties": {
        "no": 3530000000.0,
        "name": "至祥診所",
        "tel": "2904-7700",
        "address": "新北市新莊區龍安路78號",
        "type": "診所",
        "remark": "如要接種，請先致電詢問疫苗庫存",
        "reservation": "現場",
        "own_expense": "是",
        "division": "家醫科",
        "notice": "接種禁忌一、已知對疫苗的成份有過敏者，不予接種。二、過去注射曾經發生嚴重不良反應者，不予接種。接種注意事項一、 發燒或正患有急性中重疾病者，宜待病情穩定後再接種。二、 出生未滿6個月，因無使用效益及安全性等臨床資料，故不予接種。三、 先前接種本疫苗6週內曾發生Guillain-Barr? 症候群(GBS)者，宜請醫師評估。四、已知對「蛋」之蛋白質有嚴重過敏者，可在門/住診由熟悉處理過敏症狀之醫事人員提供接種，並於接種後觀察567分鐘，無不適症狀再離開。五、 其他經醫師評估不適合接種者，不予' \u0006",
        "twd97x": 292120.76,
        "twd97y": 2768156.56,
        "經度": 121.417353,
        "緯度": 25.020892
      }
    },
    {
      "type": "Feature",
      "geometry": {
        "type": "Point",
        "coordinates": [
          121.449431,
          25.03392
        ]
      },
      "properties": {
        "no": 3530000000.0,
        "name": "宏久診所",
        "tel": "2204-0904",
        "address": "新北市新莊區新泰路57號",
        "type": "診所",
        "remark": "如要接種，請先致電詢問疫苗庫存",
        "reservation": "現場",
        "own_expense": "是",
        "division": "耳鼻喉科",
        "notice": "接種禁忌一、已知對疫苗的成份有過敏者，不予接種。二、過去注射曾經發生嚴重不良反應者，不予接種。接種注意事項一、 發燒或正患有急性中重疾病者，宜待病情穩定後再接種。二、 出生未滿6個月，因無使用效益及安全性等臨床資料，故不予接種。三、 先前接種本疫苗6週內曾發生Guillain-Barr? 症候群(GBS)者，宜請醫師評估。四、已知對「蛋」之蛋白質有嚴重過敏者，可在門/住診由熟悉處理過敏症狀之醫事人員提供接種，並於接種後觀察568分鐘，無不適症狀再離開。五、 其他經醫師評估不適合接種者，不予' \u0006",
        "twd97x": 295353.41,
        "twd97y": 2769609.96,
        "經度": 121.449431,
        "緯度": 25.03392
      }
    },
    {
      "type": "Feature",
      "geometry": {
        "type": "Point",
        "coordinates": [
          121.417938,
          25.02629
        ]
      },
      "properties": {
        "no": 3530000000.0,
        "name": "宏祐診所",
        "tel": "2907-2150",
        "address": "新北市新莊區中正路879之3號",
        "type": "診所",
        "remark": "如要接種，請先致電詢問疫苗庫存",
        "reservation": "現場",
        "own_expense": "是",
        "division": "家醫科",
        "notice": "接種禁忌一、已知對疫苗的成份有過敏者，不予接種。二、過去注射曾經發生嚴重不良反應者，不予接種。接種注意事項一、 發燒或正患有急性中重疾病者，宜待病情穩定後再接種。二、 出生未滿6個月，因無使用效益及安全性等臨床資料，故不予接種。三、 先前接種本疫苗6週內曾發生Guillain-Barr? 症候群(GBS)者，宜請醫師評估。四、已知對「蛋」之蛋白質有嚴重過敏者，可在門/住診由熟悉處理過敏症狀之醫事人員提供接種，並於接種後觀察569分鐘，無不適症狀再離開。五、 其他經醫師評估不適合接種者，不予' \u0006",
        "twd97x": 292177.96,
        "twd97y": 2768754.61,
        "經度": 121.417938,
        "緯度": 25.02629
      }
    },
    {
      "type": "Feature",
      "geometry": {
        "type": "Point",
        "coordinates": [
          121.455647,
          25.049281
        ]
      },
      "properties": {
        "no": 3530000000.0,
        "name": "志安診所",
        "tel": "2276-9455",
        "address": "新北市新莊區幸福路521號",
        "type": "診所",
        "remark": "如要接種，請先致電詢問疫苗庫存",
        "reservation": "電話",
        "own_expense": "否",
        "division": "家醫科",
        "notice": "接種禁忌一、已知對疫苗的成份有過敏者，不予接種。二、過去注射曾經發生嚴重不良反應者，不予接種。接種注意事項一、 發燒或正患有急性中重疾病者，宜待病情穩定後再接種。二、 出生未滿6個月，因無使用效益及安全性等臨床資料，故不予接種。三、 先前接種本疫苗6週內曾發生Guillain-Barr? 症候群(GBS)者，宜請醫師評估。四、已知對「蛋」之蛋白質有嚴重過敏者，可在門/住診由熟悉處理過敏症狀之醫事人員提供接種，並於接種後觀察570分鐘，無不適症狀再離開。五、 其他經醫師評估不適合接種者，不予' \u0006",
        "twd97x": 295975.02,
        "twd97y": 2771313.48,
        "經度": 121.455647,
        "緯度": 25.049281
      }
    },
    {
      "type": "Feature",
      "geometry": {
        "type": "Point",
        "coordinates": [
          121.424745,
          25.02435
        ]
      },
      "properties": {
        "no": 3530000000.0,
        "name": "志銘小兒科診所",
        "tel": "2206-8999",
        "address": "新北市新莊區富國路200號1樓",
        "type": "診所",
        "remark": "如要接種，請先致電詢問疫苗庫存",
        "reservation": "電話",
        "own_expense": "是",
        "division": "兒科",
        "notice": "接種禁忌一、已知對疫苗的成份有過敏者，不予接種。二、過去注射曾經發生嚴重不良反應者，不予接種。接種注意事項一、 發燒或正患有急性中重疾病者，宜待病情穩定後再接種。二、 出生未滿6個月，因無使用效益及安全性等臨床資料，故不予接種。三、 先前接種本疫苗6週內曾發生Guillain-Barr? 症候群(GBS)者，宜請醫師評估。四、已知對「蛋」之蛋白質有嚴重過敏者，可在門/住診由熟悉處理過敏症狀之醫事人員提供接種，並於接種後觀察571分鐘，無不適症狀再離開。五、 其他經醫師評估不適合接種者，不予' \u0006",
        "twd97x": 292865.62,
        "twd97y": 2768541.88,
        "經度": 121.424745,
        "緯度": 25.02435
      }
    },
    {
      "type": "Feature",
      "geometry": {
        "type": "Point",
        "coordinates": [
          121.426305,
          25.02409
        ]
      },
      "properties": {
        "no": 3530000000.0,
        "name": "杏原診所",
        "tel": "2206-0223",
        "address": "新北市新莊區建安街113、115號",
        "type": "診所",
        "remark": "如要接種，請先致電詢問疫苗庫存",
        "reservation": "電話",
        "own_expense": "否",
        "division": "內科",
        "notice": "接種禁忌一、已知對疫苗的成份有過敏者，不予接種。二、過去注射曾經發生嚴重不良反應者，不予接種。接種注意事項一、 發燒或正患有急性中重疾病者，宜待病情穩定後再接種。二、 出生未滿6個月，因無使用效益及安全性等臨床資料，故不予接種。三、 先前接種本疫苗6週內曾發生Guillain-Barr? 症候群(GBS)者，宜請醫師評估。四、已知對「蛋」之蛋白質有嚴重過敏者，可在門/住診由熟悉處理過敏症狀之醫事人員提供接種，並於接種後觀察572分鐘，無不適症狀再離開。五、 其他經醫師評估不適合接種者，不予' \u0006",
        "twd97x": 293023.16,
        "twd97y": 2768513.61,
        "經度": 121.426305,
        "緯度": 25.02409
      }
    },
    {
      "type": "Feature",
      "geometry": {
        "type": "Point",
        "coordinates": [
          121.449261,
          25.034846
        ]
      },
      "properties": {
        "no": 3530000000.0,
        "name": "佳泰診所",
        "tel": "2994-5902",
        "address": "新北市新莊區新泰路62號",
        "type": "診所",
        "remark": "如要接種，請先致電詢問疫苗庫存",
        "reservation": "現場",
        "own_expense": "否",
        "division": "耳鼻喉科",
        "notice": "接種禁忌一、已知對疫苗的成份有過敏者，不予接種。二、過去注射曾經發生嚴重不良反應者，不予接種。接種注意事項一、 發燒或正患有急性中重疾病者，宜待病情穩定後再接種。二、 出生未滿6個月，因無使用效益及安全性等臨床資料，故不予接種。三、 先前接種本疫苗6週內曾發生Guillain-Barr? 症候群(GBS)者，宜請醫師評估。四、已知對「蛋」之蛋白質有嚴重過敏者，可在門/住診由熟悉處理過敏症狀之醫事人員提供接種，並於接種後觀察573分鐘，無不適症狀再離開。五、 其他經醫師評估不適合接種者，不予' \u0006",
        "twd97x": 295335.95,
        "twd97y": 2769712.5,
        "經度": 121.449261,
        "緯度": 25.034846
      }
    },
    {
      "type": "Feature",
      "geometry": {
        "type": "Point",
        "coordinates": [
          121.425561,
          25.022699
        ]
      },
      "properties": {
        "no": 3530000000.0,
        "name": "和新診所",
        "tel": "2207-1315",
        "address": "新北市新莊區八德街3號",
        "type": "診所",
        "remark": "如要接種，請先致電詢問疫苗庫存",
        "reservation": "現場",
        "own_expense": "否",
        "division": "一般科",
        "notice": "接種禁忌一、已知對疫苗的成份有過敏者，不予接種。二、過去注射曾經發生嚴重不良反應者，不予接種。接種注意事項一、 發燒或正患有急性中重疾病者，宜待病情穩定後再接種。二、 出生未滿6個月，因無使用效益及安全性等臨床資料，故不予接種。三、 先前接種本疫苗6週內曾發生Guillain-Barr? 症候群(GBS)者，宜請醫師評估。四、已知對「蛋」之蛋白質有嚴重過敏者，可在門/住診由熟悉處理過敏症狀之醫事人員提供接種，並於接種後觀察574分鐘，無不適症狀再離開。五、 其他經醫師評估不適合接種者，不予' \u0006",
        "twd97x": 292948.57,
        "twd97y": 2768359.24,
        "經度": 121.425561,
        "緯度": 25.022699
      }
    },
    {
      "type": "Feature",
      "geometry": {
        "type": "Point",
        "coordinates": [
          121.449206,
          25.049072
        ]
      },
      "properties": {
        "no": 3530000000.0,
        "name": "幸福小兒科",
        "tel": "2991-9474",
        "address": "新北市新莊區幸福路729號",
        "type": "診所",
        "remark": "如要接種，請先致電詢問疫苗庫存",
        "reservation": "電話",
        "own_expense": "是",
        "division": "兒科",
        "notice": "接種禁忌一、已知對疫苗的成份有過敏者，不予接種。二、過去注射曾經發生嚴重不良反應者，不予接種。接種注意事項一、 發燒或正患有急性中重疾病者，宜待病情穩定後再接種。二、 出生未滿6個月，因無使用效益及安全性等臨床資料，故不予接種。三、 先前接種本疫苗6週內曾發生Guillain-Barr? 症候群(GBS)者，宜請醫師評估。四、已知對「蛋」之蛋白質有嚴重過敏者，可在門/住診由熟悉處理過敏症狀之醫事人員提供接種，並於接種後觀察575分鐘，無不適症狀再離開。五、 其他經醫師評估不適合接種者，不予' \u0006",
        "twd97x": 295325.14,
        "twd97y": 2771288.19,
        "經度": 121.449206,
        "緯度": 25.049072
      }
    },
    {
      "type": "Feature",
      "geometry": {
        "type": "Point",
        "coordinates": [
          121.455436,
          25.049276
        ]
      },
      "properties": {
        "no": 3530000000.0,
        "name": "幸福呂耳鼻喉科",
        "tel": "2990-6923",
        "address": "新北市新莊區幸福路529號",
        "type": "診所",
        "remark": "如要接種，請先致電詢問疫苗庫存",
        "reservation": "電話、現場",
        "own_expense": "否",
        "division": "耳鼻喉科",
        "notice": "接種禁忌一、已知對疫苗的成份有過敏者，不予接種。二、過去注射曾經發生嚴重不良反應者，不予接種。接種注意事項一、 發燒或正患有急性中重疾病者，宜待病情穩定後再接種。二、 出生未滿6個月，因無使用效益及安全性等臨床資料，故不予接種。三、 先前接種本疫苗6週內曾發生Guillain-Barr? 症候群(GBS)者，宜請醫師評估。四、已知對「蛋」之蛋白質有嚴重過敏者，可在門/住診由熟悉處理過敏症狀之醫事人員提供接種，並於接種後觀察576分鐘，無不適症狀再離開。五、 其他經醫師評估不適合接種者，不予' \u0006",
        "twd97x": 295953.72,
        "twd97y": 2771312.82,
        "經度": 121.455436,
        "緯度": 25.049276
      }
    },
    {
      "type": "Feature",
      "geometry": {
        "type": "Point",
        "coordinates": [
          121.455026,
          25.052361
        ]
      },
      "properties": {
        "no": 3530000000.0,
        "name": "昌明耳鼻喉科",
        "tel": "8992-0100",
        "address": "新北市新莊區昌明街80號",
        "type": "診所",
        "remark": "如要接種，請先致電詢問疫苗庫存",
        "reservation": "電話、現場",
        "own_expense": "是",
        "division": "耳鼻喉科",
        "notice": "接種禁忌一、已知對疫苗的成份有過敏者，不予接種。二、過去注射曾經發生嚴重不良反應者，不予接種。接種注意事項一、 發燒或正患有急性中重疾病者，宜待病情穩定後再接種。二、 出生未滿6個月，因無使用效益及安全性等臨床資料，故不予接種。三、 先前接種本疫苗6週內曾發生Guillain-Barr? 症候群(GBS)者，宜請醫師評估。四、已知對「蛋」之蛋白質有嚴重過敏者，可在門/住診由熟悉處理過敏症狀之醫事人員提供接種，並於接種後觀察577分鐘，無不適症狀再離開。五、 其他經醫師評估不適合接種者，不予' \u0006",
        "twd97x": 295911.24,
        "twd97y": 2771654.39,
        "經度": 121.455026,
        "緯度": 25.052361
      }
    },
    {
      "type": "Feature",
      "geometry": {
        "type": "Point",
        "coordinates": [
          121.426423,
          25.024159
        ]
      },
      "properties": {
        "no": 3530000000.0,
        "name": "明新診所",
        "tel": "2204-3466",
        "address": "新北市新莊區建安街109號",
        "type": "診所",
        "remark": "如要接種，請先致電詢問疫苗庫存",
        "reservation": "電話、現場",
        "own_expense": "是",
        "division": "家醫科",
        "notice": "接種禁忌一、已知對疫苗的成份有過敏者，不予接種。二、過去注射曾經發生嚴重不良反應者，不予接種。接種注意事項一、 發燒或正患有急性中重疾病者，宜待病情穩定後再接種。二、 出生未滿6個月，因無使用效益及安全性等臨床資料，故不予接種。三、 先前接種本疫苗6週內曾發生Guillain-Barr? 症候群(GBS)者，宜請醫師評估。四、已知對「蛋」之蛋白質有嚴重過敏者，可在門/住診由熟悉處理過敏症狀之醫事人員提供接種，並於接種後觀察578分鐘，無不適症狀再離開。五、 其他經醫師評估不適合接種者，不予' \u0006",
        "twd97x": 293035.07,
        "twd97y": 2768521.28,
        "經度": 121.426423,
        "緯度": 25.024159
      }
    },
    {
      "type": "Feature",
      "geometry": {
        "type": "Point",
        "coordinates": [
          121.426062,
          25.01465
        ]
      },
      "properties": {
        "no": 3530000000.0,
        "name": "林定參診所",
        "tel": "2207-0390",
        "address": "新北市新莊區民安西路211號",
        "type": "診所",
        "remark": "如要接種，請先致電詢問疫苗庫存",
        "reservation": "電話、現場",
        "own_expense": "否",
        "division": "一般科",
        "notice": "接種禁忌一、已知對疫苗的成份有過敏者，不予接種。二、過去注射曾經發生嚴重不良反應者，不予接種。接種注意事項一、 發燒或正患有急性中重疾病者，宜待病情穩定後再接種。二、 出生未滿6個月，因無使用效益及安全性等臨床資料，故不予接種。三、 先前接種本疫苗6週內曾發生Guillain-Barr? 症候群(GBS)者，宜請醫師評估。四、已知對「蛋」之蛋白質有嚴重過敏者，可在門/住診由熟悉處理過敏症狀之醫事人員提供接種，並於接種後觀察579分鐘，無不適症狀再離開。五、 其他經醫師評估不適合接種者，不予' \u0006",
        "twd97x": 293001.88,
        "twd97y": 2767467.91,
        "經度": 121.426062,
        "緯度": 25.01465
      }
    },
    {
      "type": "Feature",
      "geometry": {
        "type": "Point",
        "coordinates": [
          121.42598,
          25.022591
        ]
      },
      "properties": {
        "no": 3530000000.0,
        "name": "林復森耳鼻喉科",
        "tel": "2201-1378",
        "address": "新北市新莊區民安路220號",
        "type": "診所",
        "remark": "如要接種，請先致電詢問疫苗庫存",
        "reservation": "電話、現場",
        "own_expense": "是",
        "division": "耳鼻喉科",
        "notice": "接種禁忌一、已知對疫苗的成份有過敏者，不予接種。二、過去注射曾經發生嚴重不良反應者，不予接種。接種注意事項一、 發燒或正患有急性中重疾病者，宜待病情穩定後再接種。二、 出生未滿6個月，因無使用效益及安全性等臨床資料，故不予接種。三、 先前接種本疫苗6週內曾發生Guillain-Barr? 症候群(GBS)者，宜請醫師評估。四、已知對「蛋」之蛋白質有嚴重過敏者，可在門/住診由熟悉處理過敏症狀之醫事人員提供接種，並於接種後觀察580分鐘，無不適症狀再離開。五、 其他經醫師評估不適合接種者，不予' \u0006",
        "twd97x": 292990.9,
        "twd97y": 2768347.47,
        "經度": 121.42598,
        "緯度": 25.022591
      }
    },
    {
      "type": "Feature",
      "geometry": {
        "type": "Point",
        "coordinates": [
          121.455225,
          25.054541
        ]
      },
      "properties": {
        "no": 3530000000.0,
        "name": "果仁小兒科",
        "tel": "8522-5828",
        "address": "新北市新莊區中原路146號",
        "type": "診所",
        "remark": "如要接種，請先致電詢問疫苗庫存",
        "reservation": "現場",
        "own_expense": "是",
        "division": "兒科",
        "notice": "接種禁忌一、已知對疫苗的成份有過敏者，不予接種。二、過去注射曾經發生嚴重不良反應者，不予接種。接種注意事項一、 發燒或正患有急性中重疾病者，宜待病情穩定後再接種。二、 出生未滿6個月，因無使用效益及安全性等臨床資料，故不予接種。三、 先前接種本疫苗6週內曾發生Guillain-Barr? 症候群(GBS)者，宜請醫師評估。四、已知對「蛋」之蛋白質有嚴重過敏者，可在門/住診由熟悉處理過敏症狀之醫事人員提供接種，並於接種後觀察581分鐘，無不適症狀再離開。五、 其他經醫師評估不適合接種者，不予' \u0006",
        "twd97x": 295930.43,
        "twd97y": 2771896.0,
        "經度": 121.455225,
        "緯度": 25.054541
      }
    },
    {
      "type": "Feature",
      "geometry": {
        "type": "Point",
        "coordinates": [
          121.425246,
          25.024046
        ]
      },
      "properties": {
        "no": 3530000000.0,
        "name": "邱欽斌小兒科診所",
        "tel": "2205-0717",
        "address": "新北市新莊區民安路141號",
        "type": "診所",
        "remark": "如要接種，請先致電詢問疫苗庫存",
        "reservation": "電話、現場",
        "own_expense": "是",
        "division": "兒科",
        "notice": "接種禁忌一、已知對疫苗的成份有過敏者，不予接種。二、過去注射曾經發生嚴重不良反應者，不予接種。接種注意事項一、 發燒或正患有急性中重疾病者，宜待病情穩定後再接種。二、 出生未滿6個月，因無使用效益及安全性等臨床資料，故不予接種。三、 先前接種本疫苗6週內曾發生Guillain-Barr? 症候群(GBS)者，宜請醫師評估。四、已知對「蛋」之蛋白質有嚴重過敏者，可在門/住診由熟悉處理過敏症狀之醫事人員提供接種，並於接種後觀察582分鐘，無不適症狀再離開。五、 其他經醫師評估不適合接種者，不予' \u0006",
        "twd97x": 292916.32,
        "twd97y": 2768508.42,
        "經度": 121.425246,
        "緯度": 25.024046
      }
    },
    {
      "type": "Feature",
      "geometry": {
        "type": "Point",
        "coordinates": [
          121.444859,
          25.043983
        ]
      },
      "properties": {
        "no": 3530000000.0,
        "name": "青青診所",
        "tel": "2998-0055",
        "address": "新北市新莊區中平路50號",
        "type": "診所",
        "remark": "如要接種，請先致電詢問疫苗庫存",
        "reservation": "現場",
        "own_expense": "是",
        "division": "一般科",
        "notice": "接種禁忌一、已知對疫苗的成份有過敏者，不予接種。二、過去注射曾經發生嚴重不良反應者，不予接種。接種注意事項一、 發燒或正患有急性中重疾病者，宜待病情穩定後再接種。二、 出生未滿6個月，因無使用效益及安全性等臨床資料，故不予接種。三、 先前接種本疫苗6週內曾發生Guillain-Barr? 症候群(GBS)者，宜請醫師評估。四、已知對「蛋」之蛋白質有嚴重過敏者，可在門/住診由熟悉處理過敏症狀之醫事人員提供接種，並於接種後觀察583分鐘，無不適症狀再離開。五、 其他經醫師評估不適合接種者，不予' \u0006",
        "twd97x": 294888.46,
        "twd97y": 2770723.08,
        "經度": 121.444859,
        "緯度": 25.043983
      }
    },
    {
      "type": "Feature",
      "geometry": {
        "type": "Point",
        "coordinates": [
          121.451346,
          25.048119
        ]
      },
      "properties": {
        "no": 3530000000.0,
        "name": "建嘉小兒診所",
        "tel": "2992-5105",
        "address": "新北市新莊區中誠街40號",
        "type": "診所",
        "remark": "如要接種，請先致電詢問疫苗庫存",
        "reservation": "電話、現場",
        "own_expense": "是",
        "division": "兒科",
        "notice": "接種禁忌一、已知對疫苗的成份有過敏者，不予接種。二、過去注射曾經發生嚴重不良反應者，不予接種。接種注意事項一、 發燒或正患有急性中重疾病者，宜待病情穩定後再接種。二、 出生未滿6個月，因無使用效益及安全性等臨床資料，故不予接種。三、 先前接種本疫苗6週內曾發生Guillain-Barr? 症候群(GBS)者，宜請醫師評估。四、已知對「蛋」之蛋白質有嚴重過敏者，可在門/住診由熟悉處理過敏症狀之醫事人員提供接種，並於接種後觀察584分鐘，無不適症狀再離開。五、 其他經醫師評估不適合接種者，不予' \u0006",
        "twd97x": 295541.42,
        "twd97y": 2771183.34,
        "經度": 121.451346,
        "緯度": 25.048119
      }
    },
    {
      "type": "Feature",
      "geometry": {
        "type": "Point",
        "coordinates": [
          121.460208,
          25.043831
        ]
      },
      "properties": {
        "no": 3530000000.0,
        "name": "思原內科診所",
        "tel": "2997-0615",
        "address": "新北市新莊區思源路48號2樓",
        "type": "診所",
        "remark": "如要接種，請先致電詢問疫苗庫存",
        "reservation": "現場",
        "own_expense": "否",
        "division": "洗腎中心",
        "notice": "接種禁忌一、已知對疫苗的成份有過敏者，不予接種。二、過去注射曾經發生嚴重不良反應者，不予接種。接種注意事項一、 發燒或正患有急性中重疾病者，宜待病情穩定後再接種。二、 出生未滿6個月，因無使用效益及安全性等臨床資料，故不予接種。三、 先前接種本疫苗6週內曾發生Guillain-Barr? 症候群(GBS)者，宜請醫師評估。四、已知對「蛋」之蛋白質有嚴重過敏者，可在門/住診由熟悉處理過敏症狀之醫事人員提供接種，並於接種後觀察585分鐘，無不適症狀再離開。五、 其他經醫師評估不適合接種者，不予' \u0006",
        "twd97x": 296437.24,
        "twd97y": 2770711.41,
        "經度": 121.460208,
        "緯度": 25.043831
      }
    },
    {
      "type": "Feature",
      "geometry": {
        "type": "Point",
        "coordinates": [
          121.45672,
          25.045395
        ]
      },
      "properties": {
        "no": 3530000000.0,
        "name": "思賢診所",
        "tel": "2992-3806",
        "address": "新北市新莊區自立街200號",
        "type": "診所",
        "remark": "如要接種，請先致電詢問疫苗庫存",
        "reservation": "現場",
        "own_expense": "是",
        "division": "兒科",
        "notice": "接種禁忌一、已知對疫苗的成份有過敏者，不予接種。二、過去注射曾經發生嚴重不良反應者，不予接種。接種注意事項一、 發燒或正患有急性中重疾病者，宜待病情穩定後再接種。二、 出生未滿6個月，因無使用效益及安全性等臨床資料，故不予接種。三、 先前接種本疫苗6週內曾發生Guillain-Barr? 症候群(GBS)者，宜請醫師評估。四、已知對「蛋」之蛋白質有嚴重過敏者，可在門/住診由熟悉處理過敏症狀之醫事人員提供接種，並於接種後觀察586分鐘，無不適症狀再離開。五、 其他經醫師評估不適合接種者，不予' \u0006",
        "twd97x": 296084.73,
        "twd97y": 2770883.45,
        "經度": 121.45672,
        "緯度": 25.045395
      }
    },
    {
      "type": "Feature",
      "geometry": {
        "type": "Point",
        "coordinates": [
          121.422152,
          25.019188
        ]
      },
      "properties": {
        "no": 3530000000.0,
        "name": "春詠診所",
        "tel": "2203-3355",
        "address": "新北市新莊區龍安路278巷2號",
        "type": "診所",
        "remark": "如要接種，請先致電詢問疫苗庫存",
        "reservation": "電話、現場",
        "own_expense": "是",
        "division": "家醫及兒科",
        "notice": "接種禁忌一、已知對疫苗的成份有過敏者，不予接種。二、過去注射曾經發生嚴重不良反應者，不予接種。接種注意事項一、 發燒或正患有急性中重疾病者，宜待病情穩定後再接種。二、 出生未滿6個月，因無使用效益及安全性等臨床資料，故不予接種。三、 先前接種本疫苗6週內曾發生Guillain-Barr? 症候群(GBS)者，宜請醫師評估。四、已知對「蛋」之蛋白質有嚴重過敏者，可在門/住診由熟悉處理過敏症狀之醫事人員提供接種，並於接種後觀察587分鐘，無不適症狀再離開。五、 其他經醫師評估不適合接種者，不予' \u0006",
        "twd97x": 292605.72,
        "twd97y": 2767969.27,
        "經度": 121.422152,
        "緯度": 25.019188
      }
    },
    {
      "type": "Feature",
      "geometry": {
        "type": "Point",
        "coordinates": [
          121.458185,
          25.049428
        ]
      },
      "properties": {
        "no": 3530000000.0,
        "name": "家貞診所",
        "tel": "2994-2300",
        "address": "新北市新莊區福壽街67號",
        "type": "診所",
        "remark": "如要接種，請先致電詢問疫苗庫存",
        "reservation": "現場",
        "own_expense": "是",
        "division": "耳鼻喉科",
        "notice": "接種禁忌一、已知對疫苗的成份有過敏者，不予接種。二、過去注射曾經發生嚴重不良反應者，不予接種。接種注意事項一、 發燒或正患有急性中重疾病者，宜待病情穩定後再接種。二、 出生未滿6個月，因無使用效益及安全性等臨床資料，故不予接種。三、 先前接種本疫苗6週內曾發生Guillain-Barr? 症候群(GBS)者，宜請醫師評估。四、已知對「蛋」之蛋白質有嚴重過敏者，可在門/住診由熟悉處理過敏症狀之醫事人員提供接種，並於接種後觀察588分鐘，無不適症狀再離開。五、 其他經醫師評估不適合接種者，不予' \u0006",
        "twd97x": 296231.02,
        "twd97y": 2771330.59,
        "經度": 121.458185,
        "緯度": 25.049428
      }
    },
    {
      "type": "Feature",
      "geometry": {
        "type": "Point",
        "coordinates": [
          121.458185,
          25.049428
        ]
      },
      "properties": {
        "no": 3530000000.0,
        "name": "家慈診所",
        "tel": "2994-2300",
        "address": "新北市新莊區福壽街67號",
        "type": "診所",
        "remark": "如要接種，請先致電詢問疫苗庫存",
        "reservation": "現場",
        "own_expense": "是",
        "division": "耳鼻喉科",
        "notice": "接種禁忌一、已知對疫苗的成份有過敏者，不予接種。二、過去注射曾經發生嚴重不良反應者，不予接種。接種注意事項一、 發燒或正患有急性中重疾病者，宜待病情穩定後再接種。二、 出生未滿6個月，因無使用效益及安全性等臨床資料，故不予接種。三、 先前接種本疫苗6週內曾發生Guillain-Barr? 症候群(GBS)者，宜請醫師評估。四、已知對「蛋」之蛋白質有嚴重過敏者，可在門/住診由熟悉處理過敏症狀之醫事人員提供接種，並於接種後觀察589分鐘，無不適症狀再離開。五、 其他經醫師評估不適合接種者，不予' \u0006",
        "twd97x": 296231.02,
        "twd97y": 2771330.59,
        "經度": 121.458185,
        "緯度": 25.049428
      }
    },
    {
      "type": "Feature",
      "geometry": {
        "type": "Point",
        "coordinates": [
          121.458185,
          25.049428
        ]
      },
      "properties": {
        "no": 3530000000.0,
        "name": "家福診所",
        "tel": "2994-2300",
        "address": "新北市新莊區福壽街67號",
        "type": "診所",
        "remark": "如要接種，請先致電詢問疫苗庫存",
        "reservation": "現場",
        "own_expense": "是",
        "division": "耳鼻喉科",
        "notice": "接種禁忌一、已知對疫苗的成份有過敏者，不予接種。二、過去注射曾經發生嚴重不良反應者，不予接種。接種注意事項一、 發燒或正患有急性中重疾病者，宜待病情穩定後再接種。二、 出生未滿6個月，因無使用效益及安全性等臨床資料，故不予接種。三、 先前接種本疫苗6週內曾發生Guillain-Barr? 症候群(GBS)者，宜請醫師評估。四、已知對「蛋」之蛋白質有嚴重過敏者，可在門/住診由熟悉處理過敏症狀之醫事人員提供接種，並於接種後觀察590分鐘，無不適症狀再離開。五、 其他經醫師評估不適合接種者，不予' \u0006",
        "twd97x": 296231.02,
        "twd97y": 2771330.59,
        "經度": 121.458185,
        "緯度": 25.049428
      }
    },
    {
      "type": "Feature",
      "geometry": {
        "type": "Point",
        "coordinates": [
          121.426185,
          25.026506
        ]
      },
      "properties": {
        "no": 3531065669.0,
        "name": "恩典診所",
        "tel": "2207-2001",
        "address": "新北市新莊區後港一路55號1樓",
        "type": "診所",
        "remark": "如要接種，請先致電詢問疫苗庫存",
        "reservation": "電話、現場",
        "own_expense": "是",
        "division": "一般科",
        "notice": "接種禁忌一、已知對疫苗的成份有過敏者，不予接種。二、過去注射曾經發生嚴重不良反應者，不予接種。接種注意事項一、 發燒或正患有急性中重疾病者，宜待病情穩定後再接種。二、 出生未滿6個月，因無使用效益及安全性等臨床資料，故不予接種。三、 先前接種本疫苗6週內曾發生Guillain-Barr? 症候群(GBS)者，宜請醫師評估。四、已知對「蛋」之蛋白質有嚴重過敏者，可在門/住診由熟悉處理過敏症狀之醫事人員提供接種，並於接種後觀察591分鐘，無不適症狀再離開。五、 其他經醫師評估不適合接種者，不予' \u0006",
        "twd97x": 293010.22,
        "twd97y": 2768781.12,
        "經度": 121.426185,
        "緯度": 25.026506
      }
    },
    {
      "type": "Feature",
      "geometry": {
        "type": "Point",
        "coordinates": [
          121.417777,
          25.026897
        ]
      },
      "properties": {
        "no": 3530000000.0,
        "name": "晉安診所",
        "tel": "2906-1510",
        "address": "新北市新莊區中正路700之24號",
        "type": "診所",
        "remark": "如要接種，請先致電詢問疫苗庫存",
        "reservation": "電話、現場",
        "own_expense": "是",
        "division": "家醫科",
        "notice": "接種禁忌一、已知對疫苗的成份有過敏者，不予接種。二、過去注射曾經發生嚴重不良反應者，不予接種。接種注意事項一、 發燒或正患有急性中重疾病者，宜待病情穩定後再接種。二、 出生未滿6個月，因無使用效益及安全性等臨床資料，故不予接種。三、 先前接種本疫苗6週內曾發生Guillain-Barr? 症候群(GBS)者，宜請醫師評估。四、已知對「蛋」之蛋白質有嚴重過敏者，可在門/住診由熟悉處理過敏症狀之醫事人員提供接種，並於接種後觀察592分鐘，無不適症狀再離開。五、 其他經醫師評估不適合接種者，不予' \u0006",
        "twd97x": 292161.49,
        "twd97y": 2768821.84,
        "經度": 121.417777,
        "緯度": 25.026897
      }
    },
    {
      "type": "Feature",
      "geometry": {
        "type": "Point",
        "coordinates": [
          121.455215,
          25.040087
        ]
      },
      "properties": {
        "no": 1530000000.0,
        "name": "益民醫院",
        "tel": "8991-1050＃201",
        "address": "新北市新莊區中港路127號",
        "type": "地區醫院",
        "remark": "如要接種，請先致電詢問疫苗庫存",
        "reservation": "現場",
        "own_expense": "否",
        "division": "內科",
        "notice": "接種禁忌一、已知對疫苗的成份有過敏者，不予接種。二、過去注射曾經發生嚴重不良反應者，不予接種。接種注意事項一、 發燒或正患有急性中重疾病者，宜待病情穩定後再接種。二、 出生未滿6個月，因無使用效益及安全性等臨床資料，故不予接種。三、 先前接種本疫苗6週內曾發生Guillain-Barr? 症候群(GBS)者，宜請醫師評估。四、已知對「蛋」之蛋白質有嚴重過敏者，可在門/住診由熟悉處理過敏症狀之醫事人員提供接種，並於接種後觀察593分鐘，無不適症狀再離開。五、 其他經醫師評估不適合接種者，不予' \u0006",
        "twd97x": 295934.89,
        "twd97y": 2770294.96,
        "經度": 121.455215,
        "緯度": 25.040087
      }
    },
    {
      "type": "Feature",
      "geometry": {
        "type": "Point",
        "coordinates": [
          121.427047,
          25.021358
        ]
      },
      "properties": {
        "no": 3530000000.0,
        "name": "祐幼小兒科",
        "tel": "2203-0993",
        "address": "新北市新莊區民安西路21號",
        "type": "診所",
        "remark": "如要接種，請先致電詢問疫苗庫存",
        "reservation": "電話、現場",
        "own_expense": "是",
        "division": "兒科",
        "notice": "接種禁忌一、已知對疫苗的成份有過敏者，不予接種。二、過去注射曾經發生嚴重不良反應者，不予接種。接種注意事項一、 發燒或正患有急性中重疾病者，宜待病情穩定後再接種。二、 出生未滿6個月，因無使用效益及安全性等臨床資料，故不予接種。三、 先前接種本疫苗6週內曾發生Guillain-Barr? 症候群(GBS)者，宜請醫師評估。四、已知對「蛋」之蛋白質有嚴重過敏者，可在門/住診由熟悉處理過敏症狀之醫事人員提供接種，並於接種後觀察594分鐘，無不適症狀再離開。五、 其他經醫師評估不適合接種者，不予' \u0006",
        "twd97x": 293098.99,
        "twd97y": 2768211.25,
        "經度": 121.427047,
        "緯度": 25.021358
      }
    },
    {
      "type": "Feature",
      "geometry": {
        "type": "Point",
        "coordinates": [
          121.414759,
          25.029744
        ]
      },
      "properties": {
        "no": 3530000000.0,
        "name": "軒禾診所",
        "tel": "2906-6999",
        "address": "新北市新莊區天祥街114號",
        "type": "診所",
        "remark": "如要接種，請先致電詢問疫苗庫存",
        "reservation": "電話、現場",
        "own_expense": "是",
        "division": "家醫科",
        "notice": "接種禁忌一、已知對疫苗的成份有過敏者，不予接種。二、過去注射曾經發生嚴重不良反應者，不予接種。接種注意事項一、 發燒或正患有急性中重疾病者，宜待病情穩定後再接種。二、 出生未滿6個月，因無使用效益及安全性等臨床資料，故不予接種。三、 先前接種本疫苗6週內曾發生Guillain-Barr? 症候群(GBS)者，宜請醫師評估。四、已知對「蛋」之蛋白質有嚴重過敏者，可在門/住診由熟悉處理過敏症狀之醫事人員提供接種，並於接種後觀察595分鐘，無不適症狀再離開。五、 其他經醫師評估不適合接種者，不予' \u0006",
        "twd97x": 291855.93,
        "twd97y": 2769136.22,
        "經度": 121.414759,
        "緯度": 25.029744
      }
    },
    {
      "type": "Feature",
      "geometry": {
        "type": "Point",
        "coordinates": [
          121.418439,
          25.026587
        ]
      },
      "properties": {
        "no": 3530000000.0,
        "name": "軒琪耳鼻喉科",
        "tel": "2907-2366",
        "address": "新北市新莊區富國路15號",
        "type": "診所",
        "remark": "如要接種，請先致電詢問疫苗庫存",
        "reservation": "現場",
        "own_expense": "是",
        "division": "家醫科",
        "notice": "接種禁忌一、已知對疫苗的成份有過敏者，不予接種。二、過去注射曾經發生嚴重不良反應者，不予接種。接種注意事項一、 發燒或正患有急性中重疾病者，宜待病情穩定後再接種。二、 出生未滿6個月，因無使用效益及安全性等臨床資料，故不予接種。三、 先前接種本疫苗6週內曾發生Guillain-Barr? 症候群(GBS)者，宜請醫師評估。四、已知對「蛋」之蛋白質有嚴重過敏者，可在門/住診由熟悉處理過敏症狀之醫事人員提供接種，並於接種後觀察596分鐘，無不適症狀再離開。五、 其他經醫師評估不適合接種者，不予' \u0006",
        "twd97x": 292228.39,
        "twd97y": 2768787.73,
        "經度": 121.418439,
        "緯度": 25.026587
      }
    },
    {
      "type": "Feature",
      "geometry": {
        "type": "Point",
        "coordinates": [
          121.454683,
          25.052979
        ]
      },
      "properties": {
        "no": 3530000000.0,
        "name": "健佑診所",
        "tel": "2990-0713",
        "address": "新北市新莊區昌平街55號",
        "type": "診所",
        "remark": "如要接種，請先致電詢問疫苗庫存",
        "reservation": "現場",
        "own_expense": "否",
        "division": "家醫科",
        "notice": "接種禁忌一、已知對疫苗的成份有過敏者，不予接種。二、過去注射曾經發生嚴重不良反應者，不予接種。接種注意事項一、 發燒或正患有急性中重疾病者，宜待病情穩定後再接種。二、 出生未滿6個月，因無使用效益及安全性等臨床資料，故不予接種。三、 先前接種本疫苗6週內曾發生Guillain-Barr? 症候群(GBS)者，宜請醫師評估。四、已知對「蛋」之蛋白質有嚴重過敏者，可在門/住診由熟悉處理過敏症狀之醫事人員提供接種，並於接種後觀察597分鐘，無不適症狀再離開。五、 其他經醫師評估不適合接種者，不予' \u0006",
        "twd97x": 295876.38,
        "twd97y": 2771722.81,
        "經度": 121.454683,
        "緯度": 25.052979
      }
    },
    {
      "type": "Feature",
      "geometry": {
        "type": "Point",
        "coordinates": [
          121.4188,
          25.026479
        ]
      },
      "properties": {
        "no": 3530000000.0,
        "name": "康熙診所",
        "tel": "2903-1028",
        "address": "新北市新莊區富國路27號",
        "type": "診所",
        "remark": "如要接種，請先致電詢問疫苗庫存",
        "reservation": "電話、現場",
        "own_expense": "是",
        "division": "家醫科",
        "notice": "接種禁忌一、已知對疫苗的成份有過敏者，不予接種。二、過去注射曾經發生嚴重不良反應者，不予接種。接種注意事項一、 發燒或正患有急性中重疾病者，宜待病情穩定後再接種。二、 出生未滿6個月，因無使用效益及安全性等臨床資料，故不予接種。三、 先前接種本疫苗6週內曾發生Guillain-Barr? 症候群(GBS)者，宜請醫師評估。四、已知對「蛋」之蛋白質有嚴重過敏者，可在門/住診由熟悉處理過敏症狀之醫事人員提供接種，並於接種後觀察598分鐘，無不適症狀再離開。五、 其他經醫師評估不適合接種者，不予' \u0006",
        "twd97x": 292264.9,
        "twd97y": 2768775.83,
        "經度": 121.4188,
        "緯度": 25.026479
      }
    },
    {
      "type": "Feature",
      "geometry": {
        "type": "Point",
        "coordinates": [
          121.446797,
          25.052856
        ]
      },
      "properties": {
        "no": 3530000000.0,
        "name": "張博堯診所",
        "tel": "2998-6665",
        "address": "新北市新莊區中榮街116號",
        "type": "診所",
        "remark": "如要接種，請先致電詢問疫苗庫存",
        "reservation": "電話、現場",
        "own_expense": "是",
        "division": "兒科",
        "notice": "接種禁忌一、已知對疫苗的成份有過敏者，不予接種。二、過去注射曾經發生嚴重不良反應者，不予接種。接種注意事項一、 發燒或正患有急性中重疾病者，宜待病情穩定後再接種。二、 出生未滿6個月，因無使用效益及安全性等臨床資料，故不予接種。三、 先前接種本疫苗6週內曾發生Guillain-Barr? 症候群(GBS)者，宜請醫師評估。四、已知對「蛋」之蛋白質有嚴重過敏者，可在門/住診由熟悉處理過敏症狀之醫事人員提供接種，並於接種後觀察599分鐘，無不適症狀再離開。五、 其他經醫師評估不適合接種者，不予' \u0006",
        "twd97x": 295080.76,
        "twd97y": 2771706.54,
        "經度": 121.446797,
        "緯度": 25.052856
      }
    },
    {
      "type": "Feature",
      "geometry": {
        "type": "Point",
        "coordinates": [
          121.427816,
          25.026831
        ]
      },
      "properties": {
        "no": 3530000000.0,
        "name": "陳世昌婦產科",
        "tel": "2206-6020",
        "address": "新北市新莊區後港一路98號、100號",
        "type": "診所",
        "remark": "如要接種，請先致電詢問疫苗庫存",
        "reservation": "電話、現場",
        "own_expense": "否",
        "division": "婦產及家醫科",
        "notice": "接種禁忌一、已知對疫苗的成份有過敏者，不予接種。二、過去注射曾經發生嚴重不良反應者，不予接種。接種注意事項一、 發燒或正患有急性中重疾病者，宜待病情穩定後再接種。二、 出生未滿6個月，因無使用效益及安全性等臨床資料，故不予接種。三、 先前接種本疫苗6週內曾發生Guillain-Barr? 症候群(GBS)者，宜請醫師評估。四、已知對「蛋」之蛋白質有嚴重過敏者，可在門/住診由熟悉處理過敏症狀之醫事人員提供接種，並於接種後觀察600分鐘，無不適症狀再離開。五、 其他經醫師評估不適合接種者，不予' \u0006",
        "twd97x": 293174.63,
        "twd97y": 2768817.64,
        "經度": 121.427816,
        "緯度": 25.026831
      }
    },
    {
      "type": "Feature",
      "geometry": {
        "type": "Point",
        "coordinates": [
          121.453428,
          25.049198
        ]
      },
      "properties": {
        "no": 3530000000.0,
        "name": "陳鼎輔診所",
        "tel": "2998-8528",
        "address": "新北市新莊區幸福路595號",
        "type": "診所",
        "remark": "如要接種，請先致電詢問疫苗庫存",
        "reservation": "電話、現場",
        "own_expense": "是",
        "division": "一般科",
        "notice": "接種禁忌一、已知對疫苗的成份有過敏者，不予接種。二、過去注射曾經發生嚴重不良反應者，不予接種。接種注意事項一、 發燒或正患有急性中重疾病者，宜待病情穩定後再接種。二、 出生未滿6個月，因無使用效益及安全性等臨床資料，故不予接種。三、 先前接種本疫苗6週內曾發生Guillain-Barr? 症候群(GBS)者，宜請醫師評估。四、已知對「蛋」之蛋白質有嚴重過敏者，可在門/住診由熟悉處理過敏症狀之醫事人員提供接種，並於接種後觀察601分鐘，無不適症狀再離開。五、 其他經醫師評估不適合接種者，不予' \u0006",
        "twd97x": 295751.18,
        "twd97y": 2771303.56,
        "經度": 121.453428,
        "緯度": 25.049198
      }
    },
    {
      "type": "Feature",
      "geometry": {
        "type": "Point",
        "coordinates": [
          121.447499,
          25.037004
        ]
      },
      "properties": {
        "no": 3530000000.0,
        "name": "惠欣婦產科小兒科",
        "tel": "2990-2299",
        "address": "新北市新莊區建中街72之1號",
        "type": "診所",
        "remark": "如要接種，請先致電詢問疫苗庫存",
        "reservation": "電話、現場",
        "own_expense": "是",
        "division": "婦兒科",
        "notice": "接種禁忌一、已知對疫苗的成份有過敏者，不予接種。二、過去注射曾經發生嚴重不良反應者，不予接種。接種注意事項一、 發燒或正患有急性中重疾病者，宜待病情穩定後再接種。二、 出生未滿6個月，因無使用效益及安全性等臨床資料，故不予接種。三、 先前接種本疫苗6週內曾發生Guillain-Barr? 症候群(GBS)者，宜請醫師評估。四、已知對「蛋」之蛋白質有嚴重過敏者，可在門/住診由熟悉處理過敏症狀之醫事人員提供接種，並於接種後觀察602分鐘，無不適症狀再離開。五、 其他經醫師評估不適合接種者，不予' \u0006",
        "twd97x": 295157.35,
        "twd97y": 2769950.89,
        "經度": 121.447499,
        "緯度": 25.037004
      }
    },
    {
      "type": "Feature",
      "geometry": {
        "type": "Point",
        "coordinates": [
          121.424932,
          25.018564
        ]
      },
      "properties": {
        "no": 3530000000.0,
        "name": "隆安診所",
        "tel": "2205-6955",
        "address": "新北市新莊區龍安路465號",
        "type": "診所",
        "remark": "如要接種，請先致電詢問疫苗庫存",
        "reservation": "電話、現場",
        "own_expense": "是",
        "division": "內科",
        "notice": "接種禁忌一、已知對疫苗的成份有過敏者，不予接種。二、過去注射曾經發生嚴重不良反應者，不予接種。接種注意事項一、 發燒或正患有急性中重疾病者，宜待病情穩定後再接種。二、 出生未滿6個月，因無使用效益及安全性等臨床資料，故不予接種。三、 先前接種本疫苗6週內曾發生Guillain-Barr? 症候群(GBS)者，宜請醫師評估。四、已知對「蛋」之蛋白質有嚴重過敏者，可在門/住診由熟悉處理過敏症狀之醫事人員提供接種，並於接種後觀察603分鐘，無不適症狀再離開。五、 其他經醫師評估不適合接種者，不予' \u0006",
        "twd97x": 292886.54,
        "twd97y": 2767901.06,
        "經度": 121.424932,
        "緯度": 25.018564
      }
    },
    {
      "type": "Feature",
      "geometry": {
        "type": "Point",
        "coordinates": [
          121.445514,
          25.034522
        ]
      },
      "properties": {
        "no": 931060016.0,
        "name": "新仁醫療社團法人  新仁醫院",
        "tel": "2201-7212",
        "address": "新北市新莊區中正路395號",
        "type": "地區醫院",
        "remark": "如要接種，請先致電詢問疫苗庫存",
        "reservation": "現場",
        "own_expense": "否",
        "division": "內外.復健科.腎臟科.泌尿科",
        "notice": "接種禁忌一、已知對疫苗的成份有過敏者，不予接種。二、過去注射曾經發生嚴重不良反應者，不予接種。接種注意事項一、 發燒或正患有急性中重疾病者，宜待病情穩定後再接種。二、 出生未滿6個月，因無使用效益及安全性等臨床資料，故不予接種。三、 先前接種本疫苗6週內曾發生Guillain-Barr? 症候群(GBS)者，宜請醫師評估。四、已知對「蛋」之蛋白質有嚴重過敏者，可在門/住診由熟悉處理過敏症狀之醫事人員提供接種，並於接種後觀察604分鐘，無不適症狀再離開。五、 其他經醫師評估不適合接種者，不予' \u0006",
        "twd97x": 294957.94,
        "twd97y": 2769675.35,
        "經度": 121.445514,
        "緯度": 25.034522
      }
    },
    {
      "type": "Feature",
      "geometry": {
        "type": "Point",
        "coordinates": [
          121.457171,
          25.049347
        ]
      },
      "properties": {
        "no": 3530000000.0,
        "name": "新和耳鼻喉科",
        "tel": "2993-8636",
        "address": "新北市新莊區幸福路69號",
        "type": "診所",
        "remark": "如要接種，請先致電詢問疫苗庫存",
        "reservation": "電話、現場",
        "own_expense": "是",
        "division": "耳鼻喉科",
        "notice": "接種禁忌一、已知對疫苗的成份有過敏者，不予接種。二、過去注射曾經發生嚴重不良反應者，不予接種。接種注意事項一、 發燒或正患有急性中重疾病者，宜待病情穩定後再接種。二、 出生未滿6個月，因無使用效益及安全性等臨床資料，故不予接種。三、 先前接種本疫苗6週內曾發生Guillain-Barr? 症候群(GBS)者，宜請醫師評估。四、已知對「蛋」之蛋白質有嚴重過敏者，可在門/住診由熟悉處理過敏症狀之醫事人員提供接種，並於接種後觀察605分鐘，無不適症狀再離開。五、 其他經醫師評估不適合接種者，不予' \u0006",
        "twd97x": 296128.71,
        "twd97y": 2771321.32,
        "經度": 121.457171,
        "緯度": 25.049347
      }
    },
    {
      "type": "Feature",
      "geometry": {
        "type": "Point",
        "coordinates": [
          121.427678,
          25.010792
        ]
      },
      "properties": {
        "no": 3530000000.0,
        "name": "新庚診所",
        "tel": "2207-3228",
        "address": "新北市新莊區民安西路370號",
        "type": "診所",
        "remark": "如要接種，請先致電詢問疫苗庫存",
        "reservation": "電話、現場",
        "own_expense": "否",
        "division": "內科",
        "notice": "接種禁忌一、已知對疫苗的成份有過敏者，不予接種。二、過去注射曾經發生嚴重不良反應者，不予接種。接種注意事項一、 發燒或正患有急性中重疾病者，宜待病情穩定後再接種。二、 出生未滿6個月，因無使用效益及安全性等臨床資料，故不予接種。三、 先前接種本疫苗6週內曾發生Guillain-Barr? 症候群(GBS)者，宜請醫師評估。四、已知對「蛋」之蛋白質有嚴重過敏者，可在門/住診由熟悉處理過敏症狀之醫事人員提供接種，並於接種後觀察606分鐘，無不適症狀再離開。五、 其他經醫師評估不適合接種者，不予' \u0006",
        "twd97x": 293166.36,
        "twd97y": 2767041.02,
        "經度": 121.427678,
        "緯度": 25.010792
      }
    },
    {
      "type": "Feature",
      "geometry": {
        "type": "Point",
        "coordinates": [
          121.434313,
          25.021563
        ]
      },
      "properties": {
        "no": 1530000000.0,
        "name": "新泰綜合醫院",
        "tel": "2996-2121分機1600",
        "address": "新北市新莊區新樹路176號",
        "type": "地區醫院",
        "remark": "如要接種，請先致電詢問疫苗庫存",
        "reservation": "現場",
        "own_expense": "是",
        "division": "內科",
        "notice": "接種禁忌一、已知對疫苗的成份有過敏者，不予接種。二、過去注射曾經發生嚴重不良反應者，不予接種。接種注意事項一、 發燒或正患有急性中重疾病者，宜待病情穩定後再接種。二、 出生未滿6個月，因無使用效益及安全性等臨床資料，故不予接種。三、 先前接種本疫苗6週內曾發生Guillain-Barr? 症候群(GBS)者，宜請醫師評估。四、已知對「蛋」之蛋白質有嚴重過敏者，可在門/住診由熟悉處理過敏症狀之醫事人員提供接種，並於接種後觀察607分鐘，無不適症狀再離開。五、 其他經醫師評估不適合接種者，不予' \u0006",
        "twd97x": 293832.18,
        "twd97y": 2768236.28,
        "經度": 121.434313,
        "緯度": 25.021563
      }
    },
    {
      "type": "Feature",
      "geometry": {
        "type": "Point",
        "coordinates": [
          121.449436,
          25.039396
        ]
      },
      "properties": {
        "no": 3530000000.0,
        "name": "新莊至善診所",
        "tel": "2994-3101",
        "address": "新北市新莊區公園路58號",
        "type": "診所",
        "remark": "如要接種，請先致電詢問疫苗庫存",
        "reservation": "現場",
        "own_expense": "是",
        "division": "家醫科",
        "notice": "接種禁忌一、已知對疫苗的成份有過敏者，不予接種。二、過去注射曾經發生嚴重不良反應者，不予接種。接種注意事項一、 發燒或正患有急性中重疾病者，宜待病情穩定後再接種。二、 出生未滿6個月，因無使用效益及安全性等臨床資料，故不予接種。三、 先前接種本疫苗6週內曾發生Guillain-Barr? 症候群(GBS)者，宜請醫師評估。四、已知對「蛋」之蛋白質有嚴重過敏者，可在門/住診由熟悉處理過敏症狀之醫事人員提供接種，並於接種後觀察608分鐘，無不適症狀再離開。五、 其他經醫師評估不適合接種者，不予' \u0006",
        "twd97x": 295351.91,
        "twd97y": 2770216.45,
        "經度": 121.449436,
        "緯度": 25.039396
      }
    },
    {
      "type": "Feature",
      "geometry": {
        "type": "Point",
        "coordinates": [
          121.444615,
          25.052533
        ]
      },
      "properties": {
        "no": 3530000000.0,
        "name": "新莊徐耳鼻喉科",
        "tel": "2990-7505",
        "address": "新北市新莊區中平路373號",
        "type": "診所",
        "remark": "如要接種，請先致電詢問疫苗庫存",
        "reservation": "現場",
        "own_expense": "是",
        "division": "耳鼻喉科",
        "notice": "接種禁忌一、已知對疫苗的成份有過敏者，不予接種。二、過去注射曾經發生嚴重不良反應者，不予接種。接種注意事項一、 發燒或正患有急性中重疾病者，宜待病情穩定後再接種。二、 出生未滿6個月，因無使用效益及安全性等臨床資料，故不予接種。三、 先前接種本疫苗6週內曾發生Guillain-Barr? 症候群(GBS)者，宜請醫師評估。四、已知對「蛋」之蛋白質有嚴重過敏者，可在門/住診由熟悉處理過敏症狀之醫事人員提供接種，並於接種後觀察609分鐘，無不適症狀再離開。五、 其他經醫師評估不適合接種者，不予' \u0006",
        "twd97x": 294860.66,
        "twd97y": 2771669.94,
        "經度": 121.444615,
        "緯度": 25.052533
      }
    },
    {
      "type": "Feature",
      "geometry": {
        "type": "Point",
        "coordinates": [
          121.449261,
          25.034846
        ]
      },
      "properties": {
        "no": 3530000000.0,
        "name": "嘉泰耳鼻喉科",
        "tel": "2994-5902",
        "address": "新北市新莊區新泰路62號",
        "type": "診所",
        "remark": "如要接種，請先致電詢問疫苗庫存",
        "reservation": "現場",
        "own_expense": "否",
        "division": "耳鼻喉科",
        "notice": "接種禁忌一、已知對疫苗的成份有過敏者，不予接種。二、過去注射曾經發生嚴重不良反應者，不予接種。接種注意事項一、 發燒或正患有急性中重疾病者，宜待病情穩定後再接種。二、 出生未滿6個月，因無使用效益及安全性等臨床資料，故不予接種。三、 先前接種本疫苗6週內曾發生Guillain-Barr? 症候群(GBS)者，宜請醫師評估。四、已知對「蛋」之蛋白質有嚴重過敏者，可在門/住診由熟悉處理過敏症狀之醫事人員提供接種，並於接種後觀察610分鐘，無不適症狀再離開。五、 其他經醫師評估不適合接種者，不予' \u0006",
        "twd97x": 295335.95,
        "twd97y": 2769712.5,
        "經度": 121.449261,
        "緯度": 25.034846
      }
    },
    {
      "type": "Feature",
      "geometry": {
        "type": "Point",
        "coordinates": [
          121.42268,
          25.019293
        ]
      },
      "properties": {
        "no": 3530000000.0,
        "name": "榜生婦產科",
        "tel": "2203-4701",
        "address": "新北市新莊區龍安路339號",
        "type": "診所",
        "remark": "如要接種，請先致電詢問疫苗庫存",
        "reservation": "網路、現場",
        "own_expense": "是",
        "division": "兒科婦產科",
        "notice": "接種禁忌一、已知對疫苗的成份有過敏者，不予接種。二、過去注射曾經發生嚴重不良反應者，不予接種。接種注意事項一、 發燒或正患有急性中重疾病者，宜待病情穩定後再接種。二、 出生未滿6個月，因無使用效益及安全性等臨床資料，故不予接種。三、 先前接種本疫苗6週內曾發生Guillain-Barr? 症候群(GBS)者，宜請醫師評估。四、已知對「蛋」之蛋白質有嚴重過敏者，可在門/住診由熟悉處理過敏症狀之醫事人員提供接種，並於接種後觀察611分鐘，無不適症狀再離開。五、 其他經醫師評估不適合接種者，不予' \u0006",
        "twd97x": 292658.94,
        "twd97y": 2767981.11,
        "經度": 121.42268,
        "緯度": 25.019293
      }
    },
    {
      "type": "Feature",
      "geometry": {
        "type": "Point",
        "coordinates": [
          121.434105,
          25.032936
        ]
      },
      "properties": {
        "no": 3531064528.0,
        "name": "輔大診所",
        "tel": "2905-2526#11",
        "address": "新北市新莊區中正路510號醫學大樓1樓",
        "type": "診所",
        "remark": "如要接種，請先致電詢問疫苗庫存",
        "reservation": "網路、電話、現場",
        "own_expense": "是",
        "division": "家醫科",
        "notice": "接種禁忌一、已知對疫苗的成份有過敏者，不予接種。二、過去注射曾經發生嚴重不良反應者，不予接種。接種注意事項一、 發燒或正患有急性中重疾病者，宜待病情穩定後再接種。二、 出生未滿6個月，因無使用效益及安全性等臨床資料，故不予接種。三、 先前接種本疫苗6週內曾發生Guillain-Barr? 症候群(GBS)者，宜請醫師評估。四、已知對「蛋」之蛋白質有嚴重過敏者，可在門/住診由熟悉處理過敏症狀之醫事人員提供接種，並於接種後觀察612分鐘，無不適症狀再離開。五、 其他經醫師評估不適合接種者，不予' \u0006",
        "twd97x": 293807.14,
        "twd97y": 2769495.93,
        "經度": 121.434105,
        "緯度": 25.032936
      }
    },
    {
      "type": "Feature",
      "geometry": {
        "type": "Point",
        "coordinates": [
          121.446823,
          25.049017
        ]
      },
      "properties": {
        "no": 3530000000.0,
        "name": "廣田耳鼻喉科",
        "tel": "2990-6799",
        "address": "新北市新莊區幸福路777號1樓",
        "type": "診所",
        "remark": "如要接種，請先致電詢問疫苗庫存",
        "reservation": "現場",
        "own_expense": "是",
        "division": "耳鼻喉科",
        "notice": "接種禁忌一、已知對疫苗的成份有過敏者，不予接種。二、過去注射曾經發生嚴重不良反應者，不予接種。接種注意事項一、 發燒或正患有急性中重疾病者，宜待病情穩定後再接種。二、 出生未滿6個月，因無使用效益及安全性等臨床資料，故不予接種。三、 先前接種本疫苗6週內曾發生Guillain-Barr? 症候群(GBS)者，宜請醫師評估。四、已知對「蛋」之蛋白質有嚴重過敏者，可在門/住診由熟悉處理過敏症狀之醫事人員提供接種，並於接種後觀察613分鐘，無不適症狀再離開。五、 其他經醫師評估不適合接種者，不予' \u0006",
        "twd97x": 295084.76,
        "twd97y": 2771281.32,
        "經度": 121.446823,
        "緯度": 25.049017
      }
    },
    {
      "type": "Feature",
      "geometry": {
        "type": "Point",
        "coordinates": [
          121.449577,
          25.033145
        ]
      },
      "properties": {
        "no": 3530000000.0,
        "name": "德安婦產科",
        "tel": "2201-0706",
        "address": "新北市新莊區新泰路31號",
        "type": "診所",
        "remark": "如要接種，請先致電詢問疫苗庫存",
        "reservation": "電話、現場",
        "own_expense": "是",
        "division": "家醫及婦產科",
        "notice": "接種禁忌一、已知對疫苗的成份有過敏者，不予接種。二、過去注射曾經發生嚴重不良反應者，不予接種。接種注意事項一、 發燒或正患有急性中重疾病者，宜待病情穩定後再接種。二、 出生未滿6個月，因無使用效益及安全性等臨床資料，故不予接種。三、 先前接種本疫苗6週內曾發生Guillain-Barr? 症候群(GBS)者，宜請醫師評估。四、已知對「蛋」之蛋白質有嚴重過敏者，可在門/住診由熟悉處理過敏症狀之醫事人員提供接種，並於接種後觀察614分鐘，無不適症狀再離開。五、 其他經醫師評估不適合接種者，不予' \u0006",
        "twd97x": 295368.49,
        "twd97y": 2769524.12,
        "經度": 121.449577,
        "緯度": 25.033145
      }
    },
    {
      "type": "Feature",
      "geometry": {
        "type": "Point",
        "coordinates": [
          121.409851,
          25.021621
        ]
      },
      "properties": {
        "no": 131060010.0,
        "name": "樂生療養院",
        "tel": "8200-6600#2133",
        "address": "新北市新莊區中正路794號",
        "type": "地區醫院",
        "remark": "如要接種，請先致電詢問疫苗庫存",
        "reservation": "網路、電話、現場",
        "own_expense": "是",
        "division": "家醫科",
        "notice": "接種禁忌一、已知對疫苗的成份有過敏者，不予接種。二、過去注射曾經發生嚴重不良反應者，不予接種。接種注意事項一、 發燒或正患有急性中重疾病者，宜待病情穩定後再接種。二、 出生未滿6個月，因無使用效益及安全性等臨床資料，故不予接種。三、 先前接種本疫苗6週內曾發生Guillain-Barr? 症候群(GBS)者，宜請醫師評估。四、已知對「蛋」之蛋白質有嚴重過敏者，可在門/住診由熟悉處理過敏症狀之醫事人員提供接種，並於接種後觀察615分鐘，無不適症狀再離開。五、 其他經醫師評估不適合接種者，不予' \u0006",
        "twd97x": 291363.36,
        "twd97y": 2768235.01,
        "經度": 121.409851,
        "緯度": 25.021621
      }
    },
    {
      "type": "Feature",
      "geometry": {
        "type": "Point",
        "coordinates": [
          121.426334,
          25.01812
        ]
      },
      "properties": {
        "no": 3530000000.0,
        "name": "樂樂診所",
        "tel": "2207-0777",
        "address": "新北市新莊區龍安路507號",
        "type": "診所",
        "remark": "如要接種，請先致電詢問疫苗庫存",
        "reservation": "電話、現場",
        "own_expense": "是",
        "division": "兒科",
        "notice": "接種禁忌一、已知對疫苗的成份有過敏者，不予接種。二、過去注射曾經發生嚴重不良反應者，不予接種。接種注意事項一、 發燒或正患有急性中重疾病者，宜待病情穩定後再接種。二、 出生未滿6個月，因無使用效益及安全性等臨床資料，故不予接種。三、 先前接種本疫苗6週內曾發生Guillain-Barr? 症候群(GBS)者，宜請醫師評估。四、已知對「蛋」之蛋白質有嚴重過敏者，可在門/住診由熟悉處理過敏症狀之醫事人員提供接種，並於接種後觀察616分鐘，無不適症狀再離開。五、 其他經醫師評估不適合接種者，不予' \u0006",
        "twd97x": 293028.09,
        "twd97y": 2767852.38,
        "經度": 121.426334,
        "緯度": 25.01812
      }
    },
    {
      "type": "Feature",
      "geometry": {
        "type": "Point",
        "coordinates": [
          121.457789,
          25.037855
        ]
      },
      "properties": {
        "no": 3530000000.0,
        "name": "樂寶兒婦幼診所",
        "tel": "2990-1122",
        "address": "新北市新莊區中正路82之1號",
        "type": "診所",
        "remark": "如要接種，請先致電詢問疫苗庫存",
        "reservation": "電話、現場",
        "own_expense": "是",
        "division": "婦幼科",
        "notice": "接種禁忌一、已知對疫苗的成份有過敏者，不予接種。二、過去注射曾經發生嚴重不良反應者，不予接種。接種注意事項一、 發燒或正患有急性中重疾病者，宜待病情穩定後再接種。二、 出生未滿6個月，因無使用效益及安全性等臨床資料，故不予接種。三、 先前接種本疫苗6週內曾發生Guillain-Barr? 症候群(GBS)者，宜請醫師評估。四、已知對「蛋」之蛋白質有嚴重過敏者，可在門/住診由熟悉處理過敏症狀之醫事人員提供接種，並於接種後觀察617分鐘，無不適症狀再離開。五、 其他經醫師評估不適合接種者，不予' \u0006",
        "twd97x": 296195.37,
        "twd97y": 2770048.63,
        "經度": 121.457789,
        "緯度": 25.037855
      }
    },
    {
      "type": "Feature",
      "geometry": {
        "type": "Point",
        "coordinates": [
          121.42808,
          25.018766
        ]
      },
      "properties": {
        "no": 3530000000.0,
        "name": "蔡鉅儒診所",
        "tel": "2205-7193",
        "address": "新北市新莊區西盛街180號1樓",
        "type": "診所",
        "remark": "如要接種，請先致電詢問疫苗庫存",
        "reservation": "電話、現場",
        "own_expense": "否",
        "division": "一般",
        "notice": "接種禁忌一、已知對疫苗的成份有過敏者，不予接種。二、過去注射曾經發生嚴重不良反應者，不予接種。接種注意事項一、 發燒或正患有急性中重疾病者，宜待病情穩定後再接種。二、 出生未滿6個月，因無使用效益及安全性等臨床資料，故不予接種。三、 先前接種本疫苗6週內曾發生Guillain-Barr? 症候群(GBS)者，宜請醫師評估。四、已知對「蛋」之蛋白質有嚴重過敏者，可在門/住診由熟悉處理過敏症狀之醫事人員提供接種，並於接種後觀察618分鐘，無不適症狀再離開。五、 其他經醫師評估不適合接種者，不予' \u0006",
        "twd97x": 293204.11,
        "twd97y": 2767924.49,
        "經度": 121.42808,
        "緯度": 25.018766
      }
    },
    {
      "type": "Feature",
      "geometry": {
        "type": "Point",
        "coordinates": [
          121.453693,
          25.043385
        ]
      },
      "properties": {
        "no": 3530000000.0,
        "name": "鄭骨科耳鼻喉科",
        "tel": "2992-9191",
        "address": "新北市新莊區中港路263號",
        "type": "診所",
        "remark": "如要接種，請先致電詢問疫苗庫存",
        "reservation": "電話、現場",
        "own_expense": "是",
        "division": "家醫科",
        "notice": "接種禁忌一、已知對疫苗的成份有過敏者，不予接種。二、過去注射曾經發生嚴重不良反應者，不予接種。接種注意事項一、 發燒或正患有急性中重疾病者，宜待病情穩定後再接種。二、 出生未滿6個月，因無使用效益及安全性等臨床資料，故不予接種。三、 先前接種本疫苗6週內曾發生Guillain-Barr? 症候群(GBS)者，宜請醫師評估。四、已知對「蛋」之蛋白質有嚴重過敏者，可在門/住診由熟悉處理過敏症狀之醫事人員提供接種，並於接種後觀察619分鐘，無不適症狀再離開。五、 其他經醫師評估不適合接種者，不予' \u0006",
        "twd97x": 295780.01,
        "twd97y": 2770659.75,
        "經度": 121.453693,
        "緯度": 25.043385
      }
    },
    {
      "type": "Feature",
      "geometry": {
        "type": "Point",
        "coordinates": [
          121.426173,
          25.022614
        ]
      },
      "properties": {
        "no": 3530000000.0,
        "name": "錦明耳鼻喉科",
        "tel": "2202-8080",
        "address": "新北市新莊區民安路195號",
        "type": "診所",
        "remark": "如要接種，請先致電詢問疫苗庫存",
        "reservation": "現場",
        "own_expense": "否",
        "division": "耳鼻喉科",
        "notice": "接種禁忌一、已知對疫苗的成份有過敏者，不予接種。二、過去注射曾經發生嚴重不良反應者，不予接種。接種注意事項一、 發燒或正患有急性中重疾病者，宜待病情穩定後再接種。二、 出生未滿6個月，因無使用效益及安全性等臨床資料，故不予接種。三、 先前接種本疫苗6週內曾發生Guillain-Barr? 症候群(GBS)者，宜請醫師評估。四、已知對「蛋」之蛋白質有嚴重過敏者，可在門/住診由熟悉處理過敏症狀之醫事人員提供接種，並於接種後觀察620分鐘，無不適症狀再離開。五、 其他經醫師評估不適合接種者，不予' \u0006",
        "twd97x": 293010.3,
        "twd97y": 2768350.05,
        "經度": 121.426173,
        "緯度": 25.022614
      }
    },
    {
      "type": "Feature",
      "geometry": {
        "type": "Point",
        "coordinates": [
          121.445891,
          25.034838
        ]
      },
      "properties": {
        "no": 3530000000.0,
        "name": "聯安診所",
        "tel": "2998-6191",
        "address": "新北市新莊區中正路330號",
        "type": "診所",
        "remark": "如要接種，請先致電詢問疫苗庫存",
        "reservation": "電話、現場",
        "own_expense": "是",
        "division": "一般科",
        "notice": "接種禁忌一、已知對疫苗的成份有過敏者，不予接種。二、過去注射曾經發生嚴重不良反應者，不予接種。接種注意事項一、 發燒或正患有急性中重疾病者，宜待病情穩定後再接種。二、 出生未滿6個月，因無使用效益及安全性等臨床資料，故不予接種。三、 先前接種本疫苗6週內曾發生Guillain-Barr? 症候群(GBS)者，宜請醫師評估。四、已知對「蛋」之蛋白質有嚴重過敏者，可在門/住診由熟悉處理過敏症狀之醫事人員提供接種，並於接種後觀察621分鐘，無不適症狀再離開。五、 其他經醫師評估不適合接種者，不予' \u0006",
        "twd97x": 294995.91,
        "twd97y": 2769710.49,
        "經度": 121.445891,
        "緯度": 25.034838
      }
    },
    {
      "type": "Feature",
      "geometry": {
        "type": "Point",
        "coordinates": [
          121.42615,
          25.022323
        ]
      },
      "properties": {
        "no": 3530000000.0,
        "name": "聯福診所",
        "tel": "2201-4370",
        "address": "新北市新莊區民安路232號",
        "type": "診所",
        "remark": "如要接種，請先致電詢問疫苗庫存",
        "reservation": "電話、現場",
        "own_expense": "是",
        "division": "一般科",
        "notice": "接種禁忌一、已知對疫苗的成份有過敏者，不予接種。二、過去注射曾經發生嚴重不良反應者，不予接種。接種注意事項一、 發燒或正患有急性中重疾病者，宜待病情穩定後再接種。二、 出生未滿6個月，因無使用效益及安全性等臨床資料，故不予接種。三、 先前接種本疫苗6週內曾發生Guillain-Barr? 症候群(GBS)者，宜請醫師評估。四、已知對「蛋」之蛋白質有嚴重過敏者，可在門/住診由熟悉處理過敏症狀之醫事人員提供接種，並於接種後觀察622分鐘，無不適症狀再離開。五、 其他經醫師評估不適合接種者，不予' \u0006",
        "twd97x": 293008.1,
        "twd97y": 2768317.84,
        "經度": 121.42615,
        "緯度": 25.022323
      }
    },
    {
      "type": "Feature",
      "geometry": {
        "type": "Point",
        "coordinates": [
          121.450454,
          25.035575
        ]
      },
      "properties": {
        "no": 3530000000.0,
        "name": "曜生婦產科",
        "tel": "2276-3535",
        "address": "新北市新莊區中正路243號",
        "type": "診所",
        "remark": "如要接種，請先致電詢問疫苗庫存",
        "reservation": "網路、現場",
        "own_expense": "是",
        "division": "婦兒科",
        "notice": "接種禁忌一、已知對疫苗的成份有過敏者，不予接種。二、過去注射曾經發生嚴重不良反應者，不予接種。接種注意事項一、 發燒或正患有急性中重疾病者，宜待病情穩定後再接種。二、 出生未滿6個月，因無使用效益及安全性等臨床資料，故不予接種。三、 先前接種本疫苗6週內曾發生Guillain-Barr? 症候群(GBS)者，宜請醫師評估。四、已知對「蛋」之蛋白質有嚴重過敏者，可在門/住診由熟悉處理過敏症狀之醫事人員提供接種，並於接種後觀察623分鐘，無不適症狀再離開。五、 其他經醫師評估不適合接種者，不予' \u0006",
        "twd97x": 295456.12,
        "twd97y": 2769793.57,
        "經度": 121.450454,
        "緯度": 25.035575
      }
    },
    {
      "type": "Feature",
      "geometry": {
        "type": "Point",
        "coordinates": [
          121.448376,
          25.035911
        ]
      },
      "properties": {
        "no": 3530000000.0,
        "name": "馥齡診所",
        "tel": "2277-6096",
        "address": "新北市新莊區新泰路117號",
        "type": "診所",
        "remark": "如要接種，請先致電詢問疫苗庫存",
        "reservation": "電話、現場",
        "own_expense": "是",
        "division": "內科",
        "notice": "接種禁忌一、已知對疫苗的成份有過敏者，不予接種。二、過去注射曾經發生嚴重不良反應者，不予接種。接種注意事項一、 發燒或正患有急性中重疾病者，宜待病情穩定後再接種。二、 出生未滿6個月，因無使用效益及安全性等臨床資料，故不予接種。三、 先前接種本疫苗6週內曾發生Guillain-Barr? 症候群(GBS)者，宜請醫師評估。四、已知對「蛋」之蛋白質有嚴重過敏者，可在門/住診由熟悉處理過敏症狀之醫事人員提供接種，並於接種後觀察624分鐘，無不適症狀再離開。五、 其他經醫師評估不適合接種者，不予' \u0006",
        "twd97x": 295246.22,
        "twd97y": 2769830.14,
        "經度": 121.448376,
        "緯度": 25.035911
      }
    },
    {
      "type": "Feature",
      "geometry": {
        "type": "Point",
        "coordinates": [
          121.455023,
          25.049255
        ]
      },
      "properties": {
        "no": 3530000000.0,
        "name": "麗安診所",
        "tel": "2998-8010",
        "address": "新北市新莊區幸福路541號",
        "type": "診所",
        "remark": "如要接種，請先致電詢問疫苗庫存",
        "reservation": "電話、現場",
        "own_expense": "是",
        "division": "一般科",
        "notice": "接種禁忌一、已知對疫苗的成份有過敏者，不予接種。二、過去注射曾經發生嚴重不良反應者，不予接種。接種注意事項一、 發燒或正患有急性中重疾病者，宜待病情穩定後再接種。二、 出生未滿6個月，因無使用效益及安全性等臨床資料，故不予接種。三、 先前接種本疫苗6週內曾發生Guillain-Barr? 症候群(GBS)者，宜請醫師評估。四、已知對「蛋」之蛋白質有嚴重過敏者，可在門/住診由熟悉處理過敏症狀之醫事人員提供接種，並於接種後觀察625分鐘，無不適症狀再離開。五、 其他經醫師評估不適合接種者，不予' \u0006",
        "twd97x": 295912.04,
        "twd97y": 2771310.44,
        "經度": 121.455023,
        "緯度": 25.049255
      }
    },
    {
      "type": "Feature",
      "geometry": {
        "type": "Point",
        "coordinates": [
          121.444684,
          25.044412
        ]
      },
      "properties": {
        "no": 3530000000.0,
        "name": "寶祥診所",
        "tel": "2996-0303",
        "address": "新北市新莊區中平路53號",
        "type": "診所",
        "remark": "如要接種，請先致電詢問疫苗庫存",
        "reservation": "電話、現場",
        "own_expense": "是",
        "division": "一般科",
        "notice": "接種禁忌一、已知對疫苗的成份有過敏者，不予接種。二、過去注射曾經發生嚴重不良反應者，不予接種。接種注意事項一、 發燒或正患有急性中重疾病者，宜待病情穩定後再接種。二、 出生未滿6個月，因無使用效益及安全性等臨床資料，故不予接種。三、 先前接種本疫苗6週內曾發生Guillain-Barr? 症候群(GBS)者，宜請醫師評估。四、已知對「蛋」之蛋白質有嚴重過敏者，可在門/住診由熟悉處理過敏症狀之醫事人員提供接種，並於接種後觀察626分鐘，無不適症狀再離開。五、 其他經醫師評估不適合接種者，不予' \u0006",
        "twd97x": 294870.61,
        "twd97y": 2770770.48,
        "經度": 121.444684,
        "緯度": 25.044412
      }
    },
    {
      "type": "Feature",
      "geometry": {
        "type": "Point",
        "coordinates": [
          121.809043,
          25.10737
        ]
      },
      "properties": {
        "no": 2330000000.0,
        "name": "瑞芳區衛生所",
        "tel": "2497-2132",
        "address": "新北市瑞芳區明燈路三段1號",
        "type": "衛生所",
        "remark": "如要接種，請先致電詢問疫苗庫存",
        "reservation": "現場",
        "own_expense": "否",
        "division": "家庭醫學科",
        "notice": "接種禁忌一、已知對疫苗的成份有過敏者，不予接種。二、過去注射曾經發生嚴重不良反應者，不予接種。接種注意事項一、 發燒或正患有急性中重疾病者，宜待病情穩定後再接種。二、 出生未滿6個月，因無使用效益及安全性等臨床資料，故不予接種。三、 先前接種本疫苗6週內曾發生Guillain-Barr? 症候群(GBS)者，宜請醫師評估。四、已知對「蛋」之蛋白質有嚴重過敏者，可在門/住診由熟悉處理過敏症狀之醫事人員提供接種，並於接種後觀察627分鐘，無不適症狀再離開。五、 其他經醫師評估不適合接種者，不予' \u0006",
        "twd97x": 331595.5,
        "twd97y": 2777914.69,
        "經度": 121.809043,
        "緯度": 25.10737
      }
    },
    {
      "type": "Feature",
      "geometry": {
        "type": "Point",
        "coordinates": [
          121.80771,
          25.107876
        ]
      },
      "properties": {
        "no": 3530000000.0,
        "name": "家康陳診所",
        "tel": "2497-1563",
        "address": "新北市瑞芳區明燈路三段36號",
        "type": "診所",
        "remark": "如要接種，請先致電詢問疫苗庫存",
        "reservation": "電話、現場",
        "own_expense": "否",
        "division": "兒科.耳鼻喉科",
        "notice": "接種禁忌一、已知對疫苗的成份有過敏者，不予接種。二、過去注射曾經發生嚴重不良反應者，不予接種。接種注意事項一、 發燒或正患有急性中重疾病者，宜待病情穩定後再接種。二、 出生未滿6個月，因無使用效益及安全性等臨床資料，故不予接種。三、 先前接種本疫苗6週內曾發生Guillain-Barr? 症候群(GBS)者，宜請醫師評估。四、已知對「蛋」之蛋白質有嚴重過敏者，可在門/住診由熟悉處理過敏症狀之醫事人員提供接種，並於接種後觀察628分鐘，無不適症狀再離開。五、 其他經醫師評估不適合接種者，不予' \u0006",
        "twd97x": 331460.68,
        "twd97y": 2777969.9,
        "經度": 121.80771,
        "緯度": 25.107876
      }
    },
    {
      "type": "Feature",
      "geometry": {
        "type": "Point",
        "coordinates": [
          121.80538,
          25.108204
        ]
      },
      "properties": {
        "no": 3530000000.0,
        "name": "詠安診所",
        "tel": "2496-0683",
        "address": "新北市瑞芳區明燈路三段73號",
        "type": "診所",
        "remark": "如要接種，請先致電詢問疫苗庫存",
        "reservation": "電話、現場",
        "own_expense": "是",
        "division": "家庭醫學科",
        "notice": "接種禁忌一、已知對疫苗的成份有過敏者，不予接種。二、過去注射曾經發生嚴重不良反應者，不予接種。接種注意事項一、 發燒或正患有急性中重疾病者，宜待病情穩定後再接種。二、 出生未滿6個月，因無使用效益及安全性等臨床資料，故不予接種。三、 先前接種本疫苗6週內曾發生Guillain-Barr? 症候群(GBS)者，宜請醫師評估。四、已知對「蛋」之蛋白質有嚴重過敏者，可在門/住診由熟悉處理過敏症狀之醫事人員提供接種，並於接種後觀察629分鐘，無不適症狀再離開。五、 其他經醫師評估不適合接種者，不予' \u0006",
        "twd97x": 331225.49,
        "twd97y": 2778004.81,
        "經度": 121.80538,
        "緯度": 25.108204
      }
    },
    {
      "type": "Feature",
      "geometry": {
        "type": "Point",
        "coordinates": [
          121.802169,
          25.108602
        ]
      },
      "properties": {
        "no": 1530000000.0,
        "name": "瑞芳礦工醫院",
        "tel": "2497-4101",
        "address": "新北市瑞芳區一坑路71-2號",
        "type": "地區醫院",
        "remark": "如要接種，請先致電詢問疫苗庫存",
        "reservation": "網路、電話、現場",
        "own_expense": "否",
        "division": "骨科、外科",
        "notice": "接種禁忌一、已知對疫苗的成份有過敏者，不予接種。二、過去注射曾經發生嚴重不良反應者，不予接種。接種注意事項一、 發燒或正患有急性中重疾病者，宜待病情穩定後再接種。二、 出生未滿6個月，因無使用效益及安全性等臨床資料，故不予接種。三、 先前接種本疫苗6週內曾發生Guillain-Barr? 症候群(GBS)者，宜請醫師評估。四、已知對「蛋」之蛋白質有嚴重過敏者，可在門/住診由熟悉處理過敏症狀之醫事人員提供接種，並於接種後觀察630分鐘，無不適症狀再離開。五、 其他經醫師評估不適合接種者，不予' \u0006",
        "twd97x": 330901.38,
        "twd97y": 2778046.96,
        "經度": 121.802169,
        "緯度": 25.108602
      }
    },
    {
      "type": "Feature",
      "geometry": {
        "type": "Point",
        "coordinates": [
          121.689712,
          25.178331
        ]
      },
      "properties": {
        "no": 2330000000.0,
        "name": "萬里區衛生所",
        "tel": "2492-1117",
        "address": "新北市萬里區瑪鋉路157號",
        "type": "衛生所",
        "remark": "如要接種，請先致電詢問疫苗庫存",
        "reservation": "現場",
        "own_expense": "否",
        "division": "家醫科",
        "notice": "接種禁忌一、已知對疫苗的成份有過敏者，不予接種。二、過去注射曾經發生嚴重不良反應者，不予接種。接種注意事項一、 發燒或正患有急性中重疾病者，宜待病情穩定後再接種。二、 出生未滿6個月，因無使用效益及安全性等臨床資料，故不予接種。三、 先前接種本疫苗6週內曾發生Guillain-Barr? 症候群(GBS)者，宜請醫師評估。四、已知對「蛋」之蛋白質有嚴重過敏者，可在門/住診由熟悉處理過敏症狀之醫事人員提供接種，並於接種後觀察631分鐘，無不適症狀再離開。五、 其他經醫師評估不適合接種者，不予' \u0006",
        "twd97x": 319519.84,
        "twd97y": 2785708.14,
        "經度": 121.689712,
        "緯度": 25.178331
      }
    },
    {
      "type": "Feature",
      "geometry": {
        "type": "Point",
        "coordinates": [
          121.428524,
          24.99614
        ]
      },
      "properties": {
        "no": 2330000000.0,
        "name": "新北市樹林區衛生所",
        "tel": "2681-2134",
        "address": "新北市樹林區保安里樹新路40-7號",
        "type": "衛生所",
        "remark": "如要接種，請先致電詢問疫苗庫存",
        "reservation": "現場",
        "own_expense": "否",
        "division": "家醫科",
        "notice": "接種禁忌一、已知對疫苗的成份有過敏者，不予接種。二、過去注射曾經發生嚴重不良反應者，不予接種。接種注意事項一、 發燒或正患有急性中重疾病者，宜待病情穩定後再接種。二、 出生未滿6個月，因無使用效益及安全性等臨床資料，故不予接種。三、 先前接種本疫苗6週內曾發生Guillain-Barr? 症候群(GBS)者，宜請醫師評估。四、已知對「蛋」之蛋白質有嚴重過敏者，可在門/住診由熟悉處理過敏症狀之醫事人員提供接種，並於接種後觀察632分鐘，無不適症狀再離開。五、 其他經醫師評估不適合接種者，不予' \u0006",
        "twd97x": 293256.84,
        "twd97y": 2765418.38,
        "經度": 121.428524,
        "緯度": 24.99614
      }
    },
    {
      "type": "Feature",
      "geometry": {
        "type": "Point",
        "coordinates": [
          121.381815,
          24.945838
        ]
      },
      "properties": {
        "no": 3530000000.0,
        "name": "三樹金鶯診所",
        "tel": "2680-7101",
        "address": "新北市樹林區南園里學成路600號",
        "type": "診所",
        "remark": "如要接種，請先致電詢問疫苗庫存",
        "reservation": "電話、現場",
        "own_expense": "是",
        "division": "小兒科",
        "notice": "接種禁忌一、已知對疫苗的成份有過敏者，不予接種。二、過去注射曾經發生嚴重不良反應者，不予接種。接種注意事項一、 發燒或正患有急性中重疾病者，宜待病情穩定後再接種。二、 出生未滿6個月，因無使用效益及安全性等臨床資料，故不予接種。三、 先前接種本疫苗6週內曾發生Guillain-Barr? 症候群(GBS)者，宜請醫師評估。四、已知對「蛋」之蛋白質有嚴重過敏者，可在門/住診由熟悉處理過敏症狀之醫事人員提供接種，並於接種後觀察633分鐘，無不適症狀再離開。五、 其他經醫師評估不適合接種者，不予' \u0006",
        "twd97x": 288557.48,
        "twd97y": 2759832.8,
        "經度": 121.381815,
        "緯度": 24.945838
      }
    },
    {
      "type": "Feature",
      "geometry": {
        "type": "Point",
        "coordinates": [
          121.425405,
          24.996388
        ]
      },
      "properties": {
        "no": 3530000000.0,
        "name": "千歲小兒科診所",
        "tel": "8687-1390",
        "address": "新北市樹林區千歲街47號1樓",
        "type": "診所",
        "remark": "如要接種，請先致電詢問疫苗庫存",
        "reservation": "電話、現場",
        "own_expense": "否",
        "division": "小兒科",
        "notice": "接種禁忌一、已知對疫苗的成份有過敏者，不予接種。二、過去注射曾經發生嚴重不良反應者，不予接種。接種注意事項一、 發燒或正患有急性中重疾病者，宜待病情穩定後再接種。二、 出生未滿6個月，因無使用效益及安全性等臨床資料，故不予接種。三、 先前接種本疫苗6週內曾發生Guillain-Barr? 症候群(GBS)者，宜請醫師評估。四、已知對「蛋」之蛋白質有嚴重過敏者，可在門/住診由熟悉處理過敏症狀之醫事人員提供接種，並於接種後觀察634分鐘，無不適症狀再離開。五、 其他經醫師評估不適合接種者，不予' \u0006",
        "twd97x": 292941.99,
        "twd97y": 2765444.86,
        "經度": 121.425405,
        "緯度": 24.996388
      }
    },
    {
      "type": "Feature",
      "geometry": {
        "type": "Point",
        "coordinates": [
          121.425903,
          24.992585
        ]
      },
      "properties": {
        "no": 3530000000.0,
        "name": "大樹診所",
        "tel": "2681-8919",
        "address": "新北市樹林區鎮前街19號",
        "type": "診所",
        "remark": "如要接種，請先致電詢問疫苗庫存",
        "reservation": "現場",
        "own_expense": "是",
        "division": "內科、家醫科",
        "notice": "接種禁忌一、已知對疫苗的成份有過敏者，不予接種。二、過去注射曾經發生嚴重不良反應者，不予接種。接種注意事項一、 發燒或正患有急性中重疾病者，宜待病情穩定後再接種。二、 出生未滿6個月，因無使用效益及安全性等臨床資料，故不予接種。三、 先前接種本疫苗6週內曾發生Guillain-Barr? 症候群(GBS)者，宜請醫師評估。四、已知對「蛋」之蛋白質有嚴重過敏者，可在門/住診由熟悉處理過敏症狀之醫事人員提供接種，並於接種後觀察635分鐘，無不適症狀再離開。五、 其他經醫師評估不適合接種者，不予' \u0006",
        "twd97x": 292993.54,
        "twd97y": 2765023.85,
        "經度": 121.425903,
        "緯度": 24.992585
      }
    },
    {
      "type": "Feature",
      "geometry": {
        "type": "Point",
        "coordinates": [
          121.420039,
          24.987188
        ]
      },
      "properties": {
        "no": 1530000000.0,
        "name": "仁愛醫院",
        "tel": "2683-4567",
        "address": "新北市樹林區文化街9號",
        "type": "地區醫院",
        "remark": "如要接種，請先致電詢問疫苗庫存",
        "reservation": "網路、電話、現場",
        "own_expense": "否",
        "division": "內科、家醫科",
        "notice": "接種禁忌一、已知對疫苗的成份有過敏者，不予接種。二、過去注射曾經發生嚴重不良反應者，不予接種。接種注意事項一、 發燒或正患有急性中重疾病者，宜待病情穩定後再接種。二、 出生未滿6個月，因無使用效益及安全性等臨床資料，故不予接種。三、 先前接種本疫苗6週內曾發生Guillain-Barr? 症候群(GBS)者，宜請醫師評估。四、已知對「蛋」之蛋白質有嚴重過敏者，可在門/住診由熟悉處理過敏症狀之醫事人員提供接種，並於接種後觀察636分鐘，無不適症狀再離開。五、 其他經醫師評估不適合接種者，不予' \u0006",
        "twd97x": 292403.4,
        "twd97y": 2764424.17,
        "經度": 121.420039,
        "緯度": 24.987188
      }
    },
    {
      "type": "Feature",
      "geometry": {
        "type": "Point",
        "coordinates": [
          121.379408,
          24.946412
        ]
      },
      "properties": {
        "no": 3530000000.0,
        "name": "北大診所",
        "tel": "2668-9661",
        "address": "新北市樹林區柑園里學成路507號",
        "type": "診所",
        "remark": "如要接種，請先致電詢問疫苗庫存",
        "reservation": "電話、現場",
        "own_expense": "是",
        "division": "家醫科",
        "notice": "接種禁忌一、已知對疫苗的成份有過敏者，不予接種。二、過去注射曾經發生嚴重不良反應者，不予接種。接種注意事項一、 發燒或正患有急性中重疾病者，宜待病情穩定後再接種。二、 出生未滿6個月，因無使用效益及安全性等臨床資料，故不予接種。三、 先前接種本疫苗6週內曾發生Guillain-Barr? 症候群(GBS)者，宜請醫師評估。四、已知對「蛋」之蛋白質有嚴重過敏者，可在門/住診由熟悉處理過敏症狀之醫事人員提供接種，並於接種後觀察637分鐘，無不適症狀再離開。五、 其他經醫師評估不適合接種者，不予' \u0006",
        "twd97x": 288314.28,
        "twd97y": 2759895.67,
        "經度": 121.379408,
        "緯度": 24.946412
      }
    },
    {
      "type": "Feature",
      "geometry": {
        "type": "Point",
        "coordinates": [
          121.4228,
          24.992111
        ]
      },
      "properties": {
        "no": 3530000000.0,
        "name": "立康診所",
        "tel": "2686-3898",
        "address": "新北市樹林區日新街39號",
        "type": "診所",
        "remark": "如要接種，請先致電詢問疫苗庫存",
        "reservation": "現場",
        "own_expense": "是",
        "division": "家醫科",
        "notice": "接種禁忌一、已知對疫苗的成份有過敏者，不予接種。二、過去注射曾經發生嚴重不良反應者，不予接種。接種注意事項一、 發燒或正患有急性中重疾病者，宜待病情穩定後再接種。二、 出生未滿6個月，因無使用效益及安全性等臨床資料，故不予接種。三、 先前接種本疫苗6週內曾發生Guillain-Barr? 症候群(GBS)者，宜請醫師評估。四、已知對「蛋」之蛋白質有嚴重過敏者，可在門/住診由熟悉處理過敏症狀之醫事人員提供接種，並於接種後觀察638分鐘，無不適症狀再離開。五、 其他經醫師評估不適合接種者，不予' \u0006",
        "twd97x": 292680.42,
        "twd97y": 2764970.33,
        "經度": 121.4228,
        "緯度": 24.992111
      }
    },
    {
      "type": "Feature",
      "geometry": {
        "type": "Point",
        "coordinates": [
          121.422718,
          24.992419
        ]
      },
      "properties": {
        "no": 3530000000.0,
        "name": "何廷裕小兒科",
        "tel": "2675-6789",
        "address": "新北市樹林區日新街34號",
        "type": "診所",
        "remark": "如要接種，請先致電詢問疫苗庫存",
        "reservation": "電話、現場",
        "own_expense": "是",
        "division": "小兒科",
        "notice": "接種禁忌一、已知對疫苗的成份有過敏者，不予接種。二、過去注射曾經發生嚴重不良反應者，不予接種。接種注意事項一、 發燒或正患有急性中重疾病者，宜待病情穩定後再接種。二、 出生未滿6個月，因無使用效益及安全性等臨床資料，故不予接種。三、 先前接種本疫苗6週內曾發生Guillain-Barr? 症候群(GBS)者，宜請醫師評估。四、已知對「蛋」之蛋白質有嚴重過敏者，可在門/住診由熟悉處理過敏症狀之醫事人員提供接種，並於接種後觀察639分鐘，無不適症狀再離開。五、 其他經醫師評估不適合接種者，不予' \u0006",
        "twd97x": 292672.07,
        "twd97y": 2765004.41,
        "經度": 121.422718,
        "緯度": 24.992419
      }
    },
    {
      "type": "Feature",
      "geometry": {
        "type": "Point",
        "coordinates": [
          121.418076,
          24.988346
        ]
      },
      "properties": {
        "no": 3530000000.0,
        "name": "念生耳鼻喉科診所",
        "tel": "2675-1099",
        "address": "新北市樹林區文化街45號1樓",
        "type": "診所",
        "remark": "如要接種，請先致電詢問疫苗庫存",
        "reservation": "現場",
        "own_expense": "是",
        "division": "耳鼻喉科",
        "notice": "接種禁忌一、已知對疫苗的成份有過敏者，不予接種。二、過去注射曾經發生嚴重不良反應者，不予接種。接種注意事項一、 發燒或正患有急性中重疾病者，宜待病情穩定後再接種。二、 出生未滿6個月，因無使用效益及安全性等臨床資料，故不予接種。三、 先前接種本疫苗6週內曾發生Guillain-Barr? 症候群(GBS)者，宜請醫師評估。四、已知對「蛋」之蛋白質有嚴重過敏者，可在門/住診由熟悉處理過敏症狀之醫事人員提供接種，並於接種後觀察640分鐘，無不適症狀再離開。五、 其他經醫師評估不適合接種者，不予' \u0006",
        "twd97x": 292204.83,
        "twd97y": 2764551.83,
        "經度": 121.418076,
        "緯度": 24.988346
      }
    },
    {
      "type": "Feature",
      "geometry": {
        "type": "Point",
        "coordinates": [
          121.384227,
          24.949053
        ]
      },
      "properties": {
        "no": 3530000000.0,
        "name": "承恩診所",
        "tel": "8970-5297",
        "address": "新北市樹林區學勤路597號1樓",
        "type": "診所",
        "remark": "如要接種，請先致電詢問疫苗庫存",
        "reservation": "現場",
        "own_expense": "是",
        "division": "小兒科",
        "notice": "接種禁忌一、已知對疫苗的成份有過敏者，不予接種。二、過去注射曾經發生嚴重不良反應者，不予接種。接種注意事項一、 發燒或正患有急性中重疾病者，宜待病情穩定後再接種。二、 出生未滿6個月，因無使用效益及安全性等臨床資料，故不予接種。三、 先前接種本疫苗6週內曾發生Guillain-Barr? 症候群(GBS)者，宜請醫師評估。四、已知對「蛋」之蛋白質有嚴重過敏者，可在門/住診由熟悉處理過敏症狀之醫事人員提供接種，並於接種後觀察641分鐘，無不適症狀再離開。五、 其他經醫師評估不適合接種者，不予' \u0006",
        "twd97x": 288800.13,
        "twd97y": 2760189.53,
        "經度": 121.384227,
        "緯度": 24.949053
      }
    },
    {
      "type": "Feature",
      "geometry": {
        "type": "Point",
        "coordinates": [
          121.425733,
          24.992595
        ]
      },
      "properties": {
        "no": 3530000000.0,
        "name": "松禾診所",
        "tel": "2685-1820",
        "address": "新北市樹林區樹北里鎮前街58號2樓",
        "type": "診所",
        "remark": "如要接種，請先致電詢問疫苗庫存",
        "reservation": "電話、現場",
        "own_expense": "否",
        "division": "內科",
        "notice": "接種禁忌一、已知對疫苗的成份有過敏者，不予接種。二、過去注射曾經發生嚴重不良反應者，不予接種。接種注意事項一、 發燒或正患有急性中重疾病者，宜待病情穩定後再接種。二、 出生未滿6個月，因無使用效益及安全性等臨床資料，故不予接種。三、 先前接種本疫苗6週內曾發生Guillain-Barr? 症候群(GBS)者，宜請醫師評估。四、已知對「蛋」之蛋白質有嚴重過敏者，可在門/住診由熟悉處理過敏症狀之醫事人員提供接種，並於接種後觀察642分鐘，無不適症狀再離開。五、 其他經醫師評估不適合接種者，不予' \u0006",
        "twd97x": 292976.34,
        "twd97y": 2765024.91,
        "經度": 121.425733,
        "緯度": 24.992595
      }
    },
    {
      "type": "Feature",
      "geometry": {
        "type": "Point",
        "coordinates": [
          121.418516,
          24.980745
        ]
      },
      "properties": {
        "no": 3530000000.0,
        "name": "林岳宏小兒科陳德馨皮膚科聯合診所",
        "tel": "8684-0088",
        "address": "新北市樹林區中華路241號",
        "type": "診所",
        "remark": "如要接種，請先致電詢問疫苗庫存",
        "reservation": "現場",
        "own_expense": "是",
        "division": "小兒科",
        "notice": "接種禁忌一、已知對疫苗的成份有過敏者，不予接種。二、過去注射曾經發生嚴重不良反應者，不予接種。接種注意事項一、 發燒或正患有急性中重疾病者，宜待病情穩定後再接種。二、 出生未滿6個月，因無使用效益及安全性等臨床資料，故不予接種。三、 先前接種本疫苗6週內曾發生Guillain-Barr? 症候群(GBS)者，宜請醫師評估。四、已知對「蛋」之蛋白質有嚴重過敏者，可在門/住診由熟悉處理過敏症狀之醫事人員提供接種，並於接種後觀察643分鐘，無不適症狀再離開。五、 其他經醫師評估不適合接種者，不予' \u0006",
        "twd97x": 292251.89,
        "twd97y": 2763710.02,
        "經度": 121.418516,
        "緯度": 24.980745
      }
    },
    {
      "type": "Feature",
      "geometry": {
        "type": "Point",
        "coordinates": [
          121.4257,
          24.990611
        ]
      },
      "properties": {
        "no": 3530000000.0,
        "name": "信和耳鼻喉科診所",
        "tel": "2682-2100",
        "address": "新北市樹林區博愛街178號",
        "type": "診所",
        "remark": "如要接種，請先致電詢問疫苗庫存",
        "reservation": "電話、現場",
        "own_expense": "是",
        "division": "耳鼻喉科",
        "notice": "接種禁忌一、已知對疫苗的成份有過敏者，不予接種。二、過去注射曾經發生嚴重不良反應者，不予接種。接種注意事項一、 發燒或正患有急性中重疾病者，宜待病情穩定後再接種。二、 出生未滿6個月，因無使用效益及安全性等臨床資料，故不予接種。三、 先前接種本疫苗6週內曾發生Guillain-Barr? 症候群(GBS)者，宜請醫師評估。四、已知對「蛋」之蛋白質有嚴重過敏者，可在門/住診由熟悉處理過敏症狀之醫事人員提供接種，並於接種後觀察644分鐘，無不適症狀再離開。五、 其他經醫師評估不適合接種者，不予' \u0006",
        "twd97x": 292973.78,
        "twd97y": 2764805.17,
        "經度": 121.4257,
        "緯度": 24.990611
      }
    },
    {
      "type": "Feature",
      "geometry": {
        "type": "Point",
        "coordinates": [
          121.4257,
          24.990611
        ]
      },
      "properties": {
        "no": 3530000000.0,
        "name": "信和診所",
        "tel": "2682-2100",
        "address": "新北市樹林區博愛街178號",
        "type": "診所",
        "remark": "如要接種，請先致電詢問疫苗庫存",
        "reservation": "電話、現場",
        "own_expense": "是",
        "division": "一般科",
        "notice": "接種禁忌一、已知對疫苗的成份有過敏者，不予接種。二、過去注射曾經發生嚴重不良反應者，不予接種。接種注意事項一、 發燒或正患有急性中重疾病者，宜待病情穩定後再接種。二、 出生未滿6個月，因無使用效益及安全性等臨床資料，故不予接種。三、 先前接種本疫苗6週內曾發生Guillain-Barr? 症候群(GBS)者，宜請醫師評估。四、已知對「蛋」之蛋白質有嚴重過敏者，可在門/住診由熟悉處理過敏症狀之醫事人員提供接種，並於接種後觀察645分鐘，無不適症狀再離開。五、 其他經醫師評估不適合接種者，不予' \u0006",
        "twd97x": 292973.78,
        "twd97y": 2764805.17,
        "經度": 121.4257,
        "緯度": 24.990611
      }
    },
    {
      "type": "Feature",
      "geometry": {
        "type": "Point",
        "coordinates": [
          121.379682,
          24.95028
        ]
      },
      "properties": {
        "no": 3530000000.0,
        "name": "柚子小兒科診所",
        "tel": "2680-3203",
        "address": "新北市樹林區學府路362號1樓",
        "type": "診所",
        "remark": "如要接種，請先致電詢問疫苗庫存",
        "reservation": "現場",
        "own_expense": "是",
        "division": "小兒科",
        "notice": "接種禁忌一、已知對疫苗的成份有過敏者，不予接種。二、過去注射曾經發生嚴重不良反應者，不予接種。接種注意事項一、 發燒或正患有急性中重疾病者，宜待病情穩定後再接種。二、 出生未滿6個月，因無使用效益及安全性等臨床資料，故不予接種。三、 先前接種本疫苗6週內曾發生Guillain-Barr? 症候群(GBS)者，宜請醫師評估。四、已知對「蛋」之蛋白質有嚴重過敏者，可在門/住診由熟悉處理過敏症狀之醫事人員提供接種，並於接種後觀察646分鐘，無不適症狀再離開。五、 其他經醫師評估不適合接種者，不予' \u0006",
        "twd97x": 288340.69,
        "twd97y": 2760324.15,
        "經度": 121.379682,
        "緯度": 24.95028
      }
    },
    {
      "type": "Feature",
      "geometry": {
        "type": "Point",
        "coordinates": [
          121.427075,
          24.994751
        ]
      },
      "properties": {
        "no": 3530000000.0,
        "name": "柯盈賢小兒科診所",
        "tel": "2686-9185",
        "address": "新北市樹林區保安里樹新路41號",
        "type": "診所",
        "remark": "如要接種，請先致電詢問疫苗庫存",
        "reservation": "電話、現場",
        "own_expense": "是",
        "division": "小兒科",
        "notice": "接種禁忌一、已知對疫苗的成份有過敏者，不予接種。二、過去注射曾經發生嚴重不良反應者，不予接種。接種注意事項一、 發燒或正患有急性中重疾病者，宜待病情穩定後再接種。二、 出生未滿6個月，因無使用效益及安全性等臨床資料，故不予接種。三、 先前接種本疫苗6週內曾發生Guillain-Barr? 症候群(GBS)者，宜請醫師評估。四、已知對「蛋」之蛋白質有嚴重過敏者，可在門/住診由熟悉處理過敏症狀之醫事人員提供接種，並於接種後觀察647分鐘，無不適症狀再離開。五、 其他經醫師評估不適合接種者，不予' \u0006",
        "twd97x": 293111.1,
        "twd97y": 2765264.16,
        "經度": 121.427075,
        "緯度": 24.994751
      }
    },
    {
      "type": "Feature",
      "geometry": {
        "type": "Point",
        "coordinates": [
          121.422588,
          24.994675
        ]
      },
      "properties": {
        "no": 3530000000.0,
        "name": "莊豐如診所",
        "tel": "2683-0108",
        "address": "新北市樹林區復興路18號",
        "type": "診所",
        "remark": "如要接種，請先致電詢問疫苗庫存",
        "reservation": "電話、現場",
        "own_expense": "是",
        "division": "家醫科",
        "notice": "接種禁忌一、已知對疫苗的成份有過敏者，不予接種。二、過去注射曾經發生嚴重不良反應者，不予接種。接種注意事項一、 發燒或正患有急性中重疾病者，宜待病情穩定後再接種。二、 出生未滿6個月，因無使用效益及安全性等臨床資料，故不予接種。三、 先前接種本疫苗6週內曾發生Guillain-Barr? 症候群(GBS)者，宜請醫師評估。四、已知對「蛋」之蛋白質有嚴重過敏者，可在門/住診由熟悉處理過敏症狀之醫事人員提供接種，並於接種後觀察648分鐘，無不適症狀再離開。五、 其他經醫師評估不適合接種者，不予' \u0006",
        "twd97x": 292658.15,
        "twd97y": 2765254.29,
        "經度": 121.422588,
        "緯度": 24.994675
      }
    },
    {
      "type": "Feature",
      "geometry": {
        "type": "Point",
        "coordinates": [
          121.4218,
          24.995794
        ]
      },
      "properties": {
        "no": 3530000000.0,
        "name": "惠生保安婦幼診所",
        "tel": "8687-5678",
        "address": "新北市樹林區保安街一段190號",
        "type": "診所",
        "remark": "如要接種，請先致電詢問疫苗庫存",
        "reservation": "網路、電話、現場",
        "own_expense": "是",
        "division": "婦產科.小兒科.產後護理之家",
        "notice": "接種禁忌一、已知對疫苗的成份有過敏者，不予接種。二、過去注射曾經發生嚴重不良反應者，不予接種。接種注意事項一、 發燒或正患有急性中重疾病者，宜待病情穩定後再接種。二、 出生未滿6個月，因無使用效益及安全性等臨床資料，故不予接種。三、 先前接種本疫苗6週內曾發生Guillain-Barr? 症候群(GBS)者，宜請醫師評估。四、已知對「蛋」之蛋白質有嚴重過敏者，可在門/住診由熟悉處理過敏症狀之醫事人員提供接種，並於接種後觀察649分鐘，無不適症狀再離開。五、 其他經醫師評估不適合接種者，不予' \u0006",
        "twd97x": 292578.21,
        "twd97y": 2765378.02,
        "經度": 121.4218,
        "緯度": 24.995794
      }
    },
    {
      "type": "Feature",
      "geometry": {
        "type": "Point",
        "coordinates": [
          121.418194,
          24.980153
        ]
      },
      "properties": {
        "no": 3530000000.0,
        "name": "揚昇診所",
        "tel": "8686-9771",
        "address": "新北市樹林區太元街21號1樓",
        "type": "診所",
        "remark": "如要接種，請先致電詢問疫苗庫存",
        "reservation": "現場",
        "own_expense": "否",
        "division": "復健科",
        "notice": "接種禁忌一、已知對疫苗的成份有過敏者，不予接種。二、過去注射曾經發生嚴重不良反應者，不予接種。接種注意事項一、 發燒或正患有急性中重疾病者，宜待病情穩定後再接種。二、 出生未滿6個月，因無使用效益及安全性等臨床資料，故不予接種。三、 先前接種本疫苗6週內曾發生Guillain-Barr? 症候群(GBS)者，宜請醫師評估。四、已知對「蛋」之蛋白質有嚴重過敏者，可在門/住診由熟悉處理過敏症狀之醫事人員提供接種，並於接種後觀察650分鐘，無不適症狀再離開。五、 其他經醫師評估不適合接種者，不予' \u0006",
        "twd97x": 292219.61,
        "twd97y": 2763644.4,
        "經度": 121.418194,
        "緯度": 24.980153
      }
    },
    {
      "type": "Feature",
      "geometry": {
        "type": "Point",
        "coordinates": [
          121.418303,
          24.980858
        ]
      },
      "properties": {
        "no": 3530000000.0,
        "name": "遠祺婦產科診所",
        "tel": "8686-5966",
        "address": "新北市樹林區中華路112號",
        "type": "診所",
        "remark": "如要接種，請先致電詢問疫苗庫存",
        "reservation": "電話、現場",
        "own_expense": "是",
        "division": "婦產科.小兒科.產後護理之家",
        "notice": "接種禁忌一、已知對疫苗的成份有過敏者，不予接種。二、過去注射曾經發生嚴重不良反應者，不予接種。接種注意事項一、 發燒或正患有急性中重疾病者，宜待病情穩定後再接種。二、 出生未滿6個月，因無使用效益及安全性等臨床資料，故不予接種。三、 先前接種本疫苗6週內曾發生Guillain-Barr? 症候群(GBS)者，宜請醫師評估。四、已知對「蛋」之蛋白質有嚴重過敏者，可在門/住診由熟悉處理過敏症狀之醫事人員提供接種，並於接種後觀察651分鐘，無不適症狀再離開。五、 其他經醫師評估不適合接種者，不予' \u0006",
        "twd97x": 292230.36,
        "twd97y": 2763722.47,
        "經度": 121.418303,
        "緯度": 24.980858
      }
    },
    {
      "type": "Feature",
      "geometry": {
        "type": "Point",
        "coordinates": [
          121.423912,
          24.992526
        ]
      },
      "properties": {
        "no": 3530000000.0,
        "name": "樹林泰新診所",
        "tel": "2687-4410",
        "address": "新北市樹林區中山路一段30號",
        "type": "診所",
        "remark": "如要接種，請先致電詢問疫苗庫存",
        "reservation": "現場",
        "own_expense": "否",
        "division": "內科",
        "notice": "接種禁忌一、已知對疫苗的成份有過敏者，不予接種。二、過去注射曾經發生嚴重不良反應者，不予接種。接種注意事項一、 發燒或正患有急性中重疾病者，宜待病情穩定後再接種。二、 出生未滿6個月，因無使用效益及安全性等臨床資料，故不予接種。三、 先前接種本疫苗6週內曾發生Guillain-Barr? 症候群(GBS)者，宜請醫師評估。四、已知對「蛋」之蛋白質有嚴重過敏者，可在門/住診由熟悉處理過敏症狀之醫事人員提供接種，並於接種後觀察652分鐘，無不適症狀再離開。五、 其他經醫師評估不適合接種者，不予' \u0006",
        "twd97x": 292792.6,
        "twd97y": 2765016.64,
        "經度": 121.423912,
        "緯度": 24.992526
      }
    },
    {
      "type": "Feature",
      "geometry": {
        "type": "Point",
        "coordinates": [
          121.465356,
          25.012172
        ]
      },
      "properties": {
        "no": 2330000000.0,
        "name": "雙溪區衛生所",
        "tel": "2493-1211",
        "address": "新北市新基南路18號",
        "type": "衛生所",
        "remark": "如要接種，請先致電詢問疫苗庫存",
        "reservation": "電話、現場",
        "own_expense": "否",
        "division": "一般西醫科",
        "notice": "接種禁忌一、已知對疫苗的成份有過敏者，不予接種。二、過去注射曾經發生嚴重不良反應者，不予接種。接種注意事項一、 發燒或正患有急性中重疾病者，宜待病情穩定後再接種。二、 出生未滿6個月，因無使用效益及安全性等臨床資料，故不予接種。三、 先前接種本疫苗6週內曾發生Guillain-Barr? 症候群(GBS)者，宜請醫師評估。四、已知對「蛋」之蛋白質有嚴重過敏者，可在門/住診由熟悉處理過敏症狀之醫事人員提供接種，並於接種後觀察653分鐘，無不適症狀再離開。五、 其他經醫師評估不適合接種者，不予' \u0006",
        "twd97x": 296968.74,
        "twd97y": 2767206.41,
        "經度": 121.465356,
        "緯度": 25.012172
      }
    },
    {
      "type": "Feature",
      "geometry": {
        "type": "Point",
        "coordinates": [
          121.465356,
          25.012172
        ]
      },
      "properties": {
        "no": 2330000000.0,
        "name": "蘆洲區衛生所",
        "tel": "2281-2011",
        "address": "新北市中央路58號",
        "type": "衛生所",
        "remark": "如要接種，請先致電詢問疫苗庫存",
        "reservation": "現場",
        "own_expense": "否",
        "division": "不分科(家醫科)",
        "notice": "接種禁忌一、已知對疫苗的成份有過敏者，不予接種。二、過去注射曾經發生嚴重不良反應者，不予接種。接種注意事項一、 發燒或正患有急性中重疾病者，宜待病情穩定後再接種。二、 出生未滿6個月，因無使用效益及安全性等臨床資料，故不予接種。三、 先前接種本疫苗6週內曾發生Guillain-Barr? 症候群(GBS)者，宜請醫師評估。四、已知對「蛋」之蛋白質有嚴重過敏者，可在門/住診由熟悉處理過敏症狀之醫事人員提供接種，並於接種後觀察654分鐘，無不適症狀再離開。五、 其他經醫師評估不適合接種者，不予' \u0006",
        "twd97x": 296968.74,
        "twd97y": 2767206.41,
        "經度": 121.465356,
        "緯度": 25.012172
      }
    },
    {
      "type": "Feature",
      "geometry": {
        "type": "Point",
        "coordinates": [
          121.465356,
          25.012172
        ]
      },
      "properties": {
        "no": 3530000000.0,
        "name": "丁良文內科",
        "tel": "8282-2809",
        "address": "新北市長安街30號",
        "type": "診所",
        "remark": "如要接種，請先致電詢問疫苗庫存",
        "reservation": "現場",
        "own_expense": "是",
        "division": "內科",
        "notice": "接種禁忌一、已知對疫苗的成份有過敏者，不予接種。二、過去注射曾經發生嚴重不良反應者，不予接種。接種注意事項一、 發燒或正患有急性中重疾病者，宜待病情穩定後再接種。二、 出生未滿6個月，因無使用效益及安全性等臨床資料，故不予接種。三、 先前接種本疫苗6週內曾發生Guillain-Barr? 症候群(GBS)者，宜請醫師評估。四、已知對「蛋」之蛋白質有嚴重過敏者，可在門/住診由熟悉處理過敏症狀之醫事人員提供接種，並於接種後觀察655分鐘，無不適症狀再離開。五、 其他經醫師評估不適合接種者，不予' \u0006",
        "twd97x": 296968.74,
        "twd97y": 2767206.41,
        "經度": 121.465356,
        "緯度": 25.012172
      }
    },
    {
      "type": "Feature",
      "geometry": {
        "type": "Point",
        "coordinates": [
          121.465356,
          25.012172
        ]
      },
      "properties": {
        "no": 3530000000.0,
        "name": "人安診所",
        "tel": "2288-1661",
        "address": "新北市民權路133號1樓",
        "type": "診所",
        "remark": "如要接種，請先致電詢問疫苗庫存",
        "reservation": "電話、現場",
        "own_expense": "否",
        "division": "一般科",
        "notice": "接種禁忌一、已知對疫苗的成份有過敏者，不予接種。二、過去注射曾經發生嚴重不良反應者，不予接種。接種注意事項一、 發燒或正患有急性中重疾病者，宜待病情穩定後再接種。二、 出生未滿6個月，因無使用效益及安全性等臨床資料，故不予接種。三、 先前接種本疫苗6週內曾發生Guillain-Barr? 症候群(GBS)者，宜請醫師評估。四、已知對「蛋」之蛋白質有嚴重過敏者，可在門/住診由熟悉處理過敏症狀之醫事人員提供接種，並於接種後觀察656分鐘，無不適症狀再離開。五、 其他經醫師評估不適合接種者，不予' \u0006",
        "twd97x": 296968.74,
        "twd97y": 2767206.41,
        "經度": 121.465356,
        "緯度": 25.012172
      }
    },
    {
      "type": "Feature",
      "geometry": {
        "type": "Point",
        "coordinates": [
          121.465356,
          25.012172
        ]
      },
      "properties": {
        "no": 3530000000.0,
        "name": "上安診所",
        "tel": "2282-5101",
        "address": "新北市長榮路381號",
        "type": "診所",
        "remark": "如要接種，請先致電詢問疫苗庫存",
        "reservation": "現場",
        "own_expense": "是",
        "division": "家醫科",
        "notice": "接種禁忌一、已知對疫苗的成份有過敏者，不予接種。二、過去注射曾經發生嚴重不良反應者，不予接種。接種注意事項一、 發燒或正患有急性中重疾病者，宜待病情穩定後再接種。二、 出生未滿6個月，因無使用效益及安全性等臨床資料，故不予接種。三、 先前接種本疫苗6週內曾發生Guillain-Barr? 症候群(GBS)者，宜請醫師評估。四、已知對「蛋」之蛋白質有嚴重過敏者，可在門/住診由熟悉處理過敏症狀之醫事人員提供接種，並於接種後觀察657分鐘，無不適症狀再離開。五、 其他經醫師評估不適合接種者，不予' \u0006",
        "twd97x": 296968.74,
        "twd97y": 2767206.41,
        "經度": 121.465356,
        "緯度": 25.012172
      }
    },
    {
      "type": "Feature",
      "geometry": {
        "type": "Point",
        "coordinates": [
          121.465356,
          25.012172
        ]
      },
      "properties": {
        "no": 3530000000.0,
        "name": "大安診所",
        "tel": "8285-7182",
        "address": "新北市長安街283號",
        "type": "診所",
        "remark": "如要接種，請先致電詢問疫苗庫存",
        "reservation": "現場",
        "own_expense": "是",
        "division": "家醫科",
        "notice": "接種禁忌一、已知對疫苗的成份有過敏者，不予接種。二、過去注射曾經發生嚴重不良反應者，不予接種。接種注意事項一、 發燒或正患有急性中重疾病者，宜待病情穩定後再接種。二、 出生未滿6個月，因無使用效益及安全性等臨床資料，故不予接種。三、 先前接種本疫苗6週內曾發生Guillain-Barr? 症候群(GBS)者，宜請醫師評估。四、已知對「蛋」之蛋白質有嚴重過敏者，可在門/住診由熟悉處理過敏症狀之醫事人員提供接種，並於接種後觀察658分鐘，無不適症狀再離開。五、 其他經醫師評估不適合接種者，不予' \u0006",
        "twd97x": 296968.74,
        "twd97y": 2767206.41,
        "經度": 121.465356,
        "緯度": 25.012172
      }
    },
    {
      "type": "Feature",
      "geometry": {
        "type": "Point",
        "coordinates": [
          121.465356,
          25.012172
        ]
      },
      "properties": {
        "no": 3530000000.0,
        "name": "六福診所",
        "tel": "8285-2066",
        "address": "新北市中正路45號1樓",
        "type": "診所",
        "remark": "如要接種，請先致電詢問疫苗庫存",
        "reservation": "電話、現場",
        "own_expense": "是",
        "division": "一般/內科",
        "notice": "接種禁忌一、已知對疫苗的成份有過敏者，不予接種。二、過去注射曾經發生嚴重不良反應者，不予接種。接種注意事項一、 發燒或正患有急性中重疾病者，宜待病情穩定後再接種。二、 出生未滿6個月，因無使用效益及安全性等臨床資料，故不予接種。三、 先前接種本疫苗6週內曾發生Guillain-Barr? 症候群(GBS)者，宜請醫師評估。四、已知對「蛋」之蛋白質有嚴重過敏者，可在門/住診由熟悉處理過敏症狀之醫事人員提供接種，並於接種後觀察659分鐘，無不適症狀再離開。五、 其他經醫師評估不適合接種者，不予' \u0006",
        "twd97x": 296968.74,
        "twd97y": 2767206.41,
        "經度": 121.465356,
        "緯度": 25.012172
      }
    },
    {
      "type": "Feature",
      "geometry": {
        "type": "Point",
        "coordinates": [
          121.465356,
          25.012172
        ]
      },
      "properties": {
        "no": 3530000000.0,
        "name": "弘一診所",
        "tel": "8286-0000",
        "address": "新北市重陽街82號",
        "type": "診所",
        "remark": "如要接種，請先致電詢問疫苗庫存",
        "reservation": "現場",
        "own_expense": "否",
        "division": "耳鼻喉科",
        "notice": "接種禁忌一、已知對疫苗的成份有過敏者，不予接種。二、過去注射曾經發生嚴重不良反應者，不予接種。接種注意事項一、 發燒或正患有急性中重疾病者，宜待病情穩定後再接種。二、 出生未滿6個月，因無使用效益及安全性等臨床資料，故不予接種。三、 先前接種本疫苗6週內曾發生Guillain-Barr? 症候群(GBS)者，宜請醫師評估。四、已知對「蛋」之蛋白質有嚴重過敏者，可在門/住診由熟悉處理過敏症狀之醫事人員提供接種，並於接種後觀察660分鐘，無不適症狀再離開。五、 其他經醫師評估不適合接種者，不予' \u0006",
        "twd97x": 296968.74,
        "twd97y": 2767206.41,
        "經度": 121.465356,
        "緯度": 25.012172
      }
    },
    {
      "type": "Feature",
      "geometry": {
        "type": "Point",
        "coordinates": [
          121.465356,
          25.012172
        ]
      },
      "properties": {
        "no": 3530000000.0,
        "name": "本一診所",
        "tel": "2283-6622",
        "address": "新北市長榮路43之1號",
        "type": "診所",
        "remark": "如要接種，請先致電詢問疫苗庫存",
        "reservation": "網路、傳真、現場",
        "own_expense": "是",
        "division": "小兒科",
        "notice": "接種禁忌一、已知對疫苗的成份有過敏者，不予接種。二、過去注射曾經發生嚴重不良反應者，不予接種。接種注意事項一、 發燒或正患有急性中重疾病者，宜待病情穩定後再接種。二、 出生未滿6個月，因無使用效益及安全性等臨床資料，故不予接種。三、 先前接種本疫苗6週內曾發生Guillain-Barr? 症候群(GBS)者，宜請醫師評估。四、已知對「蛋」之蛋白質有嚴重過敏者，可在門/住診由熟悉處理過敏症狀之醫事人員提供接種，並於接種後觀察661分鐘，無不適症狀再離開。五、 其他經醫師評估不適合接種者，不予' \u0006",
        "twd97x": 296968.74,
        "twd97y": 2767206.41,
        "經度": 121.465356,
        "緯度": 25.012172
      }
    },
    {
      "type": "Feature",
      "geometry": {
        "type": "Point",
        "coordinates": [
          121.465356,
          25.012172
        ]
      },
      "properties": {
        "no": 3530000000.0,
        "name": "民族骨科診所",
        "tel": "8252-8707",
        "address": "新北市民族路87號",
        "type": "診所",
        "remark": "如要接種，請先致電詢問疫苗庫存",
        "reservation": "電話、現場",
        "own_expense": "是",
        "division": "骨科",
        "notice": "接種禁忌一、已知對疫苗的成份有過敏者，不予接種。二、過去注射曾經發生嚴重不良反應者，不予接種。接種注意事項一、 發燒或正患有急性中重疾病者，宜待病情穩定後再接種。二、 出生未滿6個月，因無使用效益及安全性等臨床資料，故不予接種。三、 先前接種本疫苗6週內曾發生Guillain-Barr? 症候群(GBS)者，宜請醫師評估。四、已知對「蛋」之蛋白質有嚴重過敏者，可在門/住診由熟悉處理過敏症狀之醫事人員提供接種，並於接種後觀察662分鐘，無不適症狀再離開。五、 其他經醫師評估不適合接種者，不予' \u0006",
        "twd97x": 296968.74,
        "twd97y": 2767206.41,
        "經度": 121.465356,
        "緯度": 25.012172
      }
    },
    {
      "type": "Feature",
      "geometry": {
        "type": "Point",
        "coordinates": [
          121.465356,
          25.012172
        ]
      },
      "properties": {
        "no": 3530000000.0,
        "name": "民族診所",
        "tel": "8285-7866",
        "address": "新北市民族路53號",
        "type": "診所",
        "remark": "如要接種，請先致電詢問疫苗庫存",
        "reservation": "電話、現場",
        "own_expense": "是",
        "division": "一般科",
        "notice": "接種禁忌一、已知對疫苗的成份有過敏者，不予接種。二、過去注射曾經發生嚴重不良反應者，不予接種。接種注意事項一、 發燒或正患有急性中重疾病者，宜待病情穩定後再接種。二、 出生未滿6個月，因無使用效益及安全性等臨床資料，故不予接種。三、 先前接種本疫苗6週內曾發生Guillain-Barr? 症候群(GBS)者，宜請醫師評估。四、已知對「蛋」之蛋白質有嚴重過敏者，可在門/住診由熟悉處理過敏症狀之醫事人員提供接種，並於接種後觀察663分鐘，無不適症狀再離開。五、 其他經醫師評估不適合接種者，不予' \u0006",
        "twd97x": 296968.74,
        "twd97y": 2767206.41,
        "經度": 121.465356,
        "緯度": 25.012172
      }
    },
    {
      "type": "Feature",
      "geometry": {
        "type": "Point",
        "coordinates": [
          121.465356,
          25.012172
        ]
      },
      "properties": {
        "no": 3530000000.0,
        "name": "永全診所",
        "tel": "2289-0332",
        "address": "新北市中山一路241號",
        "type": "診所",
        "remark": "如要接種，請先致電詢問疫苗庫存",
        "reservation": "現場",
        "own_expense": "是",
        "division": "內科",
        "notice": "接種禁忌一、已知對疫苗的成份有過敏者，不予接種。二、過去注射曾經發生嚴重不良反應者，不予接種。接種注意事項一、 發燒或正患有急性中重疾病者，宜待病情穩定後再接種。二、 出生未滿6個月，因無使用效益及安全性等臨床資料，故不予接種。三、 先前接種本疫苗6週內曾發生Guillain-Barr? 症候群(GBS)者，宜請醫師評估。四、已知對「蛋」之蛋白質有嚴重過敏者，可在門/住診由熟悉處理過敏症狀之醫事人員提供接種，並於接種後觀察664分鐘，無不適症狀再離開。五、 其他經醫師評估不適合接種者，不予' \u0006",
        "twd97x": 296968.74,
        "twd97y": 2767206.41,
        "經度": 121.465356,
        "緯度": 25.012172
      }
    },
    {
      "type": "Feature",
      "geometry": {
        "type": "Point",
        "coordinates": [
          121.465356,
          25.012172
        ]
      },
      "properties": {
        "no": 1530000000.0,
        "name": "全民醫院",
        "tel": "2282-1576",
        "address": "新北市三民路7號",
        "type": "地區醫院",
        "remark": "如要接種，請先致電詢問疫苗庫存",
        "reservation": "現場",
        "own_expense": "否",
        "division": "家醫科、外科",
        "notice": "接種禁忌一、已知對疫苗的成份有過敏者，不予接種。二、過去注射曾經發生嚴重不良反應者，不予接種。接種注意事項一、 發燒或正患有急性中重疾病者，宜待病情穩定後再接種。二、 出生未滿6個月，因無使用效益及安全性等臨床資料，故不予接種。三、 先前接種本疫苗6週內曾發生Guillain-Barr? 症候群(GBS)者，宜請醫師評估。四、已知對「蛋」之蛋白質有嚴重過敏者，可在門/住診由熟悉處理過敏症狀之醫事人員提供接種，並於接種後觀察665分鐘，無不適症狀再離開。五、 其他經醫師評估不適合接種者，不予' \u0006",
        "twd97x": 296968.74,
        "twd97y": 2767206.41,
        "經度": 121.465356,
        "緯度": 25.012172
      }
    },
    {
      "type": "Feature",
      "geometry": {
        "type": "Point",
        "coordinates": [
          121.465356,
          25.012172
        ]
      },
      "properties": {
        "no": 3530000000.0,
        "name": "李明哲診所",
        "tel": "2288-5110",
        "address": "新北市信義路246號1樓",
        "type": "診所",
        "remark": "如要接種，請先致電詢問疫苗庫存",
        "reservation": "電話、現場",
        "own_expense": "否",
        "division": "小兒科",
        "notice": "接種禁忌一、已知對疫苗的成份有過敏者，不予接種。二、過去注射曾經發生嚴重不良反應者，不予接種。接種注意事項一、 發燒或正患有急性中重疾病者，宜待病情穩定後再接種。二、 出生未滿6個月，因無使用效益及安全性等臨床資料，故不予接種。三、 先前接種本疫苗6週內曾發生Guillain-Barr? 症候群(GBS)者，宜請醫師評估。四、已知對「蛋」之蛋白質有嚴重過敏者，可在門/住診由熟悉處理過敏症狀之醫事人員提供接種，並於接種後觀察666分鐘，無不適症狀再離開。五、 其他經醫師評估不適合接種者，不予' \u0006",
        "twd97x": 296968.74,
        "twd97y": 2767206.41,
        "經度": 121.465356,
        "緯度": 25.012172
      }
    },
    {
      "type": "Feature",
      "geometry": {
        "type": "Point",
        "coordinates": [
          121.465356,
          25.012172
        ]
      },
      "properties": {
        "no": 3530000000.0,
        "name": "杏東診所",
        "tel": "2281-6090",
        "address": "新北市中正路9號",
        "type": "診所",
        "remark": "如要接種，請先致電詢問疫苗庫存",
        "reservation": "網路、電話、傳真、現場",
        "own_expense": "是",
        "division": "小兒科",
        "notice": "接種禁忌一、已知對疫苗的成份有過敏者，不予接種。二、過去注射曾經發生嚴重不良反應者，不予接種。接種注意事項一、 發燒或正患有急性中重疾病者，宜待病情穩定後再接種。二、 出生未滿6個月，因無使用效益及安全性等臨床資料，故不予接種。三、 先前接種本疫苗6週內曾發生Guillain-Barr? 症候群(GBS)者，宜請醫師評估。四、已知對「蛋」之蛋白質有嚴重過敏者，可在門/住診由熟悉處理過敏症狀之醫事人員提供接種，並於接種後觀察667分鐘，無不適症狀再離開。五、 其他經醫師評估不適合接種者，不予' \u0006",
        "twd97x": 296968.74,
        "twd97y": 2767206.41,
        "經度": 121.465356,
        "緯度": 25.012172
      }
    },
    {
      "type": "Feature",
      "geometry": {
        "type": "Point",
        "coordinates": [
          121.465356,
          25.012172
        ]
      },
      "properties": {
        "no": 3530000000.0,
        "name": "兒樂吉診所",
        "tel": "2281-2787",
        "address": "新北市民族路267號1樓",
        "type": "診所",
        "remark": "如要接種，請先致電詢問疫苗庫存",
        "reservation": "電話、現場",
        "own_expense": "是",
        "division": "小兒科",
        "notice": "接種禁忌一、已知對疫苗的成份有過敏者，不予接種。二、過去注射曾經發生嚴重不良反應者，不予接種。接種注意事項一、 發燒或正患有急性中重疾病者，宜待病情穩定後再接種。二、 出生未滿6個月，因無使用效益及安全性等臨床資料，故不予接種。三、 先前接種本疫苗6週內曾發生Guillain-Barr? 症候群(GBS)者，宜請醫師評估。四、已知對「蛋」之蛋白質有嚴重過敏者，可在門/住診由熟悉處理過敏症狀之醫事人員提供接種，並於接種後觀察668分鐘，無不適症狀再離開。五、 其他經醫師評估不適合接種者，不予' \u0006",
        "twd97x": 296968.74,
        "twd97y": 2767206.41,
        "經度": 121.465356,
        "緯度": 25.012172
      }
    },
    {
      "type": "Feature",
      "geometry": {
        "type": "Point",
        "coordinates": [
          121.465356,
          25.012172
        ]
      },
      "properties": {
        "no": 3530000000.0,
        "name": "宜興診所",
        "tel": "8281-3008",
        "address": "新北市永樂街38巷42弄6號",
        "type": "診所",
        "remark": "如要接種，請先致電詢問疫苗庫存",
        "reservation": "電話、現場",
        "own_expense": "否",
        "division": "內科",
        "notice": "接種禁忌一、已知對疫苗的成份有過敏者，不予接種。二、過去注射曾經發生嚴重不良反應者，不予接種。接種注意事項一、 發燒或正患有急性中重疾病者，宜待病情穩定後再接種。二、 出生未滿6個月，因無使用效益及安全性等臨床資料，故不予接種。三、 先前接種本疫苗6週內曾發生Guillain-Barr? 症候群(GBS)者，宜請醫師評估。四、已知對「蛋」之蛋白質有嚴重過敏者，可在門/住診由熟悉處理過敏症狀之醫事人員提供接種，並於接種後觀察669分鐘，無不適症狀再離開。五、 其他經醫師評估不適合接種者，不予' \u0006",
        "twd97x": 296968.74,
        "twd97y": 2767206.41,
        "經度": 121.465356,
        "緯度": 25.012172
      }
    },
    {
      "type": "Feature",
      "geometry": {
        "type": "Point",
        "coordinates": [
          121.465356,
          25.012172
        ]
      },
      "properties": {
        "no": 3530000000.0,
        "name": "欣宥婦產科",
        "tel": "8283-8555",
        "address": "新北市長榮路58號9樓",
        "type": "診所",
        "remark": "如要接種，請先致電詢問疫苗庫存",
        "reservation": "網路",
        "own_expense": "否",
        "division": "婦產科",
        "notice": "接種禁忌一、已知對疫苗的成份有過敏者，不予接種。二、過去注射曾經發生嚴重不良反應者，不予接種。接種注意事項一、 發燒或正患有急性中重疾病者，宜待病情穩定後再接種。二、 出生未滿6個月，因無使用效益及安全性等臨床資料，故不予接種。三、 先前接種本疫苗6週內曾發生Guillain-Barr? 症候群(GBS)者，宜請醫師評估。四、已知對「蛋」之蛋白質有嚴重過敏者，可在門/住診由熟悉處理過敏症狀之醫事人員提供接種，並於接種後觀察670分鐘，無不適症狀再離開。五、 其他經醫師評估不適合接種者，不予' \u0006",
        "twd97x": 296968.74,
        "twd97y": 2767206.41,
        "經度": 121.465356,
        "緯度": 25.012172
      }
    },
    {
      "type": "Feature",
      "geometry": {
        "type": "Point",
        "coordinates": [
          121.465356,
          25.012172
        ]
      },
      "properties": {
        "no": 3530000000.0,
        "name": "長榮耳鼻喉科",
        "tel": "2282-3350",
        "address": "新北市長榮路15號",
        "type": "診所",
        "remark": "如要接種，請先致電詢問疫苗庫存",
        "reservation": "電話、現場",
        "own_expense": "否",
        "division": "耳鼻喉科",
        "notice": "接種禁忌一、已知對疫苗的成份有過敏者，不予接種。二、過去注射曾經發生嚴重不良反應者，不予接種。接種注意事項一、 發燒或正患有急性中重疾病者，宜待病情穩定後再接種。二、 出生未滿6個月，因無使用效益及安全性等臨床資料，故不予接種。三、 先前接種本疫苗6週內曾發生Guillain-Barr? 症候群(GBS)者，宜請醫師評估。四、已知對「蛋」之蛋白質有嚴重過敏者，可在門/住診由熟悉處理過敏症狀之醫事人員提供接種，並於接種後觀察671分鐘，無不適症狀再離開。五、 其他經醫師評估不適合接種者，不予' \u0006",
        "twd97x": 296968.74,
        "twd97y": 2767206.41,
        "經度": 121.465356,
        "緯度": 25.012172
      }
    },
    {
      "type": "Feature",
      "geometry": {
        "type": "Point",
        "coordinates": [
          121.465356,
          25.012172
        ]
      },
      "properties": {
        "no": 3530000000.0,
        "name": "俊亨婦產科",
        "tel": "2283-8077、2283-8078",
        "address": "新北市中山二路135號",
        "type": "診所",
        "remark": "如要接種，請先致電詢問疫苗庫存",
        "reservation": "電話、現場",
        "own_expense": "是",
        "division": "婦產科",
        "notice": "接種禁忌一、已知對疫苗的成份有過敏者，不予接種。二、過去注射曾經發生嚴重不良反應者，不予接種。接種注意事項一、 發燒或正患有急性中重疾病者，宜待病情穩定後再接種。二、 出生未滿6個月，因無使用效益及安全性等臨床資料，故不予接種。三、 先前接種本疫苗6週內曾發生Guillain-Barr? 症候群(GBS)者，宜請醫師評估。四、已知對「蛋」之蛋白質有嚴重過敏者，可在門/住診由熟悉處理過敏症狀之醫事人員提供接種，並於接種後觀察672分鐘，無不適症狀再離開。五、 其他經醫師評估不適合接種者，不予' \u0006",
        "twd97x": 296968.74,
        "twd97y": 2767206.41,
        "經度": 121.465356,
        "緯度": 25.012172
      }
    },
    {
      "type": "Feature",
      "geometry": {
        "type": "Point",
        "coordinates": [
          121.465356,
          25.012172
        ]
      },
      "properties": {
        "no": 3530000000.0,
        "name": "宥生婦產科",
        "tel": "2283-5758",
        "address": "新北市三民路13-15號",
        "type": "診所",
        "remark": "如要接種，請先致電詢問疫苗庫存",
        "reservation": "現場",
        "own_expense": "是",
        "division": "婦產科",
        "notice": "接種禁忌一、已知對疫苗的成份有過敏者，不予接種。二、過去注射曾經發生嚴重不良反應者，不予接種。接種注意事項一、 發燒或正患有急性中重疾病者，宜待病情穩定後再接種。二、 出生未滿6個月，因無使用效益及安全性等臨床資料，故不予接種。三、 先前接種本疫苗6週內曾發生Guillain-Barr? 症候群(GBS)者，宜請醫師評估。四、已知對「蛋」之蛋白質有嚴重過敏者，可在門/住診由熟悉處理過敏症狀之醫事人員提供接種，並於接種後觀察673分鐘，無不適症狀再離開。五、 其他經醫師評估不適合接種者，不予' \u0006",
        "twd97x": 296968.74,
        "twd97y": 2767206.41,
        "經度": 121.465356,
        "緯度": 25.012172
      }
    },
    {
      "type": "Feature",
      "geometry": {
        "type": "Point",
        "coordinates": [
          121.465356,
          25.012172
        ]
      },
      "properties": {
        "no": 3530000000.0,
        "name": "宥宥小兒科",
        "tel": "2289-8555",
        "address": "新北市長榮路175號1樓",
        "type": "診所",
        "remark": "如要接種，請先致電詢問疫苗庫存",
        "reservation": "電話、現場",
        "own_expense": "是",
        "division": "小兒科",
        "notice": "接種禁忌一、已知對疫苗的成份有過敏者，不予接種。二、過去注射曾經發生嚴重不良反應者，不予接種。接種注意事項一、 發燒或正患有急性中重疾病者，宜待病情穩定後再接種。二、 出生未滿6個月，因無使用效益及安全性等臨床資料，故不予接種。三、 先前接種本疫苗6週內曾發生Guillain-Barr? 症候群(GBS)者，宜請醫師評估。四、已知對「蛋」之蛋白質有嚴重過敏者，可在門/住診由熟悉處理過敏症狀之醫事人員提供接種，並於接種後觀察674分鐘，無不適症狀再離開。五、 其他經醫師評估不適合接種者，不予' \u0006",
        "twd97x": 296968.74,
        "twd97y": 2767206.41,
        "經度": 121.465356,
        "緯度": 25.012172
      }
    },
    {
      "type": "Feature",
      "geometry": {
        "type": "Point",
        "coordinates": [
          121.465356,
          25.012172
        ]
      },
      "properties": {
        "no": 3530000000.0,
        "name": "宥宥婦幼診所",
        "tel": "8283-9090",
        "address": "新北市長榮路58號",
        "type": "診所",
        "remark": "如要接種，請先致電詢問疫苗庫存",
        "reservation": "網路、現場",
        "own_expense": "是",
        "division": "婦產科、小兒科",
        "notice": "接種禁忌一、已知對疫苗的成份有過敏者，不予接種。二、過去注射曾經發生嚴重不良反應者，不予接種。接種注意事項一、 發燒或正患有急性中重疾病者，宜待病情穩定後再接種。二、 出生未滿6個月，因無使用效益及安全性等臨床資料，故不予接種。三、 先前接種本疫苗6週內曾發生Guillain-Barr? 症候群(GBS)者，宜請醫師評估。四、已知對「蛋」之蛋白質有嚴重過敏者，可在門/住診由熟悉處理過敏症狀之醫事人員提供接種，並於接種後觀察675分鐘，無不適症狀再離開。五、 其他經醫師評估不適合接種者，不予' \u0006",
        "twd97x": 296968.74,
        "twd97y": 2767206.41,
        "經度": 121.465356,
        "緯度": 25.012172
      }
    },
    {
      "type": "Feature",
      "geometry": {
        "type": "Point",
        "coordinates": [
          121.465356,
          25.012172
        ]
      },
      "properties": {
        "no": 3530000000.0,
        "name": "祐康診所",
        "tel": "8285-5805",
        "address": "新北市復興路200號1樓",
        "type": "診所",
        "remark": "如要接種，請先致電詢問疫苗庫存",
        "reservation": "電話、現場",
        "own_expense": "否",
        "division": "內科",
        "notice": "接種禁忌一、已知對疫苗的成份有過敏者，不予接種。二、過去注射曾經發生嚴重不良反應者，不予接種。接種注意事項一、 發燒或正患有急性中重疾病者，宜待病情穩定後再接種。二、 出生未滿6個月，因無使用效益及安全性等臨床資料，故不予接種。三、 先前接種本疫苗6週內曾發生Guillain-Barr? 症候群(GBS)者，宜請醫師評估。四、已知對「蛋」之蛋白質有嚴重過敏者，可在門/住診由熟悉處理過敏症狀之醫事人員提供接種，並於接種後觀察676分鐘，無不適症狀再離開。五、 其他經醫師評估不適合接種者，不予' \u0006",
        "twd97x": 296968.74,
        "twd97y": 2767206.41,
        "經度": 121.465356,
        "緯度": 25.012172
      }
    },
    {
      "type": "Feature",
      "geometry": {
        "type": "Point",
        "coordinates": [
          121.465356,
          25.012172
        ]
      },
      "properties": {
        "no": 3530000000.0,
        "name": "許修平診所",
        "tel": "2288-1202",
        "address": "新北市長安街290號",
        "type": "診所",
        "remark": "如要接種，請先致電詢問疫苗庫存",
        "reservation": "網路、電話、現場",
        "own_expense": "是",
        "division": "小兒科",
        "notice": "接種禁忌一、已知對疫苗的成份有過敏者，不予接種。二、過去注射曾經發生嚴重不良反應者，不予接種。接種注意事項一、 發燒或正患有急性中重疾病者，宜待病情穩定後再接種。二、 出生未滿6個月，因無使用效益及安全性等臨床資料，故不予接種。三、 先前接種本疫苗6週內曾發生Guillain-Barr? 症候群(GBS)者，宜請醫師評估。四、已知對「蛋」之蛋白質有嚴重過敏者，可在門/住診由熟悉處理過敏症狀之醫事人員提供接種，並於接種後觀察677分鐘，無不適症狀再離開。五、 其他經醫師評估不適合接種者，不予' \u0006",
        "twd97x": 296968.74,
        "twd97y": 2767206.41,
        "經度": 121.465356,
        "緯度": 25.012172
      }
    },
    {
      "type": "Feature",
      "geometry": {
        "type": "Point",
        "coordinates": [
          121.465356,
          25.012172
        ]
      },
      "properties": {
        "no": 3530000000.0,
        "name": "湯瑪士親子兒科診所",
        "tel": "2288-5523",
        "address": "新北市民族路377號",
        "type": "診所",
        "remark": "如要接種，請先致電詢問疫苗庫存",
        "reservation": "電話、現場",
        "own_expense": "是",
        "division": "小兒科",
        "notice": "接種禁忌一、已知對疫苗的成份有過敏者，不予接種。二、過去注射曾經發生嚴重不良反應者，不予接種。接種注意事項一、 發燒或正患有急性中重疾病者，宜待病情穩定後再接種。二、 出生未滿6個月，因無使用效益及安全性等臨床資料，故不予接種。三、 先前接種本疫苗6週內曾發生Guillain-Barr? 症候群(GBS)者，宜請醫師評估。四、已知對「蛋」之蛋白質有嚴重過敏者，可在門/住診由熟悉處理過敏症狀之醫事人員提供接種，並於接種後觀察678分鐘，無不適症狀再離開。五、 其他經醫師評估不適合接種者，不予' \u0006",
        "twd97x": 296968.74,
        "twd97y": 2767206.41,
        "經度": 121.465356,
        "緯度": 25.012172
      }
    },
    {
      "type": "Feature",
      "geometry": {
        "type": "Point",
        "coordinates": [
          121.465356,
          25.012172
        ]
      },
      "properties": {
        "no": 3530000000.0,
        "name": "華安診所",
        "tel": "2848-1500",
        "address": "新北市長安街205號",
        "type": "診所",
        "remark": "如要接種，請先致電詢問疫苗庫存",
        "reservation": "電話、現場",
        "own_expense": "是",
        "division": "一般科",
        "notice": "接種禁忌一、已知對疫苗的成份有過敏者，不予接種。二、過去注射曾經發生嚴重不良反應者，不予接種。接種注意事項一、 發燒或正患有急性中重疾病者，宜待病情穩定後再接種。二、 出生未滿6個月，因無使用效益及安全性等臨床資料，故不予接種。三、 先前接種本疫苗6週內曾發生Guillain-Barr? 症候群(GBS)者，宜請醫師評估。四、已知對「蛋」之蛋白質有嚴重過敏者，可在門/住診由熟悉處理過敏症狀之醫事人員提供接種，並於接種後觀察679分鐘，無不適症狀再離開。五、 其他經醫師評估不適合接種者，不予' \u0006",
        "twd97x": 296968.74,
        "twd97y": 2767206.41,
        "經度": 121.465356,
        "緯度": 25.012172
      }
    },
    {
      "type": "Feature",
      "geometry": {
        "type": "Point",
        "coordinates": [
          121.465356,
          25.012172
        ]
      },
      "properties": {
        "no": 3530000000.0,
        "name": "華邦診所",
        "tel": "2283-3990",
        "address": "新北市中正路119－1號",
        "type": "診所",
        "remark": "如要接種，請先致電詢問疫苗庫存",
        "reservation": "現場",
        "own_expense": "否",
        "division": "一般科",
        "notice": "接種禁忌一、已知對疫苗的成份有過敏者，不予接種。二、過去注射曾經發生嚴重不良反應者，不予接種。接種注意事項一、 發燒或正患有急性中重疾病者，宜待病情穩定後再接種。二、 出生未滿6個月，因無使用效益及安全性等臨床資料，故不予接種。三、 先前接種本疫苗6週內曾發生Guillain-Barr? 症候群(GBS)者，宜請醫師評估。四、已知對「蛋」之蛋白質有嚴重過敏者，可在門/住診由熟悉處理過敏症狀之醫事人員提供接種，並於接種後觀察680分鐘，無不適症狀再離開。五、 其他經醫師評估不適合接種者，不予' \u0006",
        "twd97x": 296968.74,
        "twd97y": 2767206.41,
        "經度": 121.465356,
        "緯度": 25.012172
      }
    },
    {
      "type": "Feature",
      "geometry": {
        "type": "Point",
        "coordinates": [
          121.465356,
          25.012172
        ]
      },
      "properties": {
        "no": 3530000000.0,
        "name": "詠贊聯合診所",
        "tel": "8283-1555",
        "address": "新北市中正路85號",
        "type": "診所",
        "remark": "如要接種，請先致電詢問疫苗庫存",
        "reservation": "電話、現場",
        "own_expense": "是",
        "division": "內科/家醫",
        "notice": "接種禁忌一、已知對疫苗的成份有過敏者，不予接種。二、過去注射曾經發生嚴重不良反應者，不予接種。接種注意事項一、 發燒或正患有急性中重疾病者，宜待病情穩定後再接種。二、 出生未滿6個月，因無使用效益及安全性等臨床資料，故不予接種。三、 先前接種本疫苗6週內曾發生Guillain-Barr? 症候群(GBS)者，宜請醫師評估。四、已知對「蛋」之蛋白質有嚴重過敏者，可在門/住診由熟悉處理過敏症狀之醫事人員提供接種，並於接種後觀察681分鐘，無不適症狀再離開。五、 其他經醫師評估不適合接種者，不予' \u0006",
        "twd97x": 296968.74,
        "twd97y": 2767206.41,
        "經度": 121.465356,
        "緯度": 25.012172
      }
    },
    {
      "type": "Feature",
      "geometry": {
        "type": "Point",
        "coordinates": [
          121.465356,
          25.012172
        ]
      },
      "properties": {
        "no": 3530000000.0,
        "name": "超群耳鼻喉科",
        "tel": "2848-7547",
        "address": "新北市長安街78號",
        "type": "診所",
        "remark": "如要接種，請先致電詢問疫苗庫存",
        "reservation": "電話、現場",
        "own_expense": "是",
        "division": "耳鼻喉科",
        "notice": "接種禁忌一、已知對疫苗的成份有過敏者，不予接種。二、過去注射曾經發生嚴重不良反應者，不予接種。接種注意事項一、 發燒或正患有急性中重疾病者，宜待病情穩定後再接種。二、 出生未滿6個月，因無使用效益及安全性等臨床資料，故不予接種。三、 先前接種本疫苗6週內曾發生Guillain-Barr? 症候群(GBS)者，宜請醫師評估。四、已知對「蛋」之蛋白質有嚴重過敏者，可在門/住診由熟悉處理過敏症狀之醫事人員提供接種，並於接種後觀察682分鐘，無不適症狀再離開。五、 其他經醫師評估不適合接種者，不予' \u0006",
        "twd97x": 296968.74,
        "twd97y": 2767206.41,
        "經度": 121.465356,
        "緯度": 25.012172
      }
    },
    {
      "type": "Feature",
      "geometry": {
        "type": "Point",
        "coordinates": [
          121.465356,
          25.012172
        ]
      },
      "properties": {
        "no": 3530000000.0,
        "name": "集賢內科診所",
        "tel": "2288-6720",
        "address": "新北市集賢路356號1樓",
        "type": "診所",
        "remark": "如要接種，請先致電詢問疫苗庫存",
        "reservation": "現場",
        "own_expense": "否",
        "division": "內科",
        "notice": "接種禁忌一、已知對疫苗的成份有過敏者，不予接種。二、過去注射曾經發生嚴重不良反應者，不予接種。接種注意事項一、 發燒或正患有急性中重疾病者，宜待病情穩定後再接種。二、 出生未滿6個月，因無使用效益及安全性等臨床資料，故不予接種。三、 先前接種本疫苗6週內曾發生Guillain-Barr? 症候群(GBS)者，宜請醫師評估。四、已知對「蛋」之蛋白質有嚴重過敏者，可在門/住診由熟悉處理過敏症狀之醫事人員提供接種，並於接種後觀察683分鐘，無不適症狀再離開。五、 其他經醫師評估不適合接種者，不予' \u0006",
        "twd97x": 296968.74,
        "twd97y": 2767206.41,
        "經度": 121.465356,
        "緯度": 25.012172
      }
    },
    {
      "type": "Feature",
      "geometry": {
        "type": "Point",
        "coordinates": [
          121.465356,
          25.012172
        ]
      },
      "properties": {
        "no": 3530000000.0,
        "name": "愛林鑫北診所",
        "tel": "2288-3277",
        "address": "新北市長榮路98號1樓",
        "type": "診所",
        "remark": "如要接種，請先致電詢問疫苗庫存",
        "reservation": "網路、電話、現場",
        "own_expense": "是",
        "division": "小兒科",
        "notice": "接種禁忌一、已知對疫苗的成份有過敏者，不予接種。二、過去注射曾經發生嚴重不良反應者，不予接種。接種注意事項一、 發燒或正患有急性中重疾病者，宜待病情穩定後再接種。二、 出生未滿6個月，因無使用效益及安全性等臨床資料，故不予接種。三、 先前接種本疫苗6週內曾發生Guillain-Barr? 症候群(GBS)者，宜請醫師評估。四、已知對「蛋」之蛋白質有嚴重過敏者，可在門/住診由熟悉處理過敏症狀之醫事人員提供接種，並於接種後觀察684分鐘，無不適症狀再離開。五、 其他經醫師評估不適合接種者，不予' \u0006",
        "twd97x": 296968.74,
        "twd97y": 2767206.41,
        "經度": 121.465356,
        "緯度": 25.012172
      }
    },
    {
      "type": "Feature",
      "geometry": {
        "type": "Point",
        "coordinates": [
          121.465356,
          25.012172
        ]
      },
      "properties": {
        "no": 3530000000.0,
        "name": "愛樂親子診所",
        "tel": "2283-2288",
        "address": "新北市長樂路168號",
        "type": "診所",
        "remark": "如要接種，請先致電詢問疫苗庫存",
        "reservation": "網路、電話、現場",
        "own_expense": "是",
        "division": "小兒科",
        "notice": "接種禁忌一、已知對疫苗的成份有過敏者，不予接種。二、過去注射曾經發生嚴重不良反應者，不予接種。接種注意事項一、 發燒或正患有急性中重疾病者，宜待病情穩定後再接種。二、 出生未滿6個月，因無使用效益及安全性等臨床資料，故不予接種。三、 先前接種本疫苗6週內曾發生Guillain-Barr? 症候群(GBS)者，宜請醫師評估。四、已知對「蛋」之蛋白質有嚴重過敏者，可在門/住診由熟悉處理過敏症狀之醫事人員提供接種，並於接種後觀察685分鐘，無不適症狀再離開。五、 其他經醫師評估不適合接種者，不予' \u0006",
        "twd97x": 296968.74,
        "twd97y": 2767206.41,
        "經度": 121.465356,
        "緯度": 25.012172
      }
    },
    {
      "type": "Feature",
      "geometry": {
        "type": "Point",
        "coordinates": [
          121.465356,
          25.012172
        ]
      },
      "properties": {
        "no": 3530000000.0,
        "name": "愛麗生婦產科",
        "tel": "2289-0666",
        "address": "新北市長榮路323號",
        "type": "診所",
        "remark": "如要接種，請先致電詢問疫苗庫存",
        "reservation": "現場",
        "own_expense": "是",
        "division": "婦產科、小兒科",
        "notice": "接種禁忌一、已知對疫苗的成份有過敏者，不予接種。二、過去注射曾經發生嚴重不良反應者，不予接種。接種注意事項一、 發燒或正患有急性中重疾病者，宜待病情穩定後再接種。二、 出生未滿6個月，因無使用效益及安全性等臨床資料，故不予接種。三、 先前接種本疫苗6週內曾發生Guillain-Barr? 症候群(GBS)者，宜請醫師評估。四、已知對「蛋」之蛋白質有嚴重過敏者，可在門/住診由熟悉處理過敏症狀之醫事人員提供接種，並於接種後觀察686分鐘，無不適症狀再離開。五、 其他經醫師評估不適合接種者，不予' \u0006",
        "twd97x": 296968.74,
        "twd97y": 2767206.41,
        "經度": 121.465356,
        "緯度": 25.012172
      }
    },
    {
      "type": "Feature",
      "geometry": {
        "type": "Point",
        "coordinates": [
          121.465356,
          25.012172
        ]
      },
      "properties": {
        "no": 3530000000.0,
        "name": "福田診所",
        "tel": "8286-3287",
        "address": "新北市中正路140號",
        "type": "診所",
        "remark": "如要接種，請先致電詢問疫苗庫存",
        "reservation": "現場",
        "own_expense": "是",
        "division": "內科",
        "notice": "接種禁忌一、已知對疫苗的成份有過敏者，不予接種。二、過去注射曾經發生嚴重不良反應者，不予接種。接種注意事項一、 發燒或正患有急性中重疾病者，宜待病情穩定後再接種。二、 出生未滿6個月，因無使用效益及安全性等臨床資料，故不予接種。三、 先前接種本疫苗6週內曾發生Guillain-Barr? 症候群(GBS)者，宜請醫師評估。四、已知對「蛋」之蛋白質有嚴重過敏者，可在門/住診由熟悉處理過敏症狀之醫事人員提供接種，並於接種後觀察687分鐘，無不適症狀再離開。五、 其他經醫師評估不適合接種者，不予' \u0006",
        "twd97x": 296968.74,
        "twd97y": 2767206.41,
        "經度": 121.465356,
        "緯度": 25.012172
      }
    },
    {
      "type": "Feature",
      "geometry": {
        "type": "Point",
        "coordinates": [
          121.465356,
          25.012172
        ]
      },
      "properties": {
        "no": 3530000000.0,
        "name": "劉安邦耳鼻喉科",
        "tel": "2281-9819",
        "address": "新北市中正路13號",
        "type": "診所",
        "remark": "如要接種，請先致電詢問疫苗庫存",
        "reservation": "電話、現場",
        "own_expense": "否",
        "division": "耳鼻喉科",
        "notice": "接種禁忌一、已知對疫苗的成份有過敏者，不予接種。二、過去注射曾經發生嚴重不良反應者，不予接種。接種注意事項一、 發燒或正患有急性中重疾病者，宜待病情穩定後再接種。二、 出生未滿6個月，因無使用效益及安全性等臨床資料，故不予接種。三、 先前接種本疫苗6週內曾發生Guillain-Barr? 症候群(GBS)者，宜請醫師評估。四、已知對「蛋」之蛋白質有嚴重過敏者，可在門/住診由熟悉處理過敏症狀之醫事人員提供接種，並於接種後觀察688分鐘，無不適症狀再離開。五、 其他經醫師評估不適合接種者，不予' \u0006",
        "twd97x": 296968.74,
        "twd97y": 2767206.41,
        "經度": 121.465356,
        "緯度": 25.012172
      }
    },
    {
      "type": "Feature",
      "geometry": {
        "type": "Point",
        "coordinates": [
          121.465356,
          25.012172
        ]
      },
      "properties": {
        "no": 3530000000.0,
        "name": "德興診所",
        "tel": "2285-5598",
        "address": "新北市復興路67號",
        "type": "診所",
        "remark": "如要接種，請先致電詢問疫苗庫存",
        "reservation": "電話、現場",
        "own_expense": "是",
        "division": "一般科",
        "notice": "接種禁忌一、已知對疫苗的成份有過敏者，不予接種。二、過去注射曾經發生嚴重不良反應者，不予接種。接種注意事項一、 發燒或正患有急性中重疾病者，宜待病情穩定後再接種。二、 出生未滿6個月，因無使用效益及安全性等臨床資料，故不予接種。三、 先前接種本疫苗6週內曾發生Guillain-Barr? 症候群(GBS)者，宜請醫師評估。四、已知對「蛋」之蛋白質有嚴重過敏者，可在門/住診由熟悉處理過敏症狀之醫事人員提供接種，並於接種後觀察689分鐘，無不適症狀再離開。五、 其他經醫師評估不適合接種者，不予' \u0006",
        "twd97x": 296968.74,
        "twd97y": 2767206.41,
        "經度": 121.465356,
        "緯度": 25.012172
      }
    },
    {
      "type": "Feature",
      "geometry": {
        "type": "Point",
        "coordinates": [
          121.465356,
          25.012172
        ]
      },
      "properties": {
        "no": 3530000000.0,
        "name": "鴻文耳鼻喉科診所",
        "tel": "8286-3222",
        "address": "新北市集賢路224巷14號",
        "type": "診所",
        "remark": "如要接種，請先致電詢問疫苗庫存",
        "reservation": "電話、現場",
        "own_expense": "是",
        "division": "耳鼻喉科",
        "notice": "接種禁忌一、已知對疫苗的成份有過敏者，不予接種。二、過去注射曾經發生嚴重不良反應者，不予接種。接種注意事項一、 發燒或正患有急性中重疾病者，宜待病情穩定後再接種。二、 出生未滿6個月，因無使用效益及安全性等臨床資料，故不予接種。三、 先前接種本疫苗6週內曾發生Guillain-Barr? 症候群(GBS)者，宜請醫師評估。四、已知對「蛋」之蛋白質有嚴重過敏者，可在門/住診由熟悉處理過敏症狀之醫事人員提供接種，並於接種後觀察690分鐘，無不適症狀再離開。五、 其他經醫師評估不適合接種者，不予' \u0006",
        "twd97x": 296968.74,
        "twd97y": 2767206.41,
        "經度": 121.465356,
        "緯度": 25.012172
      }
    },
    {
      "type": "Feature",
      "geometry": {
        "type": "Point",
        "coordinates": [
          121.465356,
          25.012172
        ]
      },
      "properties": {
        "no": 3530000000.0,
        "name": "顏鴻仁家庭醫學科診所",
        "tel": "2283-1488",
        "address": "新北市民族路127號",
        "type": "診所",
        "remark": "如要接種，請先致電詢問疫苗庫存",
        "reservation": "電話、現場",
        "own_expense": "否",
        "division": "家醫科",
        "notice": "接種禁忌一、已知對疫苗的成份有過敏者，不予接種。二、過去注射曾經發生嚴重不良反應者，不予接種。接種注意事項一、 發燒或正患有急性中重疾病者，宜待病情穩定後再接種。二、 出生未滿6個月，因無使用效益及安全性等臨床資料，故不予接種。三、 先前接種本疫苗6週內曾發生Guillain-Barr? 症候群(GBS)者，宜請醫師評估。四、已知對「蛋」之蛋白質有嚴重過敏者，可在門/住診由熟悉處理過敏症狀之醫事人員提供接種，並於接種後觀察691分鐘，無不適症狀再離開。五、 其他經醫師評估不適合接種者，不予' \u0006",
        "twd97x": 296968.74,
        "twd97y": 2767206.41,
        "經度": 121.465356,
        "緯度": 25.012172
      }
    },
    {
      "type": "Feature",
      "geometry": {
        "type": "Point",
        "coordinates": [
          121.465356,
          25.012172
        ]
      },
      "properties": {
        "no": 3530000000.0,
        "name": "蘆洲立民診所",
        "tel": "8282-2192",
        "address": "新北市民族路90號",
        "type": "診所",
        "remark": "如要接種，請先致電詢問疫苗庫存",
        "reservation": "現場",
        "own_expense": "是",
        "division": "家醫科",
        "notice": "接種禁忌一、已知對疫苗的成份有過敏者，不予接種。二、過去注射曾經發生嚴重不良反應者，不予接種。接種注意事項一、 發燒或正患有急性中重疾病者，宜待病情穩定後再接種。二、 出生未滿6個月，因無使用效益及安全性等臨床資料，故不予接種。三、 先前接種本疫苗6週內曾發生Guillain-Barr? 症候群(GBS)者，宜請醫師評估。四、已知對「蛋」之蛋白質有嚴重過敏者，可在門/住診由熟悉處理過敏症狀之醫事人員提供接種，並於接種後觀察692分鐘，無不適症狀再離開。五、 其他經醫師評估不適合接種者，不予' \u0006",
        "twd97x": 296968.74,
        "twd97y": 2767206.41,
        "經度": 121.465356,
        "緯度": 25.012172
      }
    },
    {
      "type": "Feature",
      "geometry": {
        "type": "Point",
        "coordinates": [
          121.465356,
          25.012172
        ]
      },
      "properties": {
        "no": 3530000000.0,
        "name": "蘆洲成功耳鼻喉科",
        "tel": "8283-3588",
        "address": "新北市長安街253號",
        "type": "診所",
        "remark": "如要接種，請先致電詢問疫苗庫存",
        "reservation": "電話、現場",
        "own_expense": "否",
        "division": "耳鼻喉科",
        "notice": "接種禁忌一、已知對疫苗的成份有過敏者，不予接種。二、過去注射曾經發生嚴重不良反應者，不予接種。接種注意事項一、 發燒或正患有急性中重疾病者，宜待病情穩定後再接種。二、 出生未滿6個月，因無使用效益及安全性等臨床資料，故不予接種。三、 先前接種本疫苗6週內曾發生Guillain-Barr? 症候群(GBS)者，宜請醫師評估。四、已知對「蛋」之蛋白質有嚴重過敏者，可在門/住診由熟悉處理過敏症狀之醫事人員提供接種，並於接種後觀察693分鐘，無不適症狀再離開。五、 其他經醫師評估不適合接種者，不予' \u0006",
        "twd97x": 296968.74,
        "twd97y": 2767206.41,
        "經度": 121.465356,
        "緯度": 25.012172
      }
    },
    {
      "type": "Feature",
      "geometry": {
        "type": "Point",
        "coordinates": [
          121.465356,
          25.012172
        ]
      },
      "properties": {
        "no": 3530000000.0,
        "name": "蘆洲李耳鼻喉科",
        "tel": "8281-5488",
        "address": "新北市中華街63號1樓",
        "type": "診所",
        "remark": "如要接種，請先致電詢問疫苗庫存",
        "reservation": "電話、現場",
        "own_expense": "是",
        "division": "耳鼻喉科",
        "notice": "接種禁忌一、已知對疫苗的成份有過敏者，不予接種。二、過去注射曾經發生嚴重不良反應者，不予接種。接種注意事項一、 發燒或正患有急性中重疾病者，宜待病情穩定後再接種。二、 出生未滿6個月，因無使用效益及安全性等臨床資料，故不予接種。三、 先前接種本疫苗6週內曾發生Guillain-Barr? 症候群(GBS)者，宜請醫師評估。四、已知對「蛋」之蛋白質有嚴重過敏者，可在門/住診由熟悉處理過敏症狀之醫事人員提供接種，並於接種後觀察694分鐘，無不適症狀再離開。五、 其他經醫師評估不適合接種者，不予' \u0006",
        "twd97x": 296968.74,
        "twd97y": 2767206.41,
        "經度": 121.465356,
        "緯度": 25.012172
      }
    },
    {
      "type": "Feature",
      "geometry": {
        "type": "Point",
        "coordinates": [
          121.465356,
          25.012172
        ]
      },
      "properties": {
        "no": 3530000000.0,
        "name": "蘆洲現代耳鼻喉科",
        "tel": "8281-1112",
        "address": "新北市集賢路306號",
        "type": "診所",
        "remark": "如要接種，請先致電詢問疫苗庫存",
        "reservation": "現場",
        "own_expense": "是",
        "division": "耳鼻喉科",
        "notice": "接種禁忌一、已知對疫苗的成份有過敏者，不予接種。二、過去注射曾經發生嚴重不良反應者，不予接種。接種注意事項一、 發燒或正患有急性中重疾病者，宜待病情穩定後再接種。二、 出生未滿6個月，因無使用效益及安全性等臨床資料，故不予接種。三、 先前接種本疫苗6週內曾發生Guillain-Barr? 症候群(GBS)者，宜請醫師評估。四、已知對「蛋」之蛋白質有嚴重過敏者，可在門/住診由熟悉處理過敏症狀之醫事人員提供接種，並於接種後觀察695分鐘，無不適症狀再離開。五、 其他經醫師評估不適合接種者，不予' \u0006",
        "twd97x": 296968.74,
        "twd97y": 2767206.41,
        "經度": 121.465356,
        "緯度": 25.012172
      }
    },
    {
      "type": "Feature",
      "geometry": {
        "type": "Point",
        "coordinates": [
          121.465356,
          25.012172
        ]
      },
      "properties": {
        "no": 3530000000.0,
        "name": "蘆洲集賢耳鼻喉科",
        "tel": "8281-1112",
        "address": "新北市集賢路306號",
        "type": "診所",
        "remark": "如要接種，請先致電詢問疫苗庫存",
        "reservation": "現場",
        "own_expense": "是",
        "division": "耳鼻喉科",
        "notice": "接種禁忌一、已知對疫苗的成份有過敏者，不予接種。二、過去注射曾經發生嚴重不良反應者，不予接種。接種注意事項一、 發燒或正患有急性中重疾病者，宜待病情穩定後再接種。二、 出生未滿6個月，因無使用效益及安全性等臨床資料，故不予接種。三、 先前接種本疫苗6週內曾發生Guillain-Barr? 症候群(GBS)者，宜請醫師評估。四、已知對「蛋」之蛋白質有嚴重過敏者，可在門/住診由熟悉處理過敏症狀之醫事人員提供接種，並於接種後觀察696分鐘，無不適症狀再離開。五、 其他經醫師評估不適合接種者，不予' \u0006",
        "twd97x": 296968.74,
        "twd97y": 2767206.41,
        "經度": 121.465356,
        "緯度": 25.012172
      }
    },
    {
      "type": "Feature",
      "geometry": {
        "type": "Point",
        "coordinates": [
          121.465356,
          25.012172
        ]
      },
      "properties": {
        "no": 2330000000.0,
        "name": "鶯歌區衛生所",
        "tel": "2670-2304",
        "address": "新北市鶯歌區文化路389號(若因施工期程有異動請參考官網公告為主)",
        "type": "衛生所",
        "remark": "如要接種，請先致電詢問疫苗庫存",
        "reservation": "現場",
        "own_expense": "否",
        "division": "家庭醫學科 ",
        "notice": "接種禁忌一、已知對疫苗的成份有過敏者，不予接種。二、過去注射曾經發生嚴重不良反應者，不予接種。接種注意事項一、 發燒或正患有急性中重疾病者，宜待病情穩定後再接種。二、 出生未滿6個月，因無使用效益及安全性等臨床資料，故不予接種。三、 先前接種本疫苗6週內曾發生Guillain-Barr? 症候群(GBS)者，宜請醫師評估。四、已知對「蛋」之蛋白質有嚴重過敏者，可在門/住診由熟悉處理過敏症狀之醫事人員提供接種，並於接種後觀察697分鐘，無不適症狀再離開。五、 其他經醫師評估不適合接種者，不予' \u0006",
        "twd97x": 296968.74,
        "twd97y": 2767206.41,
        "經度": 121.465356,
        "緯度": 25.012172
      }
    },
    {
      "type": "Feature",
      "geometry": {
        "type": "Point",
        "coordinates": [
          121.349972,
          24.953389
        ]
      },
      "properties": {
        "no": 3530000000.0,
        "name": "怡兒診所",
        "tel": "2670-7200",
        "address": "新北市鶯歌區建國路173號",
        "type": "診所",
        "remark": "如要接種，請先致電詢問疫苗庫存",
        "reservation": "電話、現場",
        "own_expense": "是",
        "division": "內科 ",
        "notice": "接種禁忌一、已知對疫苗的成份有過敏者，不予接種。二、過去注射曾經發生嚴重不良反應者，不予接種。接種注意事項一、 發燒或正患有急性中重疾病者，宜待病情穩定後再接種。二、 出生未滿6個月，因無使用效益及安全性等臨床資料，故不予接種。三、 先前接種本疫苗6週內曾發生Guillain-Barr? 症候群(GBS)者，宜請醫師評估。四、已知對「蛋」之蛋白質有嚴重過敏者，可在門/住診由熟悉處理過敏症狀之醫事人員提供接種，並於接種後觀察698分鐘，無不適症狀再離開。五、 其他經醫師評估不適合接種者，不予' \u0006",
        "twd97x": 285339.63,
        "twd97y": 2760660.44,
        "經度": 121.349972,
        "緯度": 24.953389
      }
    },
    {
      "type": "Feature",
      "geometry": {
        "type": "Point",
        "coordinates": [
          121.35123,
          24.953076
        ]
      },
      "properties": {
        "no": 3530000000.0,
        "name": "金鶯診所",
        "tel": "2670-2559",
        "address": "新北市鶯歌區國慶街167號",
        "type": "診所",
        "remark": "如要接種，請先致電詢問疫苗庫存",
        "reservation": "現場",
        "own_expense": "是",
        "division": "兒科",
        "notice": "接種禁忌一、已知對疫苗的成份有過敏者，不予接種。二、過去注射曾經發生嚴重不良反應者，不予接種。接種注意事項一、 發燒或正患有急性中重疾病者，宜待病情穩定後再接種。二、 出生未滿6個月，因無使用效益及安全性等臨床資料，故不予接種。三、 先前接種本疫苗6週內曾發生Guillain-Barr? 症候群(GBS)者，宜請醫師評估。四、已知對「蛋」之蛋白質有嚴重過敏者，可在門/住診由熟悉處理過敏症狀之醫事人員提供接種，並於接種後觀察699分鐘，無不適症狀再離開。五、 其他經醫師評估不適合接種者，不予' \u0006",
        "twd97x": 285466.8,
        "twd97y": 2760626.09,
        "經度": 121.35123,
        "緯度": 24.953076
      }
    },
    {
      "type": "Feature",
      "geometry": {
        "type": "Point",
        "coordinates": [
          121.350963,
          24.953551
        ]
      },
      "properties": {
        "no": 3530000000.0,
        "name": "崇文診所",
        "tel": "2678-3366",
        "address": "新北市鶯歌區國慶街141號",
        "type": "診所",
        "remark": "如要接種，請先致電詢問疫苗庫存",
        "reservation": "電話、現場",
        "own_expense": "是",
        "division": "兒科、家庭醫學科",
        "notice": "接種禁忌一、已知對疫苗的成份有過敏者，不予接種。二、過去注射曾經發生嚴重不良反應者，不予接種。接種注意事項一、 發燒或正患有急性中重疾病者，宜待病情穩定後再接種。二、 出生未滿6個月，因無使用效益及安全性等臨床資料，故不予接種。三、 先前接種本疫苗6週內曾發生Guillain-Barr? 症候群(GBS)者，宜請醫師評估。四、已知對「蛋」之蛋白質有嚴重過敏者，可在門/住診由熟悉處理過敏症狀之醫事人員提供接種，並於接種後觀察700分鐘，無不適症狀再離開。五、 其他經醫師評估不適合接種者，不予' \u0006",
        "twd97x": 285439.74,
        "twd97y": 2760678.66,
        "經度": 121.350963,
        "緯度": 24.953551
      }
    },
    {
      "type": "Feature",
      "geometry": {
        "type": "Point",
        "coordinates": [
          121.351048,
          24.953381
        ]
      },
      "properties": {
        "no": 3530000000.0,
        "name": "慈德聯合診所",
        "tel": "2677-2600",
        "address": "新北市鶯歌區國慶街151號",
        "type": "診所",
        "remark": "如要接種，請先致電詢問疫苗庫存",
        "reservation": "電話、現場",
        "own_expense": "是",
        "division": "內科",
        "notice": "接種禁忌一、已知對疫苗的成份有過敏者，不予接種。二、過去注射曾經發生嚴重不良反應者，不予接種。接種注意事項一、 發燒或正患有急性中重疾病者，宜待病情穩定後再接種。二、 出生未滿6個月，因無使用效益及安全性等臨床資料，故不予接種。三、 先前接種本疫苗6週內曾發生Guillain-Barr? 症候群(GBS)者，宜請醫師評估。四、已知對「蛋」之蛋白質有嚴重過敏者，可在門/住診由熟悉處理過敏症狀之醫事人員提供接種，並於接種後觀察701分鐘，無不適症狀再離開。五、 其他經醫師評估不適合接種者，不予' \u0006",
        "twd97x": 285448.31,
        "twd97y": 2760659.88,
        "經度": 121.351048,
        "緯度": 24.953381
      }
    }
  ]
}